timestamp,deviceId,moistureRaw,moisturePercent,pumpOn,mode,rssi,uptimeMs,dryThreshold,wetThreshold,sessionId
2026-09-09 13:15:00+00:00,bench-01,2182,55.3,0,auto,-59.4,10000,35,65,2026-09-09-s1
2026-09-09 13:15:10+00:00,bench-01,2205,55.6,0,auto,-60.4,19996,35,65,2026-09-09-s1
2026-09-09 13:15:20+00:00,bench-01,2200,55.0,0,auto,-59.0,29995,35,65,2026-09-09-s1
2026-09-09 13:15:30+00:00,bench-01,2215,54.7,0,auto,-56.4,39998,35,65,2026-09-09-s1
2026-09-09 13:15:40+00:00,bench-01,2233,54.2,0,auto,-57.4,49996,35,65,2026-09-09-s1
2026-09-09 13:15:50+00:00,bench-01,2243,53.2,0,auto,-57.1,59993,35,65,2026-09-09-s1
2026-09-09 13:16:00+00:00,bench-01,2247,53.0,0,auto,-58.9,69990,35,65,2026-09-09-s1
2026-09-09 13:16:10+00:00,bench-01,2232,53.1,0,auto,-60.9,79992,35,65,2026-09-09-s1
2026-09-09 13:16:20+00:00,bench-01,2268,52.3,0,auto,-61.5,89996,35,65,2026-09-09-s1
2026-09-09 13:16:30+00:00,bench-01,2289,51.1,0,auto,-60.6,99993,35,65,2026-09-09-s1
2026-09-09 13:16:40+00:00,bench-01,2293,50.8,0,auto,-61.1,109989,35,65,2026-09-09-s1
2026-09-09 13:16:50+00:00,bench-01,2301,50.5,0,auto,-60.3,119984,35,65,2026-09-09-s1
2026-09-09 13:17:00+00:00,bench-01,2302,49.3,0,auto,-61.5,129982,35,65,2026-09-09-s1
2026-09-09 13:17:10+00:00,bench-01,2326,49.4,0,auto,-61.7,139986,35,65,2026-09-09-s1
2026-09-09 13:17:20+00:00,bench-01,2342,48.4,0,auto,-62.4,149985,35,65,2026-09-09-s1
2026-09-09 13:17:30+00:00,bench-01,2351,48.7,0,auto,-63.7,159988,35,65,2026-09-09-s1
2026-09-09 13:17:40+00:00,bench-01,2338,48.6,0,auto,-65.1,169990,35,65,2026-09-09-s1
2026-09-09 13:17:50+00:00,bench-01,2343,48.0,0,auto,-66.3,179986,35,65,2026-09-09-s1
2026-09-09 13:18:00+00:00,bench-01,2339,48.6,0,auto,-68.9,189989,35,65,2026-09-09-s1
2026-09-09 13:18:10+00:00,bench-01,2382,46.9,0,auto,-69.1,199986,35,65,2026-09-09-s1
2026-09-09 13:18:20+00:00,bench-01,2399,46.4,0,auto,-67.9,209987,35,65,2026-09-09-s1
2026-09-09 13:18:30+00:00,bench-01,2360,46.8,0,auto,-69.0,219991,35,65,2026-09-09-s1
2026-09-09 13:18:40+00:00,bench-01,2388,45.5,0,auto,-69.5,229988,35,65,2026-09-09-s1
2026-09-09 13:18:50+00:00,bench-01,2400,45.2,0,auto,-67.9,239987,35,65,2026-09-09-s1
2026-09-09 13:19:00+00:00,bench-01,2425,45.0,0,auto,-69.4,249991,35,65,2026-09-09-s1
2026-09-09 13:19:10+00:00,bench-01,2440,44.2,0,auto,-67.7,259988,35,65,2026-09-09-s1
2026-09-09 13:19:20+00:00,bench-01,2426,43.9,0,auto,-66.0,269985,35,65,2026-09-09-s1
2026-09-09 13:19:30+00:00,bench-01,2428,43.2,0,auto,-66.4,279981,35,65,2026-09-09-s1
2026-09-09 13:19:40+00:00,bench-01,2444,42.9,0,auto,-65.8,289979,35,65,2026-09-09-s1
2026-09-09 13:19:50+00:00,bench-01,2453,42.8,0,auto,-65.7,299983,35,65,2026-09-09-s1
2026-09-09 13:20:00+00:00,bench-01,2462,42.1,0,auto,-66.4,309986,35,65,2026-09-09-s1
2026-09-09 13:20:10+00:00,bench-01,2483,41.1,0,auto,-67.0,319981,35,65,2026-09-09-s1
2026-09-09 13:20:20+00:00,bench-01,2472,40.9,0,auto,-68.6,329985,35,65,2026-09-09-s1
2026-09-09 13:20:30+00:00,bench-01,2491,41.0,0,auto,-69.8,339987,35,65,2026-09-09-s1
2026-09-09 13:20:40+00:00,bench-01,2493,40.7,0,auto,-70.0,349989,35,65,2026-09-09-s1
2026-09-09 13:20:50+00:00,bench-01,2492,40.9,0,auto,-70.0,359984,35,65,2026-09-09-s1
2026-09-09 13:21:00+00:00,bench-01,2532,40.1,0,auto,-69.5,369981,35,65,2026-09-09-s1
2026-09-09 13:21:10+00:00,bench-01,2508,40.2,0,auto,-71.6,379976,35,65,2026-09-09-s1
2026-09-09 13:21:20+00:00,bench-01,2530,39.1,0,auto,-72.0,389978,35,65,2026-09-09-s1
2026-09-09 13:21:30+00:00,bench-01,2546,38.0,0,auto,-71.6,399974,35,65,2026-09-09-s1
2026-09-09 13:21:40+00:00,bench-01,2503,39.3,0,auto,-72.0,409973,35,65,2026-09-09-s1
2026-09-09 13:21:50+00:00,bench-01,2557,38.6,0,auto,-71.5,419971,35,65,2026-09-09-s1
2026-09-09 13:22:00+00:00,bench-01,2550,37.9,0,auto,-70.3,429966,35,65,2026-09-09-s1
2026-09-09 13:22:10+00:00,bench-01,2554,38.2,0,auto,-69.4,439963,35,65,2026-09-09-s1
2026-09-09 13:22:20+00:00,bench-01,2584,37.1,0,auto,-70.2,449967,35,65,2026-09-09-s1
2026-09-09 13:22:30+00:00,bench-01,2581,37.1,0,auto,-73.0,459971,35,65,2026-09-09-s1
2026-09-09 13:22:40+00:00,bench-01,2538,37.3,0,auto,-72.3,469973,35,65,2026-09-09-s1
2026-09-09 13:22:50+00:00,bench-01,2596,36.1,0,auto,-72.0,479969,35,65,2026-09-09-s1
2026-09-09 13:23:00+00:00,bench-01,2588,36.0,0,auto,-70.8,489969,35,65,2026-09-09-s1
2026-09-09 13:23:10+00:00,bench-01,2605,35.3,0,auto,-70.8,499968,35,65,2026-09-09-s1
2026-09-09 13:23:20+00:00,bench-01,2625,35.6,0,auto,-73.2,509967,35,65,2026-09-09-s1
2026-09-09 13:23:30+00:00,bench-01,2605,34.5,0,auto,-74.1,519967,35,65,2026-09-09-s1
2026-09-09 13:23:40+00:00,bench-01,2596,34.3,0,auto,-74.7,529969,35,65,2026-09-09-s1
2026-09-09 13:23:50+00:00,bench-01,2613,35.3,1,auto,-74.1,539972,35,65,2026-09-09-s1
2026-09-09 13:24:00+00:00,bench-01,2586,35.9,1,auto,-74.4,549967,35,65,2026-09-09-s1
2026-09-09 13:24:10+00:00,bench-01,2575,35.3,1,auto,-73.5,559962,35,65,2026-09-09-s1
2026-09-09 13:24:20+00:00,bench-01,2570,36.9,1,auto,-73.6,569962,35,65,2026-09-09-s1
2026-09-09 13:24:30+00:00,bench-01,2576,36.1,1,auto,-72.7,579964,35,65,2026-09-09-s1
2026-09-09 13:24:40+00:00,bench-01,2581,36.7,1,auto,-74.8,589963,35,65,2026-09-09-s1
2026-09-09 13:24:50+00:00,bench-01,2571,37.2,1,auto,-74.5,599959,35,65,2026-09-09-s1
2026-09-09 13:25:00+00:00,bench-01,2578,37.2,1,auto,-73.1,609955,35,65,2026-09-09-s1
2026-09-09 13:25:10+00:00,bench-01,2528,39.1,1,auto,-71.8,619951,35,65,2026-09-09-s1
2026-09-09 13:25:20+00:00,bench-01,2524,38.7,1,auto,-74.3,629952,35,65,2026-09-09-s1
2026-09-09 13:25:30+00:00,bench-01,2507,39.5,1,auto,-74.8,639950,35,65,2026-09-09-s1
2026-09-09 13:25:40+00:00,bench-01,2535,39.3,1,auto,-74.8,649950,35,65,2026-09-09-s1
2026-09-09 13:25:50+00:00,bench-01,2507,40.0,1,auto,-75.7,659948,35,65,2026-09-09-s1
2026-09-09 13:26:00+00:00,bench-01,2501,40.6,1,auto,-75.2,669947,35,65,2026-09-09-s1
2026-09-09 13:26:10+00:00,bench-01,2497,39.7,1,auto,-74.1,679943,35,65,2026-09-09-s1
2026-09-09 13:26:20+00:00,bench-01,2528,40.4,1,auto,-74.8,689945,35,65,2026-09-09-s1
2026-09-09 13:26:30+00:00,bench-01,2498,40.9,1,auto,-74.0,699946,35,65,2026-09-09-s1
2026-09-09 13:26:40+00:00,bench-01,2477,41.0,1,auto,-74.2,709946,35,65,2026-09-09-s1
2026-09-09 13:26:50+00:00,bench-01,2490,41.8,1,auto,-75.3,719945,35,65,2026-09-09-s1
2026-09-09 13:27:00+00:00,bench-01,2457,42.2,1,auto,-78.2,729940,35,65,2026-09-09-s1
2026-09-09 13:27:10+00:00,bench-01,2460,42.2,1,auto,-78.0,739935,35,65,2026-09-09-s1
2026-09-09 13:27:20+00:00,bench-01,2458,42.8,1,auto,-75.5,749933,35,65,2026-09-09-s1
2026-09-09 13:27:30+00:00,bench-01,2449,42.4,1,auto,-75.1,759933,35,65,2026-09-09-s1
2026-09-09 13:27:40+00:00,bench-01,2435,43.5,1,auto,-74.5,769932,35,65,2026-09-09-s1
2026-09-09 13:27:50+00:00,bench-01,2446,43.2,1,auto,-72.9,779930,35,65,2026-09-09-s1
2026-09-09 13:28:00+00:00,bench-01,2435,42.9,1,auto,-74.1,789925,35,65,2026-09-09-s1
2026-09-09 13:28:10+00:00,bench-01,2442,44.2,1,auto,-73.9,799921,35,65,2026-09-09-s1
2026-09-09 13:28:20+00:00,bench-01,2417,43.7,1,auto,-74.5,809924,35,65,2026-09-09-s1
2026-09-09 13:28:30+00:00,bench-01,2433,44.5,1,auto,-75.2,819928,35,65,2026-09-09-s1
2026-09-09 13:28:40+00:00,bench-01,2427,44.3,1,auto,-75.0,829930,35,65,2026-09-09-s1
2026-09-09 13:28:50+00:00,bench-01,2399,45.5,1,auto,-73.2,839932,35,65,2026-09-09-s1
2026-09-09 13:29:00+00:00,bench-01,2407,45.3,1,auto,-73.7,849933,35,65,2026-09-09-s1
2026-09-09 13:29:10+00:00,bench-01,2363,46.9,1,auto,-74.1,859934,35,65,2026-09-09-s1
2026-09-09 13:29:20+00:00,bench-01,2386,46.3,1,auto,-73.2,869934,35,65,2026-09-09-s1
2026-09-09 13:29:30+00:00,bench-01,2353,46.6,1,auto,-73.7,879938,35,65,2026-09-09-s1
2026-09-09 13:29:40+00:00,bench-01,2388,46.3,1,auto,-74.8,889942,35,65,2026-09-09-s1
2026-09-09 13:29:50+00:00,bench-01,2358,46.9,1,auto,-74.9,899943,35,65,2026-09-09-s1
2026-09-09 13:30:00+00:00,bench-01,2336,46.9,1,auto,-74.5,909938,35,65,2026-09-09-s1
2026-09-09 13:30:10+00:00,bench-01,2343,48.4,1,auto,-74.7,919935,35,65,2026-09-09-s1
2026-09-09 13:30:20+00:00,bench-01,2350,47.5,1,auto,-73.8,929933,35,65,2026-09-09-s1
2026-09-09 13:30:30+00:00,bench-01,2359,47.9,1,auto,-74.8,939929,35,65,2026-09-09-s1
2026-09-09 13:30:40+00:00,bench-01,2346,47.8,1,auto,-75.1,949932,35,65,2026-09-09-s1
2026-09-09 13:31:00+00:00,bench-01,2331,48.6,1,auto,-76.2,969927,35,65,2026-09-09-s1
2026-09-09 13:31:10+00:00,bench-01,2292,49.3,1,auto,-77.3,979926,35,65,2026-09-09-s1
2026-09-09 13:31:20+00:00,bench-01,2319,48.7,1,auto,-77.2,989927,35,65,2026-09-09-s1
2026-09-09 13:31:30+00:00,bench-01,2321,49.7,1,auto,-79.9,999922,35,65,2026-09-09-s1
2026-09-09 13:31:40+00:00,bench-01,2331,48.8,1,auto,-77.7,1009921,35,65,2026-09-09-s1
2026-09-09 13:31:50+00:00,bench-01,2300,49.6,1,auto,-75.6,1019917,35,65,2026-09-09-s1
2026-09-09 13:32:00+00:00,bench-01,2304,50.3,1,auto,-74.8,1029918,35,65,2026-09-09-s1
2026-09-09 13:32:10+00:00,bench-01,2294,50.2,1,auto,-72.8,1039916,35,65,2026-09-09-s1
2026-09-09 13:32:20+00:00,bench-01,2286,51.0,1,auto,-74.1,1049911,35,65,2026-09-09-s1
2026-09-09 13:32:30+00:00,bench-01,2314,50.6,1,auto,-74.1,1059907,35,65,2026-09-09-s1
2026-09-09 13:32:40+00:00,bench-01,2295,50.4,1,auto,-75.6,1069903,35,65,2026-09-09-s1
2026-09-09 13:32:50+00:00,bench-01,2288,51.4,1,auto,-75.6,1079900,35,65,2026-09-09-s1
2026-09-09 13:33:00+00:00,bench-01,2291,51.4,1,auto,-75.7,1089902,35,65,2026-09-09-s1
2026-09-09 13:33:10+00:00,bench-01,2283,51.2,1,auto,-76.5,1099906,35,65,2026-09-09-s1
2026-09-09 13:33:20+00:00,bench-01,2255,51.8,1,auto,-74.8,1109910,35,65,2026-09-09-s1
2026-09-09 13:33:30+00:00,bench-01,2284,51.1,1,auto,-74.9,1119913,35,65,2026-09-09-s1
2026-09-09 13:33:40+00:00,bench-01,2238,52.7,1,auto,-75.8,1129916,35,65,2026-09-09-s1
2026-09-09 13:33:50+00:00,bench-01,2283,52.2,1,auto,-73.7,1139918,35,65,2026-09-09-s1
2026-09-09 13:34:00+00:00,bench-01,2238,53.8,1,auto,-72.5,1149918,35,65,2026-09-09-s1
2026-09-09 13:34:10+00:00,bench-01,2247,52.9,1,auto,-72.0,1159922,35,65,2026-09-09-s1
2026-09-09 13:34:20+00:00,bench-01,2257,52.3,1,auto,-72.9,1169921,35,65,2026-09-09-s1
2026-09-09 13:34:30+00:00,bench-01,2247,53.0,1,auto,-72.0,1179918,35,65,2026-09-09-s1
2026-09-09 13:34:40+00:00,bench-01,2239,53.1,1,auto,-72.0,1189920,35,65,2026-09-09-s1
2026-09-09 13:34:50+00:00,bench-01,2251,52.8,1,auto,-72.5,1199924,35,65,2026-09-09-s1
2026-09-09 13:35:00+00:00,bench-01,2235,53.2,1,auto,-72.9,1209920,35,65,2026-09-09-s1
2026-09-09 13:35:10+00:00,bench-01,2248,53.0,1,auto,-73.1,1219923,35,65,2026-09-09-s1
2026-09-09 13:35:20+00:00,bench-01,2212,53.8,1,auto,-74.4,1229924,35,65,2026-09-09-s1
2026-09-09 13:35:30+00:00,bench-01,2228,54.5,1,auto,-75.5,1239920,35,65,2026-09-09-s1
2026-09-09 13:35:40+00:00,bench-01,2213,54.0,1,auto,-76.2,1249918,35,65,2026-09-09-s1
2026-09-09 13:35:50+00:00,bench-01,2219,54.3,1,auto,-75.7,1259918,35,65,2026-09-09-s1
2026-09-09 13:36:00+00:00,bench-01,2194,54.8,1,auto,-74.6,1269916,35,65,2026-09-09-s1
2026-09-09 13:36:10+00:00,bench-01,2202,55.2,1,auto,-74.2,1279912,35,65,2026-09-09-s1
2026-09-09 13:36:20+00:00,bench-01,2228,54.1,1,auto,-75.5,1289912,35,65,2026-09-09-s1
2026-09-09 13:36:30+00:00,bench-01,2208,55.0,1,auto,-75.4,1299907,35,65,2026-09-09-s1
2026-09-09 13:36:40+00:00,bench-01,2207,54.7,1,auto,-74.3,1309909,35,65,2026-09-09-s1
2026-09-09 13:36:50+00:00,bench-01,2179,55.6,1,auto,-73.0,1319905,35,65,2026-09-09-s1
2026-09-09 13:37:00+00:00,bench-01,2170,55.8,1,auto,-72.1,1329909,35,65,2026-09-09-s1
2026-09-09 13:37:10+00:00,bench-01,2185,55.6,1,auto,-70.3,1339912,35,65,2026-09-09-s1
2026-09-09 13:37:20+00:00,bench-01,2191,56.0,1,auto,-70.1,1349910,35,65,2026-09-09-s1
2026-09-09 13:37:30+00:00,bench-01,2177,56.3,1,auto,-69.3,1359909,35,65,2026-09-09-s1
2026-09-09 13:37:40+00:00,bench-01,2206,55.7,1,auto,-71.3,1369911,35,65,2026-09-09-s1
2026-09-09 13:37:50+00:00,bench-01,2186,56.2,1,auto,-70.9,1379908,35,65,2026-09-09-s1
2026-09-09 13:38:00+00:00,bench-01,2152,56.3,1,auto,-70.9,1389903,35,65,2026-09-09-s1
2026-09-09 13:38:10+00:00,bench-01,2162,56.7,1,auto,-69.8,1399901,35,65,2026-09-09-s1
2026-09-09 13:38:20+00:00,bench-01,2188,56.4,1,auto,-69.6,1409904,35,65,2026-09-09-s1
2026-09-09 13:38:30+00:00,bench-01,2178,56.5,1,auto,-69.9,1419902,35,65,2026-09-09-s1
2026-09-09 13:38:40+00:00,bench-01,2153,57.6,1,auto,-69.7,1429901,35,65,2026-09-09-s1
2026-09-09 13:38:50+00:00,bench-01,2144,57.6,1,auto,-71.0,1439901,35,65,2026-09-09-s1
2026-09-09 13:39:00+00:00,bench-01,2146,57.2,1,auto,-72.9,1449898,35,65,2026-09-09-s1
2026-09-09 13:39:10+00:00,bench-01,2174,57.3,1,auto,-73.1,1459894,35,65,2026-09-09-s1
2026-09-09 13:39:20+00:00,bench-01,2135,57.5,1,auto,-72.3,1469890,35,65,2026-09-09-s1
2026-09-09 13:39:30+00:00,bench-01,2136,58.0,1,auto,-72.4,1479889,35,65,2026-09-09-s1
2026-09-09 13:39:40+00:00,bench-01,2145,58.6,1,auto,-71.7,1489887,35,65,2026-09-09-s1
2026-09-09 13:39:50+00:00,bench-01,2162,57.8,1,auto,-69.9,1499888,35,65,2026-09-09-s1
2026-09-09 13:40:00+00:00,bench-01,2137,58.3,1,auto,-70.4,1509886,35,65,2026-09-09-s1
2026-09-09 13:40:10+00:00,bench-01,2138,58.1,1,auto,-70.7,1519886,35,65,2026-09-09-s1
2026-09-09 13:40:20+00:00,bench-01,2138,57.7,1,auto,-71.5,1529881,35,65,2026-09-09-s1
2026-09-09 13:40:30+00:00,bench-01,2128,58.7,1,auto,-69.4,1539876,35,65,2026-09-09-s1
2026-09-09 13:40:40+00:00,bench-01,2135,58.8,1,auto,-69.9,1549872,35,65,2026-09-09-s1
2026-09-09 13:40:50+00:00,bench-01,2115,59.0,1,auto,-69.8,1559868,35,65,2026-09-09-s1
2026-09-09 13:41:00+00:00,bench-01,2121,58.4,1,auto,-70.1,1569865,35,65,2026-09-09-s1
2026-09-09 13:41:10+00:00,bench-01,2099,59.9,1,auto,-71.4,1579867,35,65,2026-09-09-s1
2026-09-09 13:41:20+00:00,bench-01,2098,59.2,1,auto,-71.3,1589869,35,65,2026-09-09-s1
2026-09-09 13:41:30+00:00,bench-01,0,120.0,1,auto,-72.9,1599869,35,65,2026-09-09-s1
2026-09-09 13:41:40+00:00,bench-01,2111,60.2,1,auto,-72.0,1609872,35,65,2026-09-09-s1
2026-09-09 13:41:50+00:00,bench-01,2135,59.2,1,auto,-73.6,1619868,35,65,2026-09-09-s1
2026-09-09 13:42:00+00:00,bench-01,2105,59.4,1,auto,-70.9,1629867,35,65,2026-09-09-s1
2026-09-09 13:42:10+00:00,bench-01,2099,59.7,1,auto,-72.5,1639862,35,65,2026-09-09-s1
2026-09-09 13:42:20+00:00,bench-01,2118,60.0,1,auto,-71.6,1649858,35,65,2026-09-09-s1
2026-09-09 13:42:30+00:00,bench-01,2111,59.9,1,auto,-72.2,1659861,35,65,2026-09-09-s1
2026-09-09 13:42:40+00:00,bench-01,2103,60.2,1,auto,-72.2,1669865,35,65,2026-09-09-s1
2026-09-09 13:42:50+00:00,bench-01,2073,60.8,1,auto,-72.9,1679864,35,65,2026-09-09-s1
2026-09-09 13:43:00+00:00,bench-01,2078,60.3,1,auto,-71.0,1689863,35,65,2026-09-09-s1
2026-09-09 13:43:10+00:00,bench-01,2108,60.2,1,auto,-68.9,1699861,35,65,2026-09-09-s1
2026-09-09 13:43:20+00:00,bench-01,2093,60.4,1,auto,-69.9,1709857,35,65,2026-09-09-s1
2026-09-09 13:43:30+00:00,bench-01,2092,61.3,1,auto,-69.5,1719861,35,65,2026-09-09-s1
2026-09-09 13:43:40+00:00,bench-01,2078,61.0,1,auto,-72.1,1729861,35,65,2026-09-09-s1
2026-09-09 13:43:50+00:00,bench-01,2064,61.1,1,auto,-69.7,1739864,35,65,2026-09-09-s1
2026-09-09 13:44:00+00:00,bench-01,2100,60.2,1,auto,-71.6,1749864,35,65,2026-09-09-s1
2026-09-09 13:44:10+00:00,bench-01,2053,61.2,1,auto,-70.7,1759861,35,65,2026-09-09-s1
2026-09-09 13:44:20+00:00,bench-01,2094,60.2,1,auto,-69.7,1769861,35,65,2026-09-09-s1
2026-09-09 13:44:30+00:00,bench-01,2055,62.2,1,auto,-71.5,1779860,35,65,2026-09-09-s1
2026-09-09 13:44:40+00:00,bench-01,2086,60.9,1,auto,-71.2,1789861,35,65,2026-09-09-s1
2026-09-09 13:44:50+00:00,bench-01,2070,60.9,1,auto,-70.8,1799858,35,65,2026-09-09-s1
2026-09-09 13:45:00+00:00,bench-01,2040,62.9,1,auto,-70.3,1809861,35,65,2026-09-09-s1
2026-09-09 13:45:10+00:00,bench-01,2049,62.8,1,auto,-69.2,1819861,35,65,2026-09-09-s1
2026-09-09 13:45:20+00:00,bench-01,2084,62.0,1,auto,-69.7,1829865,35,65,2026-09-09-s1
2026-09-09 13:45:30+00:00,bench-01,2076,61.8,1,auto,-68.6,1839867,35,65,2026-09-09-s1
2026-09-09 13:45:40+00:00,bench-01,2060,62.6,1,auto,-67.6,1849863,35,65,2026-09-09-s1
2026-09-09 13:45:50+00:00,bench-01,2060,62.4,1,auto,-67.3,1859860,35,65,2026-09-09-s1
2026-09-09 13:46:00+00:00,bench-01,2035,62.2,1,auto,-65.8,1869864,35,65,2026-09-09-s1
2026-09-09 13:46:10+00:00,bench-01,2077,62.1,1,auto,-65.2,1879867,35,65,2026-09-09-s1
2026-09-09 13:46:20+00:00,bench-01,2031,62.7,1,auto,-65.6,1889864,35,65,2026-09-09-s1
2026-09-09 13:46:30+00:00,bench-01,2049,62.8,1,auto,-65.6,1899866,35,65,2026-09-09-s1
2026-09-09 13:46:40+00:00,bench-01,2057,63.0,1,auto,-63.0,1909863,35,65,2026-09-09-s1
2026-09-09 13:46:50+00:00,bench-01,2048,62.5,1,auto,-61.3,1919859,35,65,2026-09-09-s1
2026-09-09 13:47:00+00:00,bench-01,2050,63.0,1,auto,-62.4,1929860,35,65,2026-09-09-s1
2026-09-09 13:47:10+00:00,bench-01,2040,62.8,1,auto,-63.9,1939860,35,65,2026-09-09-s1
2026-09-09 13:47:20+00:00,bench-01,2031,63.4,1,auto,-61.1,1949859,35,65,2026-09-09-s1
2026-09-09 13:47:30+00:00,bench-01,2052,62.8,1,auto,-61.6,1959863,35,65,2026-09-09-s1
2026-09-09 13:47:40+00:00,bench-01,2031,63.7,1,auto,-62.4,1969862,35,65,2026-09-09-s1
2026-09-09 13:47:50+00:00,bench-01,2022,63.2,1,auto,-64.2,1979862,35,65,2026-09-09-s1
2026-09-09 13:48:00+00:00,bench-01,2053,62.3,1,auto,-61.6,1989864,35,65,2026-09-09-s1
2026-09-09 13:48:10+00:00,bench-01,2036,63.6,1,auto,-61.2,1999860,35,65,2026-09-09-s1
2026-09-09 13:48:20+00:00,bench-01,2032,63.5,1,auto,-61.3,2009862,35,65,2026-09-09-s1
2026-09-09 13:48:30+00:00,bench-01,2044,63.0,1,auto,-60.4,2019859,35,65,2026-09-09-s1
2026-09-09 13:48:40+00:00,bench-01,2023,63.7,1,auto,-62.9,2029858,35,65,2026-09-09-s1
2026-09-09 13:48:50+00:00,bench-01,2033,63.7,1,auto,-65.3,2039862,35,65,2026-09-09-s1
2026-09-09 13:49:00+00:00,bench-01,2003,63.7,1,auto,-68.6,2049859,35,65,2026-09-09-s1
2026-09-09 13:49:10+00:00,bench-01,2029,64.3,1,auto,-71.2,2059858,35,65,2026-09-09-s1
2026-09-09 13:49:20+00:00,bench-01,2054,63.6,1,auto,-70.3,2069857,35,65,2026-09-09-s1
2026-09-09 13:49:30+00:00,bench-01,2030,64.1,1,auto,-70.4,2079860,35,65,2026-09-09-s1
2026-09-09 13:49:40+00:00,bench-01,2017,64.4,1,auto,-71.3,2089861,35,65,2026-09-09-s1
2026-09-09 13:49:50+00:00,bench-01,2013,64.0,1,auto,-70.3,2099865,35,65,2026-09-09-s1
2026-09-09 13:50:00+00:00,bench-01,2014,63.8,1,auto,-71.7,2109862,35,65,2026-09-09-s1
2026-09-09 13:50:10+00:00,bench-01,2013,64.2,1,auto,-71.7,2119864,35,65,2026-09-09-s1
2026-09-09 13:50:20+00:00,bench-01,2036,63.5,1,auto,-71.9,2129867,35,65,2026-09-09-s1
2026-09-09 13:50:30+00:00,bench-01,1997,63.8,1,auto,-73.1,2139867,35,65,2026-09-09-s1
2026-09-09 13:50:40+00:00,bench-01,2021,64.2,1,auto,-72.7,2149866,35,65,2026-09-09-s1
2026-09-09 13:50:50+00:00,bench-01,2025,64.5,1,auto,-74.4,2159862,35,65,2026-09-09-s1
2026-09-09 13:51:00+00:00,bench-01,2006,64.5,1,auto,-74.7,2169858,35,65,2026-09-09-s1
2026-09-09 13:51:10+00:00,bench-01,2039,64.8,1,auto,-74.3,2179855,35,65,2026-09-09-s1
2026-09-09 13:51:20+00:00,bench-01,1999,65.2,1,auto,-77.2,2189850,35,65,2026-09-09-s1
2026-09-09 13:51:30+00:00,bench-01,2004,64.4,1,auto,-77.2,2199846,35,65,2026-09-09-s1
2026-09-09 13:51:40+00:00,bench-01,1999,65.0,1,auto,-76.6,2209848,35,65,2026-09-09-s1
2026-09-09 13:51:50+00:00,bench-01,2012,64.5,1,auto,-75.2,2219851,35,65,2026-09-09-s1
2026-09-09 13:52:00+00:00,bench-01,2002,64.7,0,auto,-77.0,2229849,35,65,2026-09-09-s1
2026-09-09 13:52:10+00:00,bench-01,2051,63.9,0,auto,-77.2,2239850,35,65,2026-09-09-s1
2026-09-09 13:52:20+00:00,bench-01,2039,63.3,0,auto,-77.3,2249849,35,65,2026-09-09-s1
2026-09-09 13:52:30+00:00,bench-01,2030,62.6,0,auto,-76.8,2259853,35,65,2026-09-09-s1
2026-09-09 13:52:40+00:00,bench-01,2080,61.8,0,auto,-76.1,2269856,35,65,2026-09-09-s1
2026-09-09 13:52:50+00:00,bench-01,2060,61.8,0,auto,-76.3,2279856,35,65,2026-09-09-s1
2026-09-09 13:53:00+00:00,bench-01,2078,60.9,0,auto,-78.3,2289859,35,65,2026-09-09-s1
2026-09-09 13:53:10+00:00,bench-01,2070,60.2,0,auto,-76.1,2299855,35,65,2026-09-09-s1
2026-09-09 13:53:20+00:00,bench-01,2088,59.3,0,auto,-76.2,2309854,35,65,2026-09-09-s1
2026-09-09 13:53:30+00:00,bench-01,2135,58.7,0,auto,-74.9,2319850,35,65,2026-09-09-s1
2026-09-09 13:53:40+00:00,bench-01,2121,58.5,0,auto,-74.9,2329846,35,65,2026-09-09-s1
2026-09-09 13:53:50+00:00,bench-01,2129,57.8,0,auto,-73.8,2339842,35,65,2026-09-09-s1
2026-09-09 13:54:00+00:00,bench-01,2177,57.2,0,auto,-75.3,2349841,35,65,2026-09-09-s1
2026-09-09 13:54:10+00:00,bench-01,2159,56.9,0,auto,-76.3,2359842,35,65,2026-09-09-s1
2026-09-09 13:54:20+00:00,bench-01,2193,56.5,0,auto,-77.5,2369846,35,65,2026-09-09-s1
2026-09-09 13:54:30+00:00,bench-01,2182,55.4,0,auto,-77.7,2379845,35,65,2026-09-09-s1
2026-09-09 13:54:40+00:00,bench-01,2202,55.1,0,auto,-75.6,2389840,35,65,2026-09-09-s1
2026-09-09 13:54:50+00:00,bench-01,2194,54.8,0,auto,-74.6,2399839,35,65,2026-09-09-s1
2026-09-09 13:55:00+00:00,bench-01,2223,54.7,0,auto,-74.3,2409839,35,65,2026-09-09-s1
2026-09-09 13:55:10+00:00,bench-01,2224,53.8,0,auto,-74.7,2419836,35,65,2026-09-09-s1
2026-09-09 13:55:20+00:00,bench-01,2246,53.2,0,auto,-75.2,2429836,35,65,2026-09-09-s1
2026-09-09 13:55:30+00:00,bench-01,2251,52.7,0,auto,-77.5,2439839,35,65,2026-09-09-s1
2026-09-09 13:55:40+00:00,bench-01,2272,52.0,0,auto,-76.9,2449836,35,65,2026-09-09-s1
2026-09-09 13:55:50+00:00,bench-01,2267,52.2,0,auto,-76.1,2459840,35,65,2026-09-09-s1
2026-09-09 13:56:00+00:00,bench-01,2274,51.6,0,auto,-75.6,2469839,35,65,2026-09-09-s1
2026-09-09 13:56:10+00:00,bench-01,2309,50.7,0,auto,-76.3,2479839,35,65,2026-09-09-s1
2026-09-09 13:56:20+00:00,bench-01,2317,49.4,0,auto,-76.8,2489835,35,65,2026-09-09-s1
2026-09-09 13:56:30+00:00,bench-01,2320,49.7,0,auto,-77.6,2499838,35,65,2026-09-09-s1
2026-09-09 13:56:40+00:00,bench-01,2302,49.5,0,auto,-76.4,2509833,35,65,2026-09-09-s1
2026-09-09 13:56:50+00:00,bench-01,2320,49.1,0,auto,-75.3,2519836,35,65,2026-09-09-s1
2026-09-09 13:57:00+00:00,bench-01,2363,47.6,0,auto,-73.6,2529837,35,65,2026-09-09-s1
2026-09-09 13:57:10+00:00,bench-01,2352,47.7,0,auto,-73.3,2539834,35,65,2026-09-09-s1
2026-09-09 13:57:20+00:00,bench-01,2338,47.9,0,auto,-75.9,2549835,35,65,2026-09-09-s1
2026-09-09 13:57:30+00:00,bench-01,2357,47.2,0,auto,-76.6,2559834,35,65,2026-09-09-s1
2026-09-09 13:57:40+00:00,bench-01,2384,46.1,0,auto,-77.1,2569831,35,65,2026-09-09-s1
2026-09-09 13:57:50+00:00,bench-01,2343,46.4,0,auto,-80.8,2579830,35,65,2026-09-09-s1
2026-09-09 13:58:00+00:00,bench-01,2414,45.2,0,auto,-79.4,2589829,35,65,2026-09-09-s1
2026-09-09 13:58:10+00:00,bench-01,2421,44.8,0,auto,-81.5,2599831,35,65,2026-09-09-s1
2026-09-09 13:58:20+00:00,bench-01,2398,45.4,0,auto,-82.3,2609830,35,65,2026-09-09-s1
2026-09-09 13:58:30+00:00,bench-01,2404,43.9,0,auto,-84.5,2619831,35,65,2026-09-09-s1
2026-09-09 13:58:40+00:00,bench-01,2428,44.1,0,auto,-85.3,2629832,35,65,2026-09-09-s1
2026-09-09 13:58:50+00:00,bench-01,2439,43.2,0,auto,-85.1,2639833,35,65,2026-09-09-s1
2026-09-09 13:59:00+00:00,bench-01,2441,43.4,0,auto,-85.6,2649832,35,65,2026-09-09-s1
2026-09-09 13:59:10+00:00,bench-01,2470,42.9,0,auto,-84.7,2659834,35,65,2026-09-09-s1
2026-09-09 13:59:20+00:00,bench-01,2449,42.6,0,auto,-85.0,2669830,35,65,2026-09-09-s1
2026-09-09 13:59:30+00:00,bench-01,2462,41.8,0,auto,-84.5,2679833,35,65,2026-09-09-s1
2026-09-09 13:59:40+00:00,bench-01,2473,41.9,0,auto,-85.1,2689837,35,65,2026-09-09-s1
2026-09-09 13:59:50+00:00,bench-01,2480,41.5,0,auto,-83.8,2699833,35,65,2026-09-09-s1
2026-09-09 14:00:00+00:00,bench-01,2519,40.5,0,auto,-83.8,2709828,35,65,2026-09-09-s1
2026-09-09 14:00:10+00:00,bench-01,2508,40.4,0,auto,-83.8,2719832,35,65,2026-09-09-s1
2026-09-09 14:00:20+00:00,bench-01,2523,39.6,0,auto,-83.5,2729836,35,65,2026-09-09-s1
2026-09-09 14:00:30+00:00,bench-01,2502,40.1,0,auto,-82.6,2739838,35,65,2026-09-09-s1
2026-09-09 14:00:40+00:00,bench-01,2519,39.9,0,auto,-83.6,2749839,35,65,2026-09-09-s1
2026-09-09 14:00:50+00:00,bench-01,2522,39.4,0,auto,-82.6,2759839,35,65,2026-09-09-s1
2026-09-09 14:01:00+00:00,bench-01,2521,39.1,0,auto,-83.4,2769838,35,65,2026-09-09-s1
2026-09-09 14:01:10+00:00,bench-01,2539,38.7,0,auto,-83.6,2779837,35,65,2026-09-09-s1
2026-09-09 14:01:20+00:00,bench-01,2530,38.1,0,auto,-83.9,2789838,35,65,2026-09-09-s1
2026-09-09 14:01:30+00:00,bench-01,2553,37.8,0,auto,-85.0,2799836,35,65,2026-09-09-s1
2026-09-09 14:01:40+00:00,bench-01,2559,37.9,0,auto,-85.5,2809831,35,65,2026-09-09-s1
2026-09-09 14:01:50+00:00,bench-01,2561,37.5,0,auto,-85.4,2819833,35,65,2026-09-09-s1
2026-09-09 14:02:00+00:00,bench-01,2564,37.4,0,auto,-86.3,2829836,35,65,2026-09-09-s1
2026-09-09 14:02:10+00:00,bench-01,2556,37.0,0,auto,-86.0,2839840,35,65,2026-09-09-s1
2026-09-09 14:02:20+00:00,bench-01,2579,36.3,0,auto,-85.9,2849839,35,65,2026-09-09-s1
2026-09-09 14:02:30+00:00,bench-01,2582,35.9,0,auto,-85.9,2859834,35,65,2026-09-09-s1
2026-09-09 14:02:40+00:00,bench-01,2590,36.0,0,auto,-86.4,2869830,35,65,2026-09-09-s1
2026-09-09 14:02:50+00:00,bench-01,2613,35.3,0,auto,-84.9,2879828,35,65,2026-09-09-s1
2026-09-09 14:03:00+00:00,bench-01,2608,34.7,0,auto,-83.8,2889825,35,65,2026-09-09-s1
2026-09-09 14:03:10+00:00,bench-01,2586,35.7,1,auto,-83.5,2899822,35,65,2026-09-09-s1
2026-09-09 14:03:20+00:00,bench-01,2593,35.5,1,auto,-81.9,2909818,35,65,2026-09-09-s1
2026-09-09 14:03:30+00:00,bench-01,2541,37.4,1,auto,-82.7,2919816,35,65,2026-09-09-s1
2026-09-09 14:03:40+00:00,bench-01,2575,36.7,1,auto,-82.1,2929814,35,65,2026-09-09-s1
2026-09-09 14:03:50+00:00,bench-01,2543,37.2,1,auto,-84.1,2939813,35,65,2026-09-09-s1
2026-09-09 14:04:00+00:00,bench-01,2562,37.8,1,auto,-85.3,2949816,35,65,2026-09-09-s1
2026-09-09 14:04:10+00:00,bench-01,2554,37.8,1,auto,-86.3,2959817,35,65,2026-09-09-s1
2026-09-09 14:04:20+00:00,bench-01,2532,38.7,1,auto,-85.8,2969817,35,65,2026-09-09-s1
2026-09-09 14:04:30+00:00,bench-01,2543,39.0,1,auto,-86.8,2979812,35,65,2026-09-09-s1
2026-09-09 14:04:40+00:00,bench-01,2542,38.4,1,auto,-86.7,2989808,35,65,2026-09-09-s1
2026-09-09 14:04:50+00:00,bench-01,2527,39.4,1,auto,-86.4,2999807,35,65,2026-09-09-s1
2026-09-09 14:05:00+00:00,bench-01,2508,39.4,1,auto,-86.5,3009806,35,65,2026-09-09-s1
2026-09-09 14:05:10+00:00,bench-01,2494,39.9,1,auto,-85.9,3019807,35,65,2026-09-09-s1
2026-09-09 14:05:20+00:00,bench-01,2475,41.0,1,auto,-85.1,3029802,35,65,2026-09-09-s1
2026-09-09 14:05:30+00:00,bench-01,2492,40.9,1,auto,-84.4,3039803,35,65,2026-09-09-s1
2026-09-09 14:05:40+00:00,bench-01,2491,41.3,1,auto,-84.7,3049807,35,65,2026-09-09-s1
2026-09-09 14:05:50+00:00,bench-01,2494,41.1,1,auto,-84.5,3059805,35,65,2026-09-09-s1
2026-09-09 14:06:00+00:00,bench-01,2503,41.0,1,auto,-83.2,3069809,35,65,2026-09-09-s1
2026-09-09 14:06:10+00:00,bench-01,2486,42.4,1,auto,-85.1,3079807,35,65,2026-09-09-s1
2026-09-09 14:06:20+00:00,bench-01,2460,42.9,1,auto,-86.0,3089803,35,65,2026-09-09-s1
2026-09-09 14:06:30+00:00,bench-01,2427,42.4,1,auto,-85.6,3099800,35,65,2026-09-09-s1
2026-09-09 14:06:40+00:00,bench-01,2452,43.2,1,auto,-83.9,3109802,35,65,2026-09-09-s1
2026-09-09 14:06:50+00:00,bench-01,2445,43.3,1,auto,-84.3,3119799,35,65,2026-09-09-s1
2026-09-09 14:07:00+00:00,bench-01,2457,42.8,1,auto,-82.5,3129798,35,65,2026-09-09-s1
2026-09-09 14:07:10+00:00,bench-01,2442,43.4,1,auto,-83.1,3139795,35,65,2026-09-09-s1
2026-09-09 14:07:20+00:00,bench-01,2430,44.7,1,auto,-85.5,3149797,35,65,2026-09-09-s1
2026-09-09 14:07:30+00:00,bench-01,2407,44.6,1,auto,-84.6,3159798,35,65,2026-09-09-s1
2026-09-09 14:07:40+00:00,bench-01,2391,44.5,1,auto,-84.3,3169798,35,65,2026-09-09-s1
2026-09-09 14:07:50+00:00,bench-01,2404,44.9,1,auto,-81.2,3179796,35,65,2026-09-09-s1
2026-09-09 14:08:00+00:00,bench-01,2376,45.9,1,auto,-81.4,3189792,35,65,2026-09-09-s1
2026-09-09 14:08:10+00:00,bench-01,2379,45.9,1,auto,-81.5,3199787,35,65,2026-09-09-s1
2026-09-09 14:08:20+00:00,bench-01,2374,46.3,1,auto,-80.7,3209790,35,65,2026-09-09-s1
2026-09-09 14:08:30+00:00,bench-01,2357,46.4,1,auto,-81.7,3219793,35,65,2026-09-09-s1
2026-09-09 14:08:40+00:00,bench-01,2368,46.6,1,auto,-81.4,3229793,35,65,2026-09-09-s1
2026-09-09 14:08:50+00:00,bench-01,2359,46.4,1,auto,-81.8,3239797,35,65,2026-09-09-s1
2026-09-09 14:09:00+00:00,bench-01,2361,46.4,1,auto,-80.2,3249800,35,65,2026-09-09-s1
2026-09-09 14:09:10+00:00,bench-01,2355,46.4,1,auto,-78.3,3259798,35,65,2026-09-09-s1
2026-09-09 14:09:20+00:00,bench-01,2355,47.5,1,auto,-80.2,3269793,35,65,2026-09-09-s1
2026-09-09 14:09:30+00:00,bench-01,2336,47.9,1,auto,-82.2,3279797,35,65,2026-09-09-s1
2026-09-09 14:09:40+00:00,bench-01,2346,48.3,1,auto,-81.3,3289801,35,65,2026-09-09-s1
2026-09-09 14:09:50+00:00,bench-01,2348,48.3,1,auto,-81.9,3299804,35,65,2026-09-09-s1
2026-09-09 14:10:00+00:00,bench-01,2342,48.8,1,auto,-84.1,3309799,35,65,2026-09-09-s1
2026-09-09 14:10:10+00:00,bench-01,2314,48.9,1,auto,-85.1,3319797,35,65,2026-09-09-s1
2026-09-09 14:10:20+00:00,bench-01,2320,49.0,1,auto,-84.4,3329793,35,65,2026-09-09-s1
2026-09-09 14:10:30+00:00,bench-01,2326,49.4,1,auto,-82.2,3339797,35,65,2026-09-09-s1
2026-09-09 14:10:40+00:00,bench-01,2316,49.5,1,auto,-80.5,3349797,35,65,2026-09-09-s1
2026-09-09 14:10:50+00:00,bench-01,2294,50.1,1,auto,-81.4,3359797,35,65,2026-09-09-s1
2026-09-09 14:11:00+00:00,bench-01,2325,49.7,1,auto,-81.1,3369797,35,65,2026-09-09-s1
2026-09-09 14:11:10+00:00,bench-01,2311,50.6,1,auto,-80.1,3379795,35,65,2026-09-09-s1
2026-09-09 14:11:20+00:00,bench-01,2290,50.8,1,auto,-80.0,3389793,35,65,2026-09-09-s1
2026-09-09 14:11:30+00:00,bench-01,2315,50.6,1,auto,-79.4,3399791,35,65,2026-09-09-s1
2026-09-09 14:11:40+00:00,bench-01,2283,50.9,1,auto,-80.0,3409786,35,65,2026-09-09-s1
2026-09-09 14:11:50+00:00,bench-01,2278,51.2,1,auto,-81.1,3419788,35,65,2026-09-09-s1
2026-09-09 14:12:00+00:00,bench-01,2277,51.6,1,auto,-80.1,3429792,35,65,2026-09-09-s1
2026-09-09 14:12:10+00:00,bench-01,2235,52.4,1,auto,-82.2,3439790,35,65,2026-09-09-s1
2026-09-09 14:12:20+00:00,bench-01,2245,51.7,1,auto,-80.4,3449793,35,65,2026-09-09-s1
2026-09-09 14:12:30+00:00,bench-01,2272,52.6,1,auto,-81.6,3459789,35,65,2026-09-09-s1
2026-09-09 14:12:40+00:00,bench-01,2247,53.2,1,auto,-81.3,3469788,35,65,2026-09-09-s1
2026-09-09 14:12:50+00:00,bench-01,2277,52.1,1,auto,-82.5,3479790,35,65,2026-09-09-s1
2026-09-09 14:13:00+00:00,bench-01,2243,53.1,1,auto,-82.2,3489792,35,65,2026-09-09-s1
2026-09-09 14:13:10+00:00,bench-01,2248,53.2,1,auto,-83.1,3499796,35,65,2026-09-09-s1
2026-09-09 14:13:20+00:00,bench-01,2259,53.1,1,auto,-82.9,3509800,35,65,2026-09-09-s1
2026-09-09 14:13:30+00:00,bench-01,2246,53.4,1,auto,-84.9,3519798,35,65,2026-09-09-s1
2026-09-09 14:13:40+00:00,bench-01,2238,53.3,1,auto,-85.8,3529799,35,65,2026-09-09-s1
2026-09-09 14:13:50+00:00,bench-01,2219,54.3,1,auto,-86.0,3539801,35,65,2026-09-09-s1
2026-09-09 14:14:00+00:00,bench-01,2213,54.0,1,auto,-86.0,3549803,35,65,2026-09-09-s1
2026-09-09 14:14:10+00:00,bench-01,2207,54.6,1,auto,-85.2,3559806,35,65,2026-09-09-s1
2026-09-09 14:14:20+00:00,bench-01,2243,53.9,1,auto,-83.2,3569807,35,65,2026-09-09-s1
2026-09-09 14:14:30+00:00,bench-01,2197,54.2,1,auto,-84.2,3579805,35,65,2026-09-09-s1
2026-09-09 14:14:40+00:00,bench-01,2215,54.7,1,auto,-85.1,3589805,35,65,2026-09-09-s1
2026-09-09 14:14:50+00:00,bench-01,2199,55.0,1,auto,-85.1,3599807,35,65,2026-09-09-s1
2026-09-09 14:15:00+00:00,bench-01,2195,55.3,1,auto,-83.2,3609804,35,65,2026-09-09-s1
2026-09-09 14:15:10+00:00,bench-01,2185,55.8,1,auto,-84.0,3619800,35,65,2026-09-09-s1
2026-09-09 14:15:20+00:00,bench-01,2160,56.0,1,auto,-85.3,3629797,35,65,2026-09-09-s1
2026-09-09 14:15:30+00:00,bench-01,2187,56.1,1,auto,-84.8,3639799,35,65,2026-09-09-s1
2026-09-09 14:15:40+00:00,bench-01,2177,56.4,1,auto,-84.3,3649803,35,65,2026-09-09-s1
2026-09-09 14:15:50+00:00,bench-01,2190,56.1,1,auto,-85.7,3659804,35,65,2026-09-09-s1
2026-09-09 14:16:00+00:00,bench-01,2156,56.7,1,auto,-84.2,3669805,35,65,2026-09-09-s1
2026-09-09 14:16:10+00:00,bench-01,2166,56.3,1,auto,-81.9,3679807,35,65,2026-09-09-s1
2026-09-09 14:16:20+00:00,bench-01,2172,56.5,1,auto,-83.1,3689802,35,65,2026-09-09-s1
2026-09-09 14:16:30+00:00,bench-01,2179,56.6,1,auto,-85.2,3699803,35,65,2026-09-09-s1
2026-09-09 14:16:40+00:00,bench-01,2172,57.0,1,auto,-85.7,3709801,35,65,2026-09-09-s1
2026-09-09 14:16:50+00:00,bench-01,2174,56.8,1,auto,-84.8,3719802,35,65,2026-09-09-s1
2026-09-09 14:17:00+00:00,bench-01,2140,57.8,1,auto,-87.0,3729797,35,65,2026-09-09-s1
2026-09-09 14:17:10+00:00,bench-01,2149,58.0,1,auto,-87.2,3739796,35,65,2026-09-09-s1
2026-09-09 14:17:20+00:00,bench-01,2131,58.0,1,auto,-88.0,3749793,35,65,2026-09-09-s1
2026-09-09 14:17:30+00:00,bench-01,2143,58.0,1,auto,-88.6,3759791,35,65,2026-09-09-s1
2026-09-09 14:17:40+00:00,bench-01,2159,57.9,1,auto,-89.3,3769794,35,65,2026-09-09-s1
2026-09-09 14:17:50+00:00,bench-01,2140,58.0,1,auto,-88.3,3779795,35,65,2026-09-09-s1
2026-09-09 14:18:00+00:00,bench-01,2152,57.7,1,auto,-89.0,3789795,35,65,2026-09-09-s1
2026-09-09 14:18:10+00:00,bench-01,2135,58.4,1,auto,-90.0,3799793,35,65,2026-09-09-s1
2026-09-09 14:18:20+00:00,bench-01,2134,58.8,1,auto,-90.0,3809793,35,65,2026-09-09-s1
2026-09-09 14:18:30+00:00,bench-01,2167,58.3,1,auto,-88.8,3819792,35,65,2026-09-09-s1
2026-09-09 14:18:40+00:00,bench-01,2119,59.3,1,auto,-88.7,3829789,35,65,2026-09-09-s1
2026-09-09 14:18:50+00:00,bench-01,2104,59.5,1,auto,-89.4,3839789,35,65,2026-09-09-s1
2026-09-09 14:19:00+00:00,bench-01,2120,59.9,1,auto,-90.0,3849789,35,65,2026-09-09-s1
2026-09-09 14:19:10+00:00,bench-01,2104,59.4,1,auto,-89.2,3859788,35,65,2026-09-09-s1
2026-09-09 14:19:20+00:00,bench-01,2124,59.8,1,auto,-88.6,3869788,35,65,2026-09-09-s1
2026-09-09 14:19:30+00:00,bench-01,2125,58.9,1,auto,-90.0,3879784,35,65,2026-09-09-s1
2026-09-09 14:19:40+00:00,bench-01,2107,60.2,1,auto,-90.0,3889787,35,65,2026-09-09-s1
2026-09-09 14:19:50+00:00,bench-01,2102,59.8,1,auto,-89.5,3899787,35,65,2026-09-09-s1
2026-09-09 14:20:00+00:00,bench-01,2091,59.8,1,auto,-89.4,3909782,35,65,2026-09-09-s1
2026-09-09 14:20:10+00:00,bench-01,2122,59.6,1,auto,-89.9,3919779,35,65,2026-09-09-s1
2026-09-09 14:20:20+00:00,bench-01,2087,60.5,1,auto,-89.9,3929775,35,65,2026-09-09-s1
2026-09-09 14:20:30+00:00,bench-01,2101,61.1,1,auto,-88.8,3939779,35,65,2026-09-09-s1
2026-09-09 14:20:40+00:00,bench-01,2107,60.3,1,auto,-88.5,3949779,35,65,2026-09-09-s1
2026-09-09 14:20:50+00:00,bench-01,2095,61.0,1,auto,-89.4,3959778,35,65,2026-09-09-s1
2026-09-09 14:21:00+00:00,bench-01,2112,60.5,1,auto,-89.3,3969775,35,65,2026-09-09-s1
2026-09-09 14:21:10+00:00,bench-01,2076,61.6,1,auto,-87.9,3979772,35,65,2026-09-09-s1
2026-09-09 14:21:20+00:00,bench-01,2076,60.0,1,auto,-87.3,3989767,35,65,2026-09-09-s1
2026-09-09 14:21:30+00:00,bench-01,2087,60.7,1,auto,-88.2,3999765,35,65,2026-09-09-s1
2026-09-09 14:21:40+00:00,bench-01,2058,62.1,1,auto,-88.2,4009762,35,65,2026-09-09-s1
2026-09-09 14:21:50+00:00,bench-01,2060,61.6,1,auto,-89.0,4019764,35,65,2026-09-09-s1
2026-09-09 14:22:00+00:00,bench-01,2052,61.7,1,auto,-87.3,4029761,35,65,2026-09-09-s1
2026-09-09 14:22:10+00:00,bench-01,2064,62.3,1,auto,-87.3,4039759,35,65,2026-09-09-s1
2026-09-09 14:22:20+00:00,bench-01,2057,62.7,1,auto,-85.8,4049757,35,65,2026-09-09-s1
2026-09-09 14:22:30+00:00,bench-01,2062,61.7,1,auto,-84.6,4059759,35,65,2026-09-09-s1
2026-09-09 14:22:40+00:00,bench-01,2068,61.7,1,auto,-85.3,4069756,35,65,2026-09-09-s1
2026-09-09 14:22:50+00:00,bench-01,2063,61.2,1,auto,-84.8,4079753,35,65,2026-09-09-s1
2026-09-09 14:23:00+00:00,bench-01,2037,62.4,1,auto,-84.4,4089748,35,65,2026-09-09-s1
2026-09-09 14:23:10+00:00,bench-01,2068,62.3,1,auto,-84.3,4099749,35,65,2026-09-09-s1
2026-09-09 14:23:20+00:00,bench-01,2045,62.3,1,auto,-84.0,4109746,35,65,2026-09-09-s1
2026-09-09 14:23:30+00:00,bench-01,2062,62.8,1,auto,-85.2,4119743,35,65,2026-09-09-s1
2026-09-09 14:23:40+00:00,bench-01,2049,62.4,1,auto,-85.5,4129743,35,65,2026-09-09-s1
2026-09-09 14:23:50+00:00,bench-01,2041,62.8,1,auto,-85.2,4139743,35,65,2026-09-09-s1
2026-09-09 14:24:00+00:00,bench-01,2022,63.0,1,auto,-83.7,4149739,35,65,2026-09-09-s1
2026-09-09 14:24:10+00:00,bench-01,2028,63.4,1,auto,-83.4,4159739,35,65,2026-09-09-s1
2026-09-09 14:24:20+00:00,bench-01,2038,62.6,1,manual,-82.3,4169734,35,65,2026-09-09-s1
2026-09-09 14:24:30+00:00,bench-01,2009,63.9,1,manual,-83.1,4179735,35,65,2026-09-09-s1
2026-09-09 14:24:40+00:00,bench-01,2050,63.0,1,manual,-83.1,4189730,35,65,2026-09-09-s1
2026-09-09 14:24:50+00:00,bench-01,2046,62.9,1,manual,-81.2,4199730,35,65,2026-09-09-s1
2026-09-09 14:25:00+00:00,bench-01,2037,63.1,1,manual,-82.7,4209727,35,65,2026-09-09-s1
2026-09-09 14:25:10+00:00,bench-01,2035,63.6,1,manual,-82.2,4219728,35,65,2026-09-09-s1
2026-09-09 14:25:20+00:00,bench-01,2034,63.4,1,manual,-82.8,4229732,35,65,2026-09-09-s1
2026-09-09 14:25:30+00:00,bench-01,2007,64.6,1,manual,-83.8,4239727,35,65,2026-09-09-s1
2026-09-09 14:25:40+00:00,bench-01,2031,64.0,1,manual,-81.7,4249723,35,65,2026-09-09-s1
2026-09-09 14:25:50+00:00,bench-01,2015,63.9,1,manual,-78.4,4259719,35,65,2026-09-09-s1
2026-09-09 14:26:00+00:00,bench-01,2027,64.0,1,manual,-77.6,4269721,35,65,2026-09-09-s1
2026-09-09 14:26:10+00:00,bench-01,2012,63.7,1,manual,-76.8,4279719,35,65,2026-09-09-s1
2026-09-09 14:26:20+00:00,bench-01,2041,63.5,1,manual,-76.1,4289720,35,65,2026-09-09-s1
2026-09-09 14:26:30+00:00,bench-01,2019,64.5,1,manual,-77.2,4299715,35,65,2026-09-09-s1
2026-09-09 14:26:40+00:00,bench-01,2016,63.7,1,manual,-78.7,4309713,35,65,2026-09-09-s1
2026-09-09 14:26:50+00:00,bench-01,2000,64.8,1,manual,-77.3,4319709,35,65,2026-09-09-s1
2026-09-09 14:27:00+00:00,bench-01,2019,64.4,1,manual,-76.0,4329705,35,65,2026-09-09-s1
2026-09-09 14:27:10+00:00,bench-01,2029,64.2,1,manual,-77.6,4339701,35,65,2026-09-09-s1
2026-09-09 14:27:20+00:00,bench-01,1995,65.3,1,manual,-79.8,4349697,35,65,2026-09-09-s1
2026-09-09 14:27:30+00:00,bench-01,1981,65.1,1,manual,-78.0,4359692,35,65,2026-09-09-s1
2026-09-09 14:27:40+00:00,bench-01,2011,65.1,1,manual,-76.9,4369688,35,65,2026-09-09-s1
2026-09-09 14:27:50+00:00,bench-01,2004,65.1,1,manual,-77.9,4379690,35,65,2026-09-09-s1
2026-09-09 14:28:00+00:00,bench-01,1989,65.5,1,auto,-76.8,4389689,35,65,2026-09-09-s1
2026-09-09 14:28:10+00:00,bench-01,2013,64.2,0,auto,-78.1,4399686,35,65,2026-09-09-s1
2026-09-09 14:28:20+00:00,bench-01,1986,64.1,0,auto,-78.5,4409689,35,65,2026-09-09-s1
2026-09-09 14:28:30+00:00,bench-01,2015,63.2,0,auto,-77.3,4419691,35,65,2026-09-09-s1
2026-09-09 14:28:40+00:00,bench-01,2042,63.4,0,auto,-75.7,4429687,35,65,2026-09-09-s1
2026-09-09 14:28:50+00:00,bench-01,2049,62.0,0,auto,-75.4,4439685,35,65,2026-09-09-s1
2026-09-09 14:29:00+00:00,bench-01,2071,61.8,0,auto,-75.9,4449686,35,65,2026-09-09-s1
2026-09-09 14:29:10+00:00,bench-01,2111,61.4,0,auto,-75.4,4459681,35,65,2026-09-09-s1
2026-09-09 14:29:20+00:00,bench-01,2105,60.2,0,auto,-75.2,4469679,35,65,2026-09-09-s1
2026-09-09 14:29:30+00:00,bench-01,2106,60.3,0,auto,-75.6,4479680,35,65,2026-09-09-s1
2026-09-09 14:29:40+00:00,bench-01,2121,59.4,0,auto,-76.4,4489679,35,65,2026-09-09-s1
2026-09-09 14:29:50+00:00,bench-01,2133,58.5,0,auto,-76.7,4499679,35,65,2026-09-09-s1
2026-09-09 14:30:00+00:00,bench-01,2154,57.9,0,auto,-75.7,4509678,35,65,2026-09-09-s1
2026-09-09 14:30:10+00:00,bench-01,2137,57.7,0,auto,-75.2,4519676,35,65,2026-09-09-s1
2026-09-09 14:30:20+00:00,bench-01,2178,55.9,0,auto,-76.5,4529675,35,65,2026-09-09-s1
2026-09-09 14:30:30+00:00,bench-01,2188,56.1,0,auto,-76.4,4539673,35,65,2026-09-09-s1
2026-09-09 14:30:40+00:00,bench-01,2169,55.8,0,auto,-77.1,4549674,35,65,2026-09-09-s1
2026-09-09 14:30:50+00:00,bench-01,2200,55.0,0,auto,-76.7,4559669,35,65,2026-09-09-s1
2026-09-09 14:31:00+00:00,bench-01,2202,55.0,0,auto,-78.6,4569667,35,65,2026-09-09-s1
2026-09-09 14:31:10+00:00,bench-01,2233,53.9,0,auto,-79.7,4579665,35,65,2026-09-09-s1
2026-09-09 14:31:20+00:00,bench-01,2234,54.0,0,auto,-78.4,4589660,35,65,2026-09-09-s1
2026-09-09 14:31:30+00:00,bench-01,2232,53.6,0,auto,-80.8,4599663,35,65,2026-09-09-s1
2026-09-09 14:31:50+00:00,bench-01,2298,52.0,0,auto,-80.2,4619667,35,65,2026-09-09-s1
2026-09-09 14:32:00+00:00,bench-01,2295,51.3,0,auto,-80.1,4629671,35,65,2026-09-09-s1
2026-09-09 14:32:10+00:00,bench-01,2300,51.4,0,auto,-80.0,4639672,35,65,2026-09-09-s1
2026-09-09 14:32:20+00:00,bench-01,2280,51.0,0,auto,-80.7,4649676,35,65,2026-09-09-s1
2026-09-09 14:32:30+00:00,bench-01,2302,51.0,0,auto,-80.4,4659671,35,65,2026-09-09-s1
2026-09-09 14:32:40+00:00,bench-01,2281,50.4,0,auto,-82.1,4669670,35,65,2026-09-09-s1
2026-09-09 14:32:50+00:00,bench-01,2309,50.3,0,auto,-82.4,4679669,35,65,2026-09-09-s1
2026-09-09 14:33:00+00:00,bench-01,2290,49.5,0,auto,-81.0,4689670,35,65,2026-09-09-s1
2026-09-09 14:33:10+00:00,bench-01,2328,49.4,0,auto,-80.2,4699670,35,65,2026-09-09-s1
2026-09-09 14:33:20+00:00,bench-01,2336,47.9,0,auto,-79.9,4709666,35,65,2026-09-09-s1
2026-09-09 14:33:30+00:00,bench-01,2354,47.9,0,auto,-78.3,4719669,35,65,2026-09-09-s1
2026-09-09 14:33:40+00:00,bench-01,2338,48.3,0,auto,-77.6,4729664,35,65,2026-09-09-s1
2026-09-09 14:33:50+00:00,bench-01,2358,47.6,0,auto,-77.1,4739662,35,65,2026-09-09-s1
2026-09-09 14:34:00+00:00,bench-01,2377,46.5,0,auto,-79.0,4749663,35,65,2026-09-09-s1
2026-09-09 14:34:10+00:00,bench-01,2392,45.7,0,auto,-79.2,4759659,35,65,2026-09-09-s1
2026-09-09 14:34:20+00:00,bench-01,2410,45.4,0,auto,-78.2,4769655,35,65,2026-09-09-s1
2026-09-09 14:34:30+00:00,bench-01,2390,45.6,0,auto,-76.3,4779658,35,65,2026-09-09-s1
2026-09-09 14:34:40+00:00,bench-01,2396,44.8,0,auto,-78.3,4789655,35,65,2026-09-09-s1
2026-09-09 14:34:50+00:00,bench-01,2397,45.0,0,auto,-78.2,4799658,35,65,2026-09-09-s1
2026-09-09 14:35:00+00:00,bench-01,2414,45.1,0,auto,-77.6,4809658,35,65,2026-09-09-s1
2026-09-09 14:35:10+00:00,bench-01,2419,44.0,0,auto,-77.2,4819655,35,65,2026-09-09-s1
2026-09-09 14:35:20+00:00,bench-01,2455,43.8,0,auto,-77.3,4829651,35,65,2026-09-09-s1
2026-09-09 14:35:30+00:00,bench-01,2443,42.9,0,auto,-75.6,4839651,35,65,2026-09-09-s1
2026-09-09 14:35:40+00:00,bench-01,2426,43.8,0,auto,-77.8,4849646,35,65,2026-09-09-s1
2026-09-09 14:35:50+00:00,bench-01,2449,43.0,0,auto,-79.7,4859642,35,65,2026-09-09-s1
2026-09-09 14:36:00+00:00,bench-01,2453,42.3,0,auto,-80.3,4869637,35,65,2026-09-09-s1
2026-09-09 14:36:10+00:00,bench-01,2456,42.2,0,auto,-80.6,4879636,35,65,2026-09-09-s1
2026-09-09 14:36:20+00:00,bench-01,2473,41.7,0,auto,-80.6,4889639,35,65,2026-09-09-s1
2026-09-09 14:36:30+00:00,bench-01,2471,41.4,0,auto,-80.8,4899642,35,65,2026-09-09-s1
2026-09-09 14:36:40+00:00,bench-01,2476,40.8,0,auto,-78.8,4909638,35,65,2026-09-09-s1
2026-09-09 14:36:50+00:00,bench-01,2487,40.8,0,auto,-78.7,4919640,35,65,2026-09-09-s1
2026-09-09 14:37:00+00:00,bench-01,2511,40.2,0,auto,-79.0,4929635,35,65,2026-09-09-s1
2026-09-09 14:37:10+00:00,bench-01,2508,39.8,0,auto,-79.2,4939630,35,65,2026-09-09-s1
2026-09-09 14:37:20+00:00,bench-01,2540,38.5,0,auto,-78.6,4949627,35,65,2026-09-09-s1
2026-09-09 14:37:30+00:00,bench-01,2545,38.6,0,auto,-78.5,4959623,35,65,2026-09-09-s1
2026-09-09 14:37:40+00:00,bench-01,2526,38.5,0,auto,-79.9,4969622,35,65,2026-09-09-s1
2026-09-09 14:37:50+00:00,bench-01,2519,38.3,0,auto,-78.4,4979624,35,65,2026-09-09-s1
2026-09-09 14:38:00+00:00,bench-01,2542,37.6,0,auto,-79.4,4989625,35,65,2026-09-09-s1
2026-09-09 14:38:10+00:00,bench-01,2563,37.6,0,auto,-79.8,4999626,35,65,2026-09-09-s1
2026-09-09 14:38:20+00:00,bench-01,2551,37.4,0,auto,-78.9,5009623,35,65,2026-09-09-s1
2026-09-09 14:38:30+00:00,bench-01,2573,37.3,0,auto,-79.0,5019618,35,65,2026-09-09-s1
2026-09-09 14:38:40+00:00,bench-01,2574,36.9,0,auto,-78.1,5029621,35,65,2026-09-09-s1
2026-09-09 14:38:50+00:00,bench-01,2603,36.3,0,auto,-78.7,5039624,35,65,2026-09-09-s1
2026-09-09 14:39:00+00:00,bench-01,2616,36.3,0,auto,-80.7,5049621,35,65,2026-09-09-s1
2026-09-09 14:39:10+00:00,bench-01,2597,35.5,0,auto,-81.0,5059618,35,65,2026-09-09-s1
2026-09-09 14:39:20+00:00,bench-01,2616,34.9,0,auto,-81.5,5069618,35,65,2026-09-09-s1
2026-09-09 14:39:30+00:00,bench-01,2608,35.6,0,auto,-80.4,5079617,35,65,2026-09-09-s1
2026-09-09 14:39:40+00:00,bench-01,2617,35.0,0,auto,-81.5,5089617,35,65,2026-09-09-s1
2026-09-09 14:39:50+00:00,bench-01,2582,35.3,1,auto,-79.9,5099615,35,65,2026-09-09-s1
2026-09-09 14:40:00+00:00,bench-01,2620,35.5,1,auto,-80.5,5109613,35,65,2026-09-09-s1
2026-09-09 14:40:10+00:00,bench-01,2574,35.8,1,auto,-79.5,5119615,35,65,2026-09-09-s1
2026-09-09 14:40:20+00:00,bench-01,2591,36.1,1,auto,-82.6,5129617,35,65,2026-09-09-s1
2026-09-09 14:40:30+00:00,bench-01,2571,36.7,1,auto,-82.9,5139615,35,65,2026-09-09-s1
2026-09-09 14:40:40+00:00,bench-01,2572,37.0,1,auto,-83.3,5149610,35,65,2026-09-09-s1
2026-09-09 14:40:50+00:00,bench-01,2561,37.2,1,auto,-83.0,5159609,35,65,2026-09-09-s1
2026-09-09 14:41:00+00:00,bench-01,2535,38.6,1,auto,-81.3,5169606,35,65,2026-09-09-s1
2026-09-09 14:41:10+00:00,bench-01,2532,38.0,1,auto,-80.9,5179606,35,65,2026-09-09-s1
2026-09-09 14:41:20+00:00,bench-01,2576,38.3,1,auto,-81.9,5189610,35,65,2026-09-09-s1
2026-09-09 14:41:30+00:00,bench-01,2511,38.7,1,auto,-81.9,5199606,35,65,2026-09-09-s1
2026-09-09 14:41:40+00:00,bench-01,2508,39.3,1,auto,-83.9,5209603,35,65,2026-09-09-s1
2026-09-09 14:41:50+00:00,bench-01,2516,39.6,1,auto,-84.5,5219607,35,65,2026-09-09-s1
2026-09-09 14:42:00+00:00,bench-01,2526,39.3,1,auto,-84.2,5229611,35,65,2026-09-09-s1
2026-09-09 14:42:10+00:00,bench-01,2511,39.9,1,auto,-84.7,5239611,35,65,2026-09-09-s1
2026-09-09 14:42:20+00:00,bench-01,2481,39.9,1,auto,-83.9,5249607,35,65,2026-09-09-s1
2026-09-09 14:42:30+00:00,bench-01,2497,40.9,1,auto,-85.7,5259606,35,65,2026-09-09-s1
2026-09-09 14:42:40+00:00,bench-01,2482,40.7,1,auto,-87.5,5269610,35,65,2026-09-09-s1
2026-09-09 14:42:50+00:00,bench-01,2491,40.7,1,auto,-88.3,5279613,35,65,2026-09-09-s1
2026-09-09 14:43:00+00:00,bench-01,2458,41.8,1,auto,-88.3,5289616,35,65,2026-09-09-s1
2026-09-09 14:43:10+00:00,bench-01,2457,41.9,1,auto,-87.9,5299615,35,65,2026-09-09-s1
2026-09-09 14:43:20+00:00,bench-01,2452,43.0,1,auto,-86.1,5309617,35,65,2026-09-09-s1
2026-09-09 14:43:30+00:00,bench-01,2459,43.2,1,auto,-84.5,5319618,35,65,2026-09-09-s1
2026-09-09 14:43:40+00:00,bench-01,2477,42.9,1,auto,-85.0,5329616,35,65,2026-09-09-s1
2026-09-09 14:43:50+00:00,bench-01,2421,43.9,1,auto,-83.5,5339613,35,65,2026-09-09-s1
2026-09-09 14:44:00+00:00,bench-01,2423,43.7,1,auto,-84.7,5349615,35,65,2026-09-09-s1
2026-09-09 14:44:10+00:00,bench-01,2443,44.2,1,auto,-84.4,5359611,35,65,2026-09-09-s1
2026-09-09 14:44:20+00:00,bench-01,2415,44.8,1,auto,-84.8,5369610,35,65,2026-09-09-s1
2026-09-09 14:44:30+00:00,bench-01,2422,44.9,1,auto,-84.4,5379610,35,65,2026-09-09-s1
2026-09-09 14:44:40+00:00,bench-01,2393,45.3,1,auto,-84.7,5389610,35,65,2026-09-09-s1
2026-09-09 14:44:50+00:00,bench-01,2424,45.5,1,auto,-85.1,5399613,35,65,2026-09-09-s1
2026-09-09 14:45:00+00:00,bench-01,2388,46.1,1,auto,-84.3,5409608,35,65,2026-09-09-s1
2026-09-09 14:45:10+00:00,bench-01,2374,46.4,1,auto,-84.1,5419610,35,65,2026-09-09-s1
2026-09-09 14:45:20+00:00,bench-01,2377,45.9,1,auto,-83.3,5429610,35,65,2026-09-09-s1
2026-09-09 14:45:30+00:00,bench-01,2378,46.7,1,auto,-83.1,5439613,35,65,2026-09-09-s1
2026-09-09 14:45:40+00:00,bench-01,2373,46.7,1,auto,-83.1,5449608,35,65,2026-09-09-s1
2026-09-09 14:45:50+00:00,bench-01,2368,46.8,1,auto,-82.1,5459611,35,65,2026-09-09-s1
2026-09-09 14:46:00+00:00,bench-01,2360,47.5,1,auto,-82.5,5469609,35,65,2026-09-09-s1
2026-09-09 14:46:10+00:00,bench-01,2365,47.7,1,auto,-83.3,5479608,35,65,2026-09-09-s1
2026-09-09 14:46:20+00:00,bench-01,2349,47.8,1,auto,-83.5,5489612,35,65,2026-09-09-s1
2026-09-09 14:46:30+00:00,bench-01,2320,47.7,1,auto,-84.0,5499611,35,65,2026-09-09-s1
2026-09-09 14:46:40+00:00,bench-01,2333,48.4,1,auto,-84.0,5509614,35,65,2026-09-09-s1
2026-09-09 14:46:50+00:00,bench-01,2314,49.6,1,auto,-85.5,5519615,35,65,2026-09-09-s1
2026-09-09 14:47:00+00:00,bench-01,2325,49.3,1,auto,-84.8,5529610,35,65,2026-09-09-s1
2026-09-09 14:47:10+00:00,bench-01,2286,49.5,1,auto,-83.0,5539613,35,65,2026-09-09-s1
2026-09-09 14:47:20+00:00,bench-01,2327,49.2,1,auto,-83.8,5549608,35,65,2026-09-09-s1
2026-09-09 14:47:30+00:00,bench-01,2325,49.5,1,auto,-83.3,5559607,35,65,2026-09-09-s1
2026-09-09 14:47:40+00:00,bench-01,2304,49.9,1,auto,-82.1,5569610,35,65,2026-09-09-s1
2026-09-09 14:47:50+00:00,bench-01,2322,50.0,1,auto,-83.3,5579606,35,65,2026-09-09-s1
2026-09-09 14:48:00+00:00,bench-01,2285,50.8,1,auto,-85.5,5589605,35,65,2026-09-09-s1
2026-09-09 14:48:10+00:00,bench-01,2309,50.7,1,auto,-86.5,5599605,35,65,2026-09-09-s1
2026-09-09 14:48:20+00:00,bench-01,2285,51.6,1,auto,-88.1,5609605,35,65,2026-09-09-s1
2026-09-09 14:48:30+00:00,bench-01,2262,51.4,1,auto,-88.2,5619609,35,65,2026-09-09-s1
2026-09-09 14:48:40+00:00,bench-01,2263,51.6,1,auto,-88.9,5629612,35,65,2026-09-09-s1
2026-09-09 14:48:50+00:00,bench-01,2260,52.3,1,auto,-86.0,5639607,35,65,2026-09-09-s1
2026-09-09 14:49:00+00:00,bench-01,2257,51.9,1,auto,-84.8,5649603,35,65,2026-09-09-s1
2026-09-09 14:49:10+00:00,bench-01,2267,52.0,1,auto,-87.3,5659598,35,65,2026-09-09-s1
2026-09-09 14:49:20+00:00,bench-01,2276,52.7,1,auto,-87.6,5669595,35,65,2026-09-09-s1
2026-09-09 14:49:30+00:00,bench-01,2253,52.7,1,auto,-87.7,5679591,35,65,2026-09-09-s1
2026-09-09 14:49:40+00:00,bench-01,2240,53.5,1,auto,-88.2,5689591,35,65,2026-09-09-s1
2026-09-09 14:49:50+00:00,bench-01,2251,52.9,1,auto,-85.9,5699594,35,65,2026-09-09-s1
2026-09-09 14:50:00+00:00,bench-01,2218,53.7,1,auto,-84.4,5709595,35,65,2026-09-09-s1
2026-09-09 14:50:10+00:00,bench-01,2226,53.9,1,auto,-85.7,5719590,35,65,2026-09-09-s1
2026-09-09 14:50:20+00:00,bench-01,2225,53.9,1,auto,-85.1,5729590,35,65,2026-09-09-s1
2026-09-09 14:50:30+00:00,bench-01,2197,54.2,1,auto,-84.0,5739586,35,65,2026-09-09-s1
2026-09-09 14:50:40+00:00,bench-01,2224,54.2,1,auto,-84.5,5749584,35,65,2026-09-09-s1
2026-09-09 14:50:50+00:00,bench-01,2225,54.6,1,auto,-86.0,5759583,35,65,2026-09-09-s1
2026-09-09 14:51:00+00:00,bench-01,2200,55.0,1,auto,-86.3,5769585,35,65,2026-09-09-s1
2026-09-09 14:51:10+00:00,bench-01,2194,55.2,1,auto,-84.3,5779583,35,65,2026-09-09-s1
2026-09-09 14:51:20+00:00,bench-01,2193,55.3,1,auto,-85.3,5789584,35,65,2026-09-09-s1
2026-09-09 14:51:30+00:00,bench-01,2223,55.0,1,auto,-85.9,5799580,35,65,2026-09-09-s1
2026-09-09 14:51:40+00:00,bench-01,2194,55.5,1,auto,-83.4,5809581,35,65,2026-09-09-s1
2026-09-09 14:51:50+00:00,bench-01,0,120.0,1,auto,-83.4,5819578,35,65,2026-09-09-s1
2026-09-09 14:52:00+00:00,bench-01,2190,55.7,1,auto,-83.3,5829576,35,65,2026-09-09-s1
2026-09-09 14:52:10+00:00,bench-01,2181,56.4,1,auto,-81.1,5839571,35,65,2026-09-09-s1
2026-09-09 14:52:20+00:00,bench-01,2182,56.1,1,auto,-81.1,5849571,35,65,2026-09-09-s1
2026-09-09 14:52:30+00:00,bench-01,2164,56.7,1,auto,-80.6,5859567,35,65,2026-09-09-s1
2026-09-09 14:52:40+00:00,bench-01,2152,56.9,1,auto,-82.4,5869570,35,65,2026-09-09-s1
2026-09-09 14:52:50+00:00,bench-01,2157,57.0,1,auto,-82.0,5879573,35,65,2026-09-09-s1
2026-09-09 14:53:00+00:00,bench-01,2156,57.6,1,auto,-82.1,5889569,35,65,2026-09-09-s1
2026-09-09 14:53:10+00:00,bench-01,2186,56.9,1,auto,-84.8,5899568,35,65,2026-09-09-s1
2026-09-09 14:53:20+00:00,bench-01,2141,58.3,1,auto,-85.6,5909567,35,65,2026-09-09-s1
2026-09-09 14:53:30+00:00,bench-01,2125,57.9,1,auto,-85.4,5919562,35,65,2026-09-09-s1
2026-09-09 14:53:40+00:00,bench-01,2146,57.9,1,auto,-86.6,5929560,35,65,2026-09-09-s1
2026-09-09 14:53:50+00:00,bench-01,2168,57.7,1,auto,-85.1,5939562,35,65,2026-09-09-s1
2026-09-09 14:54:00+00:00,bench-01,2129,58.6,1,auto,-86.0,5949562,35,65,2026-09-09-s1
2026-09-09 14:54:10+00:00,bench-01,2139,58.4,1,auto,-84.6,5959557,35,65,2026-09-09-s1
2026-09-09 14:54:20+00:00,bench-01,2131,58.7,1,auto,-84.8,5969557,35,65,2026-09-09-s1
2026-09-09 14:54:30+00:00,bench-01,2133,58.7,1,auto,-83.8,5979553,35,65,2026-09-09-s1
2026-09-09 14:54:40+00:00,bench-01,2102,58.7,1,auto,-85.0,5989548,35,65,2026-09-09-s1
2026-09-09 14:54:50+00:00,bench-01,2143,58.8,1,auto,-85.9,5999551,35,65,2026-09-09-s1
2026-09-09 14:55:00+00:00,bench-01,2095,60.0,1,auto,-86.6,6009553,35,65,2026-09-09-s1
2026-09-09 14:55:10+00:00,bench-01,2103,59.6,1,auto,-86.0,6019548,35,65,2026-09-09-s1
2026-09-09 14:55:20+00:00,bench-01,2105,59.4,1,auto,-84.9,6029551,35,65,2026-09-09-s1
2026-09-09 14:55:30+00:00,bench-01,2126,59.2,1,auto,-84.7,6039546,35,65,2026-09-09-s1
2026-09-09 14:55:40+00:00,bench-01,2135,59.4,1,auto,-84.1,6049546,35,65,2026-09-09-s1
2026-09-09 14:55:50+00:00,bench-01,2102,59.4,1,auto,-85.8,6059544,35,65,2026-09-09-s1
2026-09-09 14:56:00+00:00,bench-01,2130,59.3,1,auto,-84.8,6069548,35,65,2026-09-09-s1
2026-09-09 14:56:10+00:00,bench-01,2098,59.7,1,auto,-85.2,6079548,35,65,2026-09-09-s1
2026-09-09 14:56:20+00:00,bench-01,2100,60.6,1,auto,-85.5,6089544,35,65,2026-09-09-s1
2026-09-09 14:56:30+00:00,bench-01,2106,60.0,1,auto,-85.4,6099540,35,65,2026-09-09-s1
2026-09-09 14:56:40+00:00,bench-01,2113,60.3,1,auto,-85.1,6109539,35,65,2026-09-09-s1
2026-09-09 14:56:50+00:00,bench-01,2073,60.9,1,auto,-86.4,6119540,35,65,2026-09-09-s1
2026-09-09 14:57:00+00:00,bench-01,2101,60.4,1,auto,-89.6,6129544,35,65,2026-09-09-s1
2026-09-09 14:57:10+00:00,bench-01,2068,61.3,1,auto,-89.2,6139543,35,65,2026-09-09-s1
2026-09-09 14:57:20+00:00,bench-01,2059,61.4,1,auto,-89.6,6149542,35,65,2026-09-09-s1
2026-09-09 14:57:30+00:00,bench-01,2085,61.1,1,auto,-90.0,6159541,35,65,2026-09-09-s1
2026-09-09 14:57:40+00:00,bench-01,2071,61.5,1,auto,-89.6,6169537,35,65,2026-09-09-s1
2026-09-09 14:57:50+00:00,bench-01,2050,61.1,1,auto,-88.7,6179536,35,65,2026-09-09-s1
2026-09-09 14:58:00+00:00,bench-01,2076,61.6,1,auto,-86.9,6189534,35,65,2026-09-09-s1
2026-09-09 14:58:10+00:00,bench-01,2077,62.1,1,auto,-87.3,6199529,35,65,2026-09-09-s1
2026-09-09 14:58:20+00:00,bench-01,2068,61.8,1,auto,-85.0,6209527,35,65,2026-09-09-s1
2026-09-09 14:58:30+00:00,bench-01,2053,62.3,1,auto,-86.3,6219529,35,65,2026-09-09-s1
2026-09-09 14:58:40+00:00,bench-01,2035,63.1,1,auto,-86.9,6229524,35,65,2026-09-09-s1
2026-09-09 14:58:50+00:00,bench-01,2039,63.4,1,auto,-87.0,6239521,35,65,2026-09-09-s1
2026-09-09 14:59:00+00:00,bench-01,2065,62.3,1,auto,-88.2,6249522,35,65,2026-09-09-s1
2026-09-09 14:59:10+00:00,bench-01,2063,62.1,1,auto,-90.0,6259525,35,65,2026-09-09-s1
2026-09-09 14:59:20+00:00,bench-01,2061,62.5,1,auto,-90.0,6269529,35,65,2026-09-09-s1
2026-09-09 14:59:30+00:00,bench-01,2039,63.0,1,auto,-88.8,6279529,35,65,2026-09-09-s1
2026-09-09 14:59:40+00:00,bench-01,2049,62.7,1,auto,-89.9,6289531,35,65,2026-09-09-s1
2026-09-09 14:59:50+00:00,bench-01,2074,62.9,1,auto,-88.4,6299529,35,65,2026-09-09-s1
2026-09-09 15:00:00+00:00,bench-01,2048,63.0,1,auto,-88.0,6309533,35,65,2026-09-09-s1
2026-09-09 15:00:10+00:00,bench-01,2029,62.9,1,auto,-87.9,6319533,35,65,2026-09-09-s1
2026-09-09 15:00:20+00:00,bench-01,2025,62.9,1,auto,-88.6,6329532,35,65,2026-09-09-s1
2026-09-09 15:00:30+00:00,bench-01,2035,63.3,1,auto,-87.8,6339527,35,65,2026-09-09-s1
2026-09-09 15:00:40+00:00,bench-01,2009,63.5,1,auto,-86.9,6349522,35,65,2026-09-09-s1
2026-09-09 15:00:50+00:00,bench-01,2038,63.5,1,auto,-87.6,6359518,35,65,2026-09-09-s1
2026-09-09 15:01:00+00:00,bench-01,2009,64.4,1,auto,-87.4,6369518,35,65,2026-09-09-s1
2026-09-09 15:01:10+00:00,bench-01,2024,64.0,1,auto,-87.8,6379513,35,65,2026-09-09-s1
2026-09-09 15:01:20+00:00,bench-01,2045,64.1,1,auto,-88.2,6389511,35,65,2026-09-09-s1
2026-09-09 15:01:30+00:00,bench-01,2006,64.7,1,auto,-88.4,6399514,35,65,2026-09-09-s1
2026-09-09 15:01:40+00:00,bench-01,1989,64.8,1,auto,-90.0,6409514,35,65,2026-09-09-s1
2026-09-09 15:01:50+00:00,bench-01,2040,64.1,1,auto,-89.8,6419511,35,65,2026-09-09-s1
2026-09-09 15:02:00+00:00,bench-01,1985,65.9,1,auto,-88.4,6429511,35,65,2026-09-09-s1
2026-09-09 15:02:10+00:00,bench-01,2033,64.3,1,auto,-90.0,6439515,35,65,2026-09-09-s1
2026-09-09 15:02:20+00:00,bench-01,1990,64.7,1,auto,-90.0,6449512,35,65,2026-09-09-s1
2026-09-09 15:02:30+00:00,bench-01,2010,64.6,0,auto,-90.0,6459510,35,65,2026-09-09-s1
2026-09-09 15:02:40+00:00,bench-01,2059,62.5,0,auto,-88.6,6469513,35,65,2026-09-09-s1
2026-09-09 15:02:50+00:00,bench-01,2035,63.1,0,auto,-88.1,6479515,35,65,2026-09-09-s1
2026-09-09 15:03:00+00:00,bench-01,2083,62.1,0,auto,-88.8,6489512,35,65,2026-09-09-s1
2026-09-09 15:03:10+00:00,bench-01,2060,62.1,0,auto,-90.0,6499515,35,65,2026-09-09-s1
2026-09-09 15:03:20+00:00,bench-01,2069,61.2,0,auto,-90.0,6509517,35,65,2026-09-09-s1
2026-09-09 15:03:30+00:00,bench-01,2102,60.8,0,auto,-90.0,6519518,35,65,2026-09-09-s1
2026-09-09 15:03:40+00:00,bench-01,2079,59.9,0,auto,-88.6,6529515,35,65,2026-09-09-s1
2026-09-09 15:03:50+00:00,bench-01,2108,59.0,0,auto,-87.5,6539510,35,65,2026-09-09-s1
2026-09-09 15:04:00+00:00,bench-01,2121,59.0,0,auto,-89.6,6549508,35,65,2026-09-09-s1
2026-09-09 15:04:10+00:00,bench-01,2131,58.2,0,auto,-90.0,6559509,35,65,2026-09-09-s1
2026-09-09 15:04:20+00:00,bench-01,2133,58.0,0,auto,-87.4,6569507,35,65,2026-09-09-s1
2026-09-09 15:04:30+00:00,bench-01,2151,56.9,0,auto,-87.9,6579511,35,65,2026-09-09-s1
2026-09-09 15:04:40+00:00,bench-01,2174,56.6,0,auto,-88.3,6589510,35,65,2026-09-09-s1
2026-09-09 15:04:50+00:00,bench-01,2161,57.0,0,auto,-87.6,6599505,35,65,2026-09-09-s1
2026-09-10 10:05:00+00:00,bench-01,2453,42.9,0,auto,-65.2,9997,35,65,2026-09-10-s1
2026-09-10 10:05:10+00:00,bench-01,2465,42.8,0,auto,-66.4,19997,35,65,2026-09-10-s1
2026-09-10 10:05:20+00:00,bench-01,2459,41.8,0,auto,-66.2,29992,35,65,2026-09-10-s1
2026-09-10 10:05:30+00:00,bench-01,2470,41.7,0,auto,-66.0,39991,35,65,2026-09-10-s1
2026-09-10 10:05:40+00:00,bench-01,2504,41.1,0,auto,-65.2,49988,35,65,2026-09-10-s1
2026-09-10 10:05:50+00:00,bench-01,2490,40.5,0,auto,-67.2,59988,35,65,2026-09-10-s1
2026-09-10 10:06:00+00:00,bench-01,2496,40.1,0,auto,-64.9,69983,35,65,2026-09-10-s1
2026-09-10 10:06:10+00:00,bench-01,2517,40.2,0,auto,-65.0,79983,35,65,2026-09-10-s1
2026-09-10 10:06:20+00:00,bench-01,2542,38.7,0,auto,-65.8,89987,35,65,2026-09-10-s1
2026-09-10 10:06:30+00:00,bench-01,2532,38.9,0,auto,-67.2,99990,35,65,2026-09-10-s1
2026-09-10 10:06:40+00:00,bench-01,2493,39.1,0,auto,-67.9,109987,35,65,2026-09-10-s1
2026-09-10 10:06:50+00:00,bench-01,2552,38.2,0,auto,-70.0,119989,35,65,2026-09-10-s1
2026-09-10 10:07:00+00:00,bench-01,2538,38.2,0,auto,-71.8,129992,35,65,2026-09-10-s1
2026-09-10 10:07:10+00:00,bench-01,2563,37.9,0,auto,-70.9,139991,35,65,2026-09-10-s1
2026-09-10 10:07:20+00:00,bench-01,2571,37.1,0,auto,-72.8,149991,35,65,2026-09-10-s1
2026-09-10 10:07:30+00:00,bench-01,2575,37.2,0,auto,-74.5,159989,35,65,2026-09-10-s1
2026-09-10 10:07:40+00:00,bench-01,2576,36.3,0,auto,-73.4,169992,35,65,2026-09-10-s1
2026-09-10 10:07:50+00:00,bench-01,2585,36.0,0,auto,-73.6,179994,35,65,2026-09-10-s1
2026-09-10 10:08:00+00:00,bench-01,0,120.0,0,auto,-72.4,189994,35,65,2026-09-10-s1
2026-09-10 10:08:10+00:00,bench-01,2604,35.3,0,auto,-71.9,199994,35,65,2026-09-10-s1
2026-09-10 10:08:20+00:00,bench-01,2580,35.8,0,auto,-70.7,209998,35,65,2026-09-10-s1
2026-09-10 10:08:30+00:00,bench-01,2606,35.1,0,auto,-71.2,219993,35,65,2026-09-10-s1
2026-09-10 10:08:40+00:00,bench-01,2596,35.1,0,auto,-71.5,229992,35,65,2026-09-10-s1
2026-09-10 10:08:50+00:00,bench-01,2591,35.6,1,auto,-69.2,239995,35,65,2026-09-10-s1
2026-09-10 10:09:00+00:00,bench-01,2596,35.7,1,auto,-70.0,249992,35,65,2026-09-10-s1
2026-09-10 10:09:10+00:00,bench-01,2601,36.2,1,auto,-70.9,259991,35,65,2026-09-10-s1
2026-09-10 10:09:20+00:00,bench-01,2562,36.5,1,auto,-70.3,269989,35,65,2026-09-10-s1
2026-09-10 10:09:30+00:00,bench-01,2573,36.3,1,auto,-69.1,279986,35,65,2026-09-10-s1
2026-09-10 10:09:40+00:00,bench-01,2557,37.4,1,auto,-68.3,289984,35,65,2026-09-10-s1
2026-09-10 10:09:50+00:00,bench-01,2554,38.1,1,auto,-68.6,299983,35,65,2026-09-10-s1
2026-09-10 10:10:00+00:00,bench-01,2560,37.2,1,auto,-69.2,309983,35,65,2026-09-10-s1
2026-09-10 10:10:10+00:00,bench-01,2533,38.2,1,auto,-69.2,319979,35,65,2026-09-10-s1
2026-09-10 10:10:20+00:00,bench-01,2540,38.7,1,auto,-68.6,329982,35,65,2026-09-10-s1
2026-09-10 10:10:30+00:00,bench-01,2544,38.3,1,auto,-69.5,339985,35,65,2026-09-10-s1
2026-09-10 10:10:40+00:00,bench-01,2522,39.3,1,auto,-68.7,349987,35,65,2026-09-10-s1
2026-09-10 10:10:50+00:00,bench-01,2531,38.9,1,auto,-66.8,359983,35,65,2026-09-10-s1
2026-09-10 10:11:00+00:00,bench-01,2510,39.3,1,auto,-64.1,369981,35,65,2026-09-10-s1
2026-09-10 10:11:10+00:00,bench-01,2483,41.1,1,auto,-62.4,379982,35,65,2026-09-10-s1
2026-09-10 10:11:20+00:00,bench-01,2496,40.6,1,auto,-62.0,389986,35,65,2026-09-10-s1
2026-09-10 10:11:30+00:00,bench-01,2475,41.0,1,auto,-61.4,399982,35,65,2026-09-10-s1
2026-09-10 10:11:40+00:00,bench-01,2474,41.7,1,auto,-62.1,409980,35,65,2026-09-10-s1
2026-09-10 10:11:50+00:00,bench-01,2465,41.2,1,auto,-63.8,419976,35,65,2026-09-10-s1
2026-09-10 10:12:00+00:00,bench-01,2475,42.0,1,auto,-64.4,429973,35,65,2026-09-10-s1
2026-09-10 10:12:10+00:00,bench-01,2462,42.6,1,auto,-66.7,439970,35,65,2026-09-10-s1
2026-09-10 10:12:20+00:00,bench-01,2452,42.8,1,auto,-66.3,449972,35,65,2026-09-10-s1
2026-09-10 10:12:30+00:00,bench-01,2425,43.7,1,auto,-67.4,459976,35,65,2026-09-10-s1
2026-09-10 10:12:40+00:00,bench-01,2427,43.6,1,auto,-66.4,469971,35,65,2026-09-10-s1
2026-09-10 10:12:50+00:00,bench-01,2432,43.9,1,auto,-66.5,479969,35,65,2026-09-10-s1
2026-09-10 10:13:00+00:00,bench-01,2408,44.2,1,auto,-68.0,489966,35,65,2026-09-10-s1
2026-09-10 10:13:10+00:00,bench-01,2424,44.4,1,auto,-68.1,499963,35,65,2026-09-10-s1
2026-09-10 10:13:20+00:00,bench-01,2432,44.3,1,auto,-68.8,509958,35,65,2026-09-10-s1
2026-09-10 10:13:30+00:00,bench-01,2408,44.7,1,auto,-70.7,519953,35,65,2026-09-10-s1
2026-09-10 10:13:40+00:00,bench-01,2405,45.3,1,auto,-71.6,529955,35,65,2026-09-10-s1
2026-09-10 10:13:50+00:00,bench-01,2424,45.6,1,auto,-69.8,539957,35,65,2026-09-10-s1
2026-09-10 10:14:00+00:00,bench-01,2379,45.9,1,auto,-68.7,549953,35,65,2026-09-10-s1
2026-09-10 10:14:10+00:00,bench-01,2404,45.9,1,auto,-69.8,559954,35,65,2026-09-10-s1
2026-09-10 10:14:20+00:00,bench-01,2393,46.3,1,auto,-68.2,569951,35,65,2026-09-10-s1
2026-09-10 10:14:30+00:00,bench-01,2371,46.2,1,auto,-66.3,579955,35,65,2026-09-10-s1
2026-09-10 10:14:40+00:00,bench-01,2370,47.0,1,auto,-65.9,589951,35,65,2026-09-10-s1
2026-09-10 10:14:50+00:00,bench-01,2360,47.5,1,auto,-65.7,599946,35,65,2026-09-10-s1
2026-09-10 10:15:00+00:00,bench-01,2353,47.2,1,auto,-64.0,609950,35,65,2026-09-10-s1
2026-09-10 10:15:10+00:00,bench-01,4095,-20.0,1,auto,-62.9,619954,35,65,2026-09-10-s1
2026-09-10 10:15:20+00:00,bench-01,2356,47.6,1,auto,-63.3,629952,35,65,2026-09-10-s1
2026-09-10 10:15:30+00:00,bench-01,2331,48.7,1,auto,-62.4,639949,35,65,2026-09-10-s1
2026-09-10 10:15:40+00:00,bench-01,2333,48.6,1,auto,-60.8,649944,35,65,2026-09-10-s1
2026-09-10 10:15:50+00:00,bench-01,2316,49.1,1,auto,-60.3,659946,35,65,2026-09-10-s1
2026-09-10 10:16:00+00:00,bench-01,2334,48.4,1,auto,-62.0,669944,35,65,2026-09-10-s1
2026-09-10 10:16:10+00:00,bench-01,2330,49.1,1,auto,-60.6,679946,35,65,2026-09-10-s1
2026-09-10 10:16:20+00:00,bench-01,2331,48.7,1,auto,-59.2,689944,35,65,2026-09-10-s1
2026-09-10 10:16:30+00:00,bench-01,2324,49.8,1,auto,-58.1,699948,35,65,2026-09-10-s1
2026-09-10 10:16:40+00:00,bench-01,2298,50.2,1,manual,-57.0,709949,35,65,2026-09-10-s1
2026-09-10 10:16:50+00:00,bench-01,2300,49.8,1,manual,-55.8,719945,35,65,2026-09-10-s1
2026-09-10 10:17:00+00:00,bench-01,2320,49.9,1,manual,-56.6,729947,35,65,2026-09-10-s1
2026-09-10 10:17:10+00:00,bench-01,2278,50.6,1,manual,-56.6,739943,35,65,2026-09-10-s1
2026-09-10 10:17:20+00:00,bench-01,2306,50.7,1,manual,-56.9,749947,35,65,2026-09-10-s1
2026-09-10 10:17:30+00:00,bench-01,2260,51.1,1,manual,-56.1,759949,35,65,2026-09-10-s1
2026-09-10 10:17:40+00:00,bench-01,2290,50.7,1,manual,-55.5,769945,35,65,2026-09-10-s1
2026-09-10 10:17:50+00:00,bench-01,2274,51.2,1,manual,-56.0,779945,35,65,2026-09-10-s1
2026-09-10 10:18:00+00:00,bench-01,2279,51.8,1,manual,-55.2,789949,35,65,2026-09-10-s1
2026-09-10 10:18:10+00:00,bench-01,2285,52.1,1,manual,-56.4,799950,35,65,2026-09-10-s1
2026-09-10 10:18:20+00:00,bench-01,2262,51.8,1,manual,-56.0,809945,35,65,2026-09-10-s1
2026-09-10 10:18:30+00:00,bench-01,2241,51.8,1,manual,-56.8,819940,35,65,2026-09-10-s1
2026-09-10 10:18:40+00:00,bench-01,2272,51.7,1,manual,-56.4,829935,35,65,2026-09-10-s1
2026-09-10 10:18:50+00:00,bench-01,2257,52.1,1,manual,-56.3,839933,35,65,2026-09-10-s1
2026-09-10 10:19:00+00:00,bench-01,2256,52.8,1,manual,-55.3,849929,35,65,2026-09-10-s1
2026-09-10 10:19:10+00:00,bench-01,2251,52.6,1,manual,-54.5,859925,35,65,2026-09-10-s1
2026-09-10 10:19:20+00:00,bench-01,2244,52.5,1,manual,-53.8,869926,35,65,2026-09-10-s1
2026-09-10 10:19:30+00:00,bench-01,2250,52.7,1,manual,-51.8,879926,35,65,2026-09-10-s1
2026-09-10 10:19:40+00:00,bench-01,2230,53.6,1,manual,-52.5,889930,35,65,2026-09-10-s1
2026-09-10 10:19:50+00:00,bench-01,2222,53.3,1,manual,-52.1,899932,35,65,2026-09-10-s1
2026-09-10 10:20:00+00:00,bench-01,2244,53.3,1,auto,-53.5,909936,35,65,2026-09-10-s1
2026-09-10 10:20:10+00:00,bench-01,2248,53.2,1,auto,-53.6,919938,35,65,2026-09-10-s1
2026-09-10 10:20:20+00:00,bench-01,2221,54.4,1,auto,-51.8,929934,35,65,2026-09-10-s1
2026-09-10 10:20:30+00:00,bench-01,2213,54.4,1,auto,-51.7,939929,35,65,2026-09-10-s1
2026-09-10 10:20:40+00:00,bench-01,2218,54.5,1,auto,-52.6,949931,35,65,2026-09-10-s1
2026-09-10 10:20:50+00:00,bench-01,2212,54.8,1,auto,-54.1,959934,35,65,2026-09-10-s1
2026-09-10 10:21:00+00:00,bench-01,2216,54.9,1,auto,-54.9,969933,35,65,2026-09-10-s1
2026-09-10 10:21:10+00:00,bench-01,2207,54.9,1,auto,-51.9,979937,35,65,2026-09-10-s1
2026-09-10 10:21:20+00:00,bench-01,2222,54.8,1,auto,-57.1,989938,35,65,2026-09-10-s1
2026-09-10 10:21:30+00:00,bench-01,2232,54.1,1,auto,-60.0,999937,35,65,2026-09-10-s1
2026-09-10 10:21:40+00:00,bench-01,2185,55.7,1,auto,-59.1,1009935,35,65,2026-09-10-s1
2026-09-10 10:21:50+00:00,bench-01,2181,55.2,1,auto,-58.7,1019939,35,65,2026-09-10-s1
2026-09-10 10:22:00+00:00,bench-01,2191,55.5,1,auto,-59.1,1029935,35,65,2026-09-10-s1
2026-09-10 10:22:10+00:00,bench-01,2191,55.8,1,auto,-59.2,1039936,35,65,2026-09-10-s1
2026-09-10 10:22:20+00:00,bench-01,2172,56.2,1,auto,-59.1,1049939,35,65,2026-09-10-s1
2026-09-10 10:22:30+00:00,bench-01,2181,56.3,1,auto,-59.8,1059939,35,65,2026-09-10-s1
2026-09-10 10:22:40+00:00,bench-01,2166,55.8,1,auto,-58.1,1069938,35,65,2026-09-10-s1
2026-09-10 10:22:50+00:00,bench-01,2195,56.2,1,auto,-55.5,1079934,35,65,2026-09-10-s1
2026-09-10 10:23:00+00:00,bench-01,2185,55.7,1,auto,-54.8,1089931,35,65,2026-09-10-s1
2026-09-10 10:23:10+00:00,bench-01,2168,56.9,1,auto,-53.7,1099929,35,65,2026-09-10-s1
2026-09-10 10:23:20+00:00,bench-01,2173,56.4,1,auto,-54.3,1109930,35,65,2026-09-10-s1
2026-09-10 10:23:30+00:00,bench-01,2198,57.2,1,auto,-54.1,1119933,35,65,2026-09-10-s1
2026-09-10 10:23:40+00:00,bench-01,2141,56.8,1,auto,-52.4,1129934,35,65,2026-09-10-s1
2026-09-10 10:23:50+00:00,bench-01,2125,57.8,1,auto,-51.5,1139935,35,65,2026-09-10-s1
2026-09-10 10:24:00+00:00,bench-01,2155,57.9,1,auto,-53.3,1149933,35,65,2026-09-10-s1
2026-09-10 10:24:10+00:00,bench-01,2150,58.3,1,auto,-53.0,1159928,35,65,2026-09-10-s1
2026-09-10 10:24:20+00:00,bench-01,2199,56.6,1,auto,-53.7,1169925,35,65,2026-09-10-s1
2026-09-10 10:24:30+00:00,bench-01,2125,58.8,1,auto,-52.3,1179928,35,65,2026-09-10-s1
2026-09-10 10:24:40+00:00,bench-01,2119,59.3,1,auto,-52.1,1189928,35,65,2026-09-10-s1
2026-09-10 10:24:50+00:00,bench-01,2139,57.9,1,auto,-49.9,1199928,35,65,2026-09-10-s1
2026-09-10 10:25:00+00:00,bench-01,2136,59.0,1,auto,-50.5,1209924,35,65,2026-09-10-s1
2026-09-10 10:25:10+00:00,bench-01,2117,58.8,1,auto,-51.0,1219928,35,65,2026-09-10-s1
2026-09-10 10:25:20+00:00,bench-01,2122,58.8,1,auto,-51.2,1229924,35,65,2026-09-10-s1
2026-09-10 10:25:30+00:00,bench-01,2127,59.3,1,auto,-51.7,1239919,35,65,2026-09-10-s1
2026-09-10 10:25:40+00:00,bench-01,2111,59.3,1,auto,-51.5,1249914,35,65,2026-09-10-s1
2026-09-10 10:25:50+00:00,bench-01,2090,60.4,1,auto,-52.9,1259910,35,65,2026-09-10-s1
2026-09-10 10:26:00+00:00,bench-01,2091,59.4,1,auto,-53.8,1269911,35,65,2026-09-10-s1
2026-09-10 10:26:10+00:00,bench-01,2117,59.5,1,auto,-52.9,1279913,35,65,2026-09-10-s1
2026-09-10 10:26:20+00:00,bench-01,2121,59.7,1,auto,-52.1,1289912,35,65,2026-09-10-s1
2026-09-10 10:26:30+00:00,bench-01,2119,59.8,1,auto,-50.7,1299913,35,65,2026-09-10-s1
2026-09-10 10:26:40+00:00,bench-01,2087,59.7,1,auto,-49.1,1309911,35,65,2026-09-10-s1
2026-09-10 10:26:50+00:00,bench-01,2096,60.3,1,auto,-47.8,1319913,35,65,2026-09-10-s1
2026-09-10 10:27:00+00:00,bench-01,2098,60.9,1,auto,-47.8,1329914,35,65,2026-09-10-s1
2026-09-10 10:27:10+00:00,bench-01,2086,61.3,1,auto,-46.8,1339917,35,65,2026-09-10-s1
2026-09-10 10:27:20+00:00,bench-01,2080,61.1,1,auto,-46.2,1349919,35,65,2026-09-10-s1
2026-09-10 10:27:30+00:00,bench-01,2088,60.6,1,auto,-44.1,1359916,35,65,2026-09-10-s1
2026-09-10 10:27:40+00:00,bench-01,2097,61.1,1,auto,-43.8,1369914,35,65,2026-09-10-s1
2026-09-10 10:27:50+00:00,bench-01,2085,60.9,1,auto,-44.2,1379909,35,65,2026-09-10-s1
2026-09-10 10:28:00+00:00,bench-01,2073,60.7,1,auto,-44.3,1389907,35,65,2026-09-10-s1
2026-09-10 10:28:10+00:00,bench-01,2079,61.0,1,auto,-46.2,1399911,35,65,2026-09-10-s1
2026-09-10 10:28:20+00:00,bench-01,2079,61.5,1,auto,-48.0,1409912,35,65,2026-09-10-s1
2026-09-10 10:28:30+00:00,bench-01,2056,61.8,1,auto,-44.2,1419915,35,65,2026-09-10-s1
2026-09-10 10:28:40+00:00,bench-01,2067,61.6,1,auto,-45.3,1429917,35,65,2026-09-10-s1
2026-09-10 10:28:50+00:00,bench-01,2102,60.9,1,auto,-43.0,1439913,35,65,2026-09-10-s1
2026-09-10 10:29:00+00:00,bench-01,2087,61.6,1,auto,-42.7,1449912,35,65,2026-09-10-s1
2026-09-10 10:29:10+00:00,bench-01,2064,61.5,1,auto,-44.4,1459910,35,65,2026-09-10-s1
2026-09-10 10:29:20+00:00,bench-01,2031,62.0,1,auto,-44.6,1469908,35,65,2026-09-10-s1
2026-09-10 10:29:30+00:00,bench-01,2062,62.1,1,auto,-45.8,1479910,35,65,2026-09-10-s1
2026-09-10 10:29:40+00:00,bench-01,2045,62.0,1,auto,-45.8,1489912,35,65,2026-09-10-s1
2026-09-10 10:29:50+00:00,bench-01,2052,61.6,1,auto,-45.4,1499910,35,65,2026-09-10-s1
2026-09-10 10:30:00+00:00,bench-01,2047,62.2,1,auto,-44.1,1509914,35,65,2026-09-10-s1
2026-09-10 10:30:10+00:00,bench-01,2068,61.6,1,auto,-45.7,1519912,35,65,2026-09-10-s1
2026-09-10 10:30:20+00:00,bench-01,2022,62.6,1,auto,-43.8,1529916,35,65,2026-09-10-s1
2026-09-10 10:30:30+00:00,bench-01,2063,62.2,1,auto,-42.9,1539914,35,65,2026-09-10-s1
2026-09-10 10:30:40+00:00,bench-01,2074,61.8,1,auto,-41.8,1549914,35,65,2026-09-10-s1
2026-09-10 10:30:50+00:00,bench-01,2042,62.3,1,auto,-41.9,1559913,35,65,2026-09-10-s1
2026-09-10 10:31:00+00:00,bench-01,2042,62.3,1,auto,-40.6,1569917,35,65,2026-09-10-s1
2026-09-10 10:31:10+00:00,bench-01,2039,63.3,1,auto,-39.8,1579912,35,65,2026-09-10-s1
2026-09-10 10:31:20+00:00,bench-01,2068,62.1,1,auto,-39.7,1589913,35,65,2026-09-10-s1
2026-09-10 10:31:30+00:00,bench-01,2046,62.3,1,auto,-39.2,1599909,35,65,2026-09-10-s1
2026-09-10 10:31:40+00:00,bench-01,2046,63.2,1,auto,-40.0,1609913,35,65,2026-09-10-s1
2026-09-10 10:31:50+00:00,bench-01,2051,63.1,1,auto,-41.1,1619914,35,65,2026-09-10-s1
2026-09-10 10:32:00+00:00,bench-01,2040,62.7,1,auto,-40.7,1629914,35,65,2026-09-10-s1
2026-09-10 10:32:10+00:00,bench-01,2041,62.8,1,auto,-40.5,1639918,35,65,2026-09-10-s1
2026-09-10 10:32:20+00:00,bench-01,2033,62.8,1,auto,-41.0,1649921,35,65,2026-09-10-s1
2026-09-10 10:32:30+00:00,bench-01,2019,63.2,1,auto,-40.5,1659920,35,65,2026-09-10-s1
2026-09-10 10:32:40+00:00,bench-01,2036,63.3,1,auto,-42.2,1669916,35,65,2026-09-10-s1
2026-09-10 10:32:50+00:00,bench-01,2052,63.3,1,auto,-41.8,1679916,35,65,2026-09-10-s1
2026-09-10 10:33:00+00:00,bench-01,2029,63.3,1,auto,-44.3,1689919,35,65,2026-09-10-s1
2026-09-10 10:33:10+00:00,bench-01,2023,63.2,1,auto,-42.1,1699916,35,65,2026-09-10-s1
2026-09-10 10:33:20+00:00,bench-01,2050,63.2,1,auto,-42.9,1709911,35,65,2026-09-10-s1
2026-09-10 10:33:30+00:00,bench-01,1990,63.9,1,auto,-40.4,1719911,35,65,2026-09-10-s1
2026-09-10 10:33:40+00:00,bench-01,2057,63.3,1,auto,-41.3,1729908,35,65,2026-09-10-s1
2026-09-10 10:33:50+00:00,bench-01,1995,64.1,1,auto,-40.1,1739908,35,65,2026-09-10-s1
2026-09-10 10:34:00+00:00,bench-01,2007,64.6,1,auto,-39.1,1749907,35,65,2026-09-10-s1
2026-09-10 10:34:10+00:00,bench-01,2024,63.7,1,auto,-38.4,1759909,35,65,2026-09-10-s1
2026-09-10 10:34:20+00:00,bench-01,2038,64.0,1,auto,-38.3,1769913,35,65,2026-09-10-s1
2026-09-10 10:34:30+00:00,bench-01,2038,63.8,1,auto,-39.0,1779913,35,65,2026-09-10-s1
2026-09-10 10:34:40+00:00,bench-01,2008,64.5,1,auto,-39.8,1789916,35,65,2026-09-10-s1
2026-09-10 10:34:50+00:00,bench-01,2025,64.2,1,auto,-40.2,1799915,35,65,2026-09-10-s1
2026-09-10 10:35:00+00:00,bench-01,2017,64.2,1,auto,-40.3,1809913,35,65,2026-09-10-s1
2026-09-10 10:35:10+00:00,bench-01,2013,63.8,1,auto,-38.9,1819914,35,65,2026-09-10-s1
2026-09-10 10:35:20+00:00,bench-01,2015,65.0,1,auto,-39.5,1829910,35,65,2026-09-10-s1
2026-09-10 10:35:30+00:00,bench-01,1995,64.9,1,auto,-38.4,1839907,35,65,2026-09-10-s1
2026-09-10 10:35:40+00:00,bench-01,2011,64.1,1,auto,-38.8,1849904,35,65,2026-09-10-s1
2026-09-10 10:35:50+00:00,bench-01,1998,65.1,1,auto,-38.3,1859899,35,65,2026-09-10-s1
2026-09-10 10:36:00+00:00,bench-01,2004,64.8,1,auto,-36.4,1869896,35,65,2026-09-10-s1
2026-09-10 10:36:10+00:00,bench-01,1982,65.2,1,auto,-37.9,1879896,35,65,2026-09-10-s1
2026-09-10 10:36:20+00:00,bench-01,2000,64.7,1,auto,-37.8,1889893,35,65,2026-09-10-s1
2026-09-10 10:36:30+00:00,bench-01,2025,64.4,0,auto,-35.9,1899894,35,65,2026-09-10-s1
2026-09-10 10:36:40+00:00,bench-01,2045,64.0,0,auto,-36.3,1909889,35,65,2026-09-10-s1
2026-09-10 10:36:50+00:00,bench-01,2045,63.1,0,auto,-35.0,1919890,35,65,2026-09-10-s1
2026-09-10 10:37:00+00:00,bench-01,2029,62.8,0,auto,-35.0,1929885,35,65,2026-09-10-s1
2026-09-10 10:37:10+00:00,bench-01,2082,61.6,0,auto,-35.0,1939886,35,65,2026-09-10-s1
2026-09-10 10:37:20+00:00,bench-01,2071,60.4,0,auto,-36.6,1949883,35,65,2026-09-10-s1
2026-09-10 10:37:30+00:00,bench-01,2078,60.7,0,auto,-35.2,1959883,35,65,2026-09-10-s1
2026-09-10 10:37:40+00:00,bench-01,2109,59.9,0,auto,-35.0,1969887,35,65,2026-09-10-s1
2026-09-10 10:37:50+00:00,bench-01,2123,59.6,0,auto,-35.0,1979888,35,65,2026-09-10-s1
2026-09-10 10:38:00+00:00,bench-01,2121,58.7,0,auto,-35.0,1989886,35,65,2026-09-10-s1
2026-09-10 10:38:10+00:00,bench-01,2116,59.0,0,auto,-35.8,1999888,35,65,2026-09-10-s1
2026-09-10 10:38:20+00:00,bench-01,2146,57.8,0,auto,-36.9,2009883,35,65,2026-09-10-s1
2026-09-10 10:38:30+00:00,bench-01,2129,57.8,0,auto,-36.4,2019883,35,65,2026-09-10-s1
2026-09-10 10:38:40+00:00,bench-01,2193,56.6,0,auto,-35.0,2029879,35,65,2026-09-10-s1
2026-09-10 10:38:50+00:00,bench-01,2188,55.8,0,auto,-35.2,2039875,35,65,2026-09-10-s1
2026-09-10 10:39:00+00:00,bench-01,2193,55.1,0,auto,-35.0,2049879,35,65,2026-09-10-s1
2026-09-10 10:39:10+00:00,bench-01,2229,54.6,0,auto,-35.0,2059881,35,65,2026-09-10-s1
2026-09-10 10:39:20+00:00,bench-01,2238,53.4,0,auto,-35.0,2069880,35,65,2026-09-10-s1
2026-09-10 10:39:30+00:00,bench-01,2213,54.4,0,auto,-35.0,2079879,35,65,2026-09-10-s1
2026-09-10 10:39:40+00:00,bench-01,2246,53.4,0,auto,-35.0,2089875,35,65,2026-09-10-s1
2026-09-10 10:39:50+00:00,bench-01,2247,52.9,0,auto,-35.0,2099872,35,65,2026-09-10-s1
2026-09-10 10:40:00+00:00,bench-01,2252,52.8,0,auto,-35.0,2109869,35,65,2026-09-10-s1
2026-09-10 10:40:10+00:00,bench-01,2279,51.8,0,auto,-35.0,2119864,35,65,2026-09-10-s1
2026-09-10 10:40:20+00:00,bench-01,2293,51.0,0,auto,-35.0,2129868,35,65,2026-09-10-s1
2026-09-10 10:40:30+00:00,bench-01,2272,50.6,0,auto,-35.1,2139870,35,65,2026-09-10-s1
2026-09-10 10:40:40+00:00,bench-01,2289,50.4,0,auto,-35.0,2149871,35,65,2026-09-10-s1
2026-09-10 10:40:50+00:00,bench-01,2302,49.7,0,auto,-35.5,2159872,35,65,2026-09-10-s1
2026-09-10 10:41:00+00:00,bench-01,2330,48.7,0,auto,-35.0,2169876,35,65,2026-09-10-s1
2026-09-10 10:41:10+00:00,bench-01,2317,49.5,0,auto,-35.7,2179875,35,65,2026-09-10-s1
2026-09-10 10:41:20+00:00,bench-01,2328,48.5,0,auto,-35.8,2189874,35,65,2026-09-10-s1
2026-09-10 10:41:30+00:00,bench-01,2340,48.4,0,auto,-35.0,2199874,35,65,2026-09-10-s1
2026-09-10 10:41:40+00:00,bench-01,2352,48.2,0,auto,-35.0,2209873,35,65,2026-09-10-s1
2026-09-10 10:41:50+00:00,bench-01,2328,48.0,0,auto,-36.4,2219869,35,65,2026-09-10-s1
2026-09-10 10:42:00+00:00,bench-01,2388,46.3,0,auto,-35.1,2229872,35,65,2026-09-10-s1
2026-09-10 10:42:10+00:00,bench-01,2386,45.4,0,auto,-36.4,2239870,35,65,2026-09-10-s1
2026-09-10 10:42:20+00:00,bench-01,2391,46.1,0,auto,-37.0,2249867,35,65,2026-09-10-s1
2026-09-10 10:42:30+00:00,bench-01,2411,45.5,0,auto,-35.6,2259864,35,65,2026-09-10-s1
2026-09-10 10:42:40+00:00,bench-01,2423,44.9,0,auto,-37.0,2269862,35,65,2026-09-10-s1
2026-09-10 10:42:50+00:00,bench-01,2432,44.0,0,auto,-37.5,2279857,35,65,2026-09-10-s1
2026-09-10 10:43:00+00:00,bench-01,2435,44.1,0,auto,-38.3,2289854,35,65,2026-09-10-s1
2026-09-10 10:43:10+00:00,bench-01,2412,44.4,0,auto,-38.6,2299857,35,65,2026-09-10-s1
2026-09-10 10:43:20+00:00,bench-01,2425,43.9,0,auto,-38.3,2309860,35,65,2026-09-10-s1
2026-09-10 10:43:30+00:00,bench-01,2432,43.4,0,auto,-39.6,2319859,35,65,2026-09-10-s1
2026-09-10 10:43:40+00:00,bench-01,2447,43.0,0,auto,-38.3,2329860,35,65,2026-09-10-s1
2026-09-10 10:43:50+00:00,bench-01,2446,42.6,0,auto,-37.7,2339862,35,65,2026-09-10-s1
2026-09-10 10:44:00+00:00,bench-01,2459,42.2,0,auto,-39.3,2349865,35,65,2026-09-10-s1
2026-09-10 10:44:10+00:00,bench-01,2476,42.0,0,auto,-39.5,2359863,35,65,2026-09-10-s1
2026-09-10 10:44:20+00:00,bench-01,2473,41.3,0,auto,-40.7,2369859,35,65,2026-09-10-s1
2026-09-10 10:44:30+00:00,bench-01,2505,40.4,0,auto,-41.2,2379855,35,65,2026-09-10-s1
2026-09-10 10:44:40+00:00,bench-01,2514,41.2,0,auto,-41.3,2389857,35,65,2026-09-10-s1
2026-09-10 10:44:50+00:00,bench-01,2497,40.0,0,auto,-40.7,2399861,35,65,2026-09-10-s1
2026-09-10 10:45:00+00:00,bench-01,2516,39.5,0,auto,-40.0,2409859,35,65,2026-09-10-s1
2026-09-10 10:45:10+00:00,bench-01,2521,39.2,0,auto,-39.0,2419863,35,65,2026-09-10-s1
2026-09-10 10:45:20+00:00,bench-01,2534,39.0,0,auto,-38.3,2429862,35,65,2026-09-10-s1
2026-09-10 10:45:30+00:00,bench-01,2548,38.6,0,auto,-36.2,2439862,35,65,2026-09-10-s1
2026-09-10 10:45:40+00:00,bench-01,2536,38.3,0,auto,-35.3,2449866,35,65,2026-09-10-s1
2026-09-10 10:45:50+00:00,bench-01,2544,37.7,0,auto,-35.8,2459862,35,65,2026-09-10-s1
2026-09-10 10:46:00+00:00,bench-01,2557,38.2,0,auto,-37.5,2469859,35,65,2026-09-10-s1
2026-09-10 10:46:10+00:00,bench-01,2528,38.0,0,auto,-37.6,2479855,35,65,2026-09-10-s1
2026-09-10 10:46:20+00:00,bench-01,2585,37.3,0,auto,-38.3,2489856,35,65,2026-09-10-s1
2026-09-10 10:46:30+00:00,bench-01,2571,37.2,0,auto,-38.7,2499854,35,65,2026-09-10-s1
2026-09-10 10:46:40+00:00,bench-01,2576,36.5,0,auto,-37.9,2509852,35,65,2026-09-10-s1
2026-09-10 10:46:50+00:00,bench-01,2596,36.6,0,auto,-38.4,2519849,35,65,2026-09-10-s1
2026-09-10 10:47:00+00:00,bench-01,2626,35.3,0,auto,-36.3,2529853,35,65,2026-09-10-s1
2026-09-10 10:47:10+00:00,bench-01,2593,35.1,0,auto,-37.2,2539852,35,65,2026-09-10-s1
2026-09-10 10:47:20+00:00,bench-01,2600,35.5,0,auto,-35.4,2549849,35,65,2026-09-10-s1
2026-09-10 10:47:30+00:00,bench-01,2621,34.1,0,auto,-35.8,2559846,35,65,2026-09-10-s1
2026-09-10 10:47:40+00:00,bench-01,2589,35.8,1,auto,-37.7,2569848,35,65,2026-09-10-s1
2026-09-10 10:47:50+00:00,bench-01,2604,35.7,1,auto,-36.4,2579845,35,65,2026-09-10-s1
2026-09-10 10:48:00+00:00,bench-01,2585,36.0,1,auto,-37.7,2589848,35,65,2026-09-10-s1
2026-09-10 10:48:10+00:00,bench-01,2577,36.2,1,auto,-38.9,2599843,35,65,2026-09-10-s1
2026-09-10 10:48:20+00:00,bench-01,2544,37.1,1,auto,-39.4,2609843,35,65,2026-09-10-s1
2026-09-10 10:48:30+00:00,bench-01,4095,-20.0,1,auto,-38.9,2619843,35,65,2026-09-10-s1
2026-09-10 10:48:40+00:00,bench-01,2575,37.1,1,auto,-39.3,2629838,35,65,2026-09-10-s1
2026-09-10 10:48:50+00:00,bench-01,2595,36.5,1,auto,-37.1,2639833,35,65,2026-09-10-s1
2026-09-10 10:49:00+00:00,bench-01,2576,37.6,1,auto,-36.5,2649830,35,65,2026-09-10-s1
2026-09-10 10:49:10+00:00,bench-01,2535,38.5,1,auto,-37.2,2659829,35,65,2026-09-10-s1
2026-09-10 10:49:20+00:00,bench-01,2545,38.8,1,auto,-37.4,2669824,35,65,2026-09-10-s1
2026-09-10 10:49:30+00:00,bench-01,2528,39.0,1,auto,-39.4,2679827,35,65,2026-09-10-s1
2026-09-10 10:49:40+00:00,bench-01,2515,39.6,1,auto,-39.4,2689823,35,65,2026-09-10-s1
2026-09-10 10:49:50+00:00,bench-01,2534,39.3,1,auto,-40.5,2699824,35,65,2026-09-10-s1
2026-09-10 10:50:00+00:00,bench-01,2504,39.5,1,auto,-41.3,2709822,35,65,2026-09-10-s1
2026-09-10 10:50:10+00:00,bench-01,2507,40.1,1,auto,-38.6,2719819,35,65,2026-09-10-s1
2026-09-10 10:50:20+00:00,bench-01,2492,40.3,1,auto,-39.1,2729816,35,65,2026-09-10-s1
2026-09-10 10:50:30+00:00,bench-01,2490,40.8,1,auto,-39.1,2739819,35,65,2026-09-10-s1
2026-09-10 10:50:40+00:00,bench-01,2457,41.7,1,auto,-39.0,2749819,35,65,2026-09-10-s1
2026-09-10 10:50:50+00:00,bench-01,2469,41.6,1,auto,-39.1,2759818,35,65,2026-09-10-s1
2026-09-10 10:51:00+00:00,bench-01,2476,42.3,1,auto,-38.1,2769819,35,65,2026-09-10-s1
2026-09-10 10:51:10+00:00,bench-01,2451,43.4,1,auto,-38.4,2779823,35,65,2026-09-10-s1
2026-09-10 10:51:20+00:00,bench-01,2422,42.8,1,auto,-38.7,2789819,35,65,2026-09-10-s1
2026-09-10 10:51:30+00:00,bench-01,2416,43.8,1,auto,-37.4,2799817,35,65,2026-09-10-s1
2026-09-10 10:51:40+00:00,bench-01,2403,44.1,1,auto,-36.7,2809819,35,65,2026-09-10-s1
2026-09-10 10:51:50+00:00,bench-01,2429,43.6,1,auto,-38.0,2819815,35,65,2026-09-10-s1
2026-09-10 10:52:00+00:00,bench-01,2428,43.6,1,auto,-38.4,2829815,35,65,2026-09-10-s1
2026-09-10 10:52:10+00:00,bench-01,2407,44.3,1,auto,-37.8,2839818,35,65,2026-09-10-s1
2026-09-10 10:52:20+00:00,bench-01,2426,44.4,1,auto,-39.7,2849822,35,65,2026-09-10-s1
2026-09-10 10:52:30+00:00,bench-01,2408,44.7,1,auto,-39.5,2859823,35,65,2026-09-10-s1
2026-09-10 10:52:40+00:00,bench-01,2404,45.2,1,auto,-40.2,2869823,35,65,2026-09-10-s1
2026-09-10 10:52:50+00:00,bench-01,2401,46.1,1,auto,-40.5,2879818,35,65,2026-09-10-s1
2026-09-10 10:53:00+00:00,bench-01,2389,45.6,1,auto,-39.9,2889813,35,65,2026-09-10-s1
2026-09-10 10:53:10+00:00,bench-01,2400,46.0,1,auto,-37.4,2899809,35,65,2026-09-10-s1
2026-09-10 10:53:20+00:00,bench-01,2391,46.3,1,auto,-35.3,2909809,35,65,2026-09-10-s1
2026-09-10 10:53:30+00:00,bench-01,2421,45.8,1,auto,-35.0,2919809,35,65,2026-09-10-s1
2026-09-10 10:53:40+00:00,bench-01,2390,46.7,1,auto,-35.0,2929810,35,65,2026-09-10-s1
2026-09-10 10:53:50+00:00,bench-01,2373,47.2,1,auto,-35.0,2939807,35,65,2026-09-10-s1
2026-09-10 10:54:00+00:00,bench-01,2370,47.0,1,auto,-35.0,2949810,35,65,2026-09-10-s1
2026-09-10 10:54:10+00:00,bench-01,2345,47.6,1,auto,-35.0,2959808,35,65,2026-09-10-s1
2026-09-10 10:54:20+00:00,bench-01,2355,47.7,1,auto,-36.6,2969809,35,65,2026-09-10-s1
2026-09-10 10:54:30+00:00,bench-01,2316,48.7,1,auto,-35.3,2979811,35,65,2026-09-10-s1
2026-09-10 10:54:40+00:00,bench-01,2339,48.7,1,auto,-35.0,2989807,35,65,2026-09-10-s1
2026-09-10 10:54:50+00:00,bench-01,2337,48.6,1,auto,-35.4,2999802,35,65,2026-09-10-s1
2026-09-10 10:55:00+00:00,bench-01,2327,48.9,1,auto,-35.9,3009797,35,65,2026-09-10-s1
2026-09-10 10:55:10+00:00,bench-01,2328,49.0,1,auto,-36.4,3019793,35,65,2026-09-10-s1
2026-09-10 10:55:20+00:00,bench-01,2300,50.5,1,auto,-35.4,3029792,35,65,2026-09-10-s1
2026-09-10 10:55:30+00:00,bench-01,2340,49.2,1,auto,-35.0,3039790,35,65,2026-09-10-s1
2026-09-10 10:55:40+00:00,bench-01,2332,49.7,1,auto,-35.0,3049789,35,65,2026-09-10-s1
2026-09-10 10:55:50+00:00,bench-01,2312,49.8,1,auto,-35.0,3059790,35,65,2026-09-10-s1
2026-09-10 10:56:00+00:00,bench-01,2336,49.5,1,auto,-35.1,3069793,35,65,2026-09-10-s1
2026-09-10 10:56:10+00:00,bench-01,2292,50.9,1,auto,-35.0,3079790,35,65,2026-09-10-s1
2026-09-10 10:56:20+00:00,bench-01,2294,50.6,1,auto,-35.7,3089786,35,65,2026-09-10-s1
2026-09-10 10:56:30+00:00,bench-01,2282,50.5,1,auto,-36.9,3099789,35,65,2026-09-10-s1
2026-09-10 10:56:40+00:00,bench-01,2304,50.5,1,auto,-36.0,3109789,35,65,2026-09-10-s1
2026-09-10 10:56:50+00:00,bench-01,2304,50.8,1,auto,-36.9,3119791,35,65,2026-09-10-s1
2026-09-10 10:57:00+00:00,bench-01,2270,51.2,1,auto,-38.7,3129787,35,65,2026-09-10-s1
2026-09-10 10:57:10+00:00,bench-01,2269,51.7,1,auto,-38.9,3139784,35,65,2026-09-10-s1
2026-09-10 10:57:20+00:00,bench-01,2289,51.3,1,auto,-37.7,3149784,35,65,2026-09-10-s1
2026-09-10 10:57:30+00:00,bench-01,2276,52.4,1,auto,-35.5,3159781,35,65,2026-09-10-s1
2026-09-10 10:57:40+00:00,bench-01,2267,51.2,1,auto,-37.0,3169776,35,65,2026-09-10-s1
2026-09-10 10:57:50+00:00,bench-01,2260,51.9,1,auto,-37.2,3179779,35,65,2026-09-10-s1
2026-09-10 10:58:00+00:00,bench-01,2231,53.0,1,auto,-35.7,3189774,35,65,2026-09-10-s1
2026-09-10 10:58:10+00:00,bench-01,2240,52.9,1,auto,-36.5,3199772,35,65,2026-09-10-s1
2026-09-10 10:58:20+00:00,bench-01,2223,53.2,1,auto,-37.7,3209771,35,65,2026-09-10-s1
2026-09-10 10:58:30+00:00,bench-01,2262,52.8,1,auto,-38.2,3219771,35,65,2026-09-10-s1
2026-09-10 10:58:40+00:00,bench-01,2260,53.1,1,auto,-37.0,3229775,35,65,2026-09-10-s1
2026-09-10 10:58:50+00:00,bench-01,2221,53.6,1,auto,-37.2,3239773,35,65,2026-09-10-s1
2026-09-10 10:59:00+00:00,bench-01,2223,53.7,1,auto,-37.4,3249777,35,65,2026-09-10-s1
2026-09-10 10:59:10+00:00,bench-01,2234,53.1,1,auto,-38.4,3259781,35,65,2026-09-10-s1
2026-09-10 10:59:20+00:00,bench-01,2210,53.9,1,auto,-39.5,3269779,35,65,2026-09-10-s1
2026-09-10 10:59:30+00:00,bench-01,2221,54.7,1,auto,-37.9,3279781,35,65,2026-09-10-s1
2026-09-10 10:59:40+00:00,bench-01,2247,54.3,1,auto,-35.5,3289781,35,65,2026-09-10-s1
2026-09-10 10:59:50+00:00,bench-01,2215,54.1,1,auto,-37.0,3299781,35,65,2026-09-10-s1
2026-09-10 11:00:00+00:00,bench-01,2239,54.0,1,auto,-36.3,3309783,35,65,2026-09-10-s1
2026-09-10 11:00:10+00:00,bench-01,2223,54.1,1,auto,-37.6,3319784,35,65,2026-09-10-s1
2026-09-10 11:00:20+00:00,bench-01,2201,54.9,1,auto,-36.1,3329782,35,65,2026-09-10-s1
2026-09-10 11:00:30+00:00,bench-01,2211,55.4,1,auto,-35.3,3339777,35,65,2026-09-10-s1
2026-09-10 11:00:40+00:00,bench-01,2189,55.1,1,auto,-36.9,3349774,35,65,2026-09-10-s1
2026-09-10 11:00:50+00:00,bench-01,2188,55.5,1,auto,-37.1,3359770,35,65,2026-09-10-s1
2026-09-10 11:01:00+00:00,bench-01,2199,55.2,1,auto,-36.6,3369774,35,65,2026-09-10-s1
2026-09-10 11:01:10+00:00,bench-01,2196,55.9,1,auto,-36.6,3379769,35,65,2026-09-10-s1
2026-09-10 11:01:20+00:00,bench-01,2162,56.9,1,auto,-37.3,3389765,35,65,2026-09-10-s1
2026-09-10 11:01:30+00:00,bench-01,2185,55.6,1,auto,-39.4,3399761,35,65,2026-09-10-s1
2026-09-10 11:01:40+00:00,bench-01,2194,55.6,1,auto,-38.7,3409765,35,65,2026-09-10-s1
2026-09-10 11:01:50+00:00,bench-01,2172,56.4,1,auto,-37.5,3419763,35,65,2026-09-10-s1
2026-09-10 11:02:00+00:00,bench-01,2157,56.0,1,auto,-37.3,3429760,35,65,2026-09-10-s1
2026-09-10 11:02:10+00:00,bench-01,2183,56.3,1,auto,-37.5,3439760,35,65,2026-09-10-s1
2026-09-10 11:02:20+00:00,bench-01,2142,56.7,1,auto,-36.6,3449762,35,65,2026-09-10-s1
2026-09-10 11:02:30+00:00,bench-01,2148,57.4,1,auto,-36.6,3459761,35,65,2026-09-10-s1
2026-09-10 11:02:40+00:00,bench-01,2169,57.0,1,auto,-35.6,3469756,35,65,2026-09-10-s1
2026-09-10 11:02:50+00:00,bench-01,2151,57.2,1,auto,-35.0,3479760,35,65,2026-09-10-s1
2026-09-10 11:03:00+00:00,bench-01,2177,56.9,1,auto,-35.0,3489761,35,65,2026-09-10-s1
2026-09-10 11:03:10+00:00,bench-01,2166,57.4,1,auto,-35.2,3499761,35,65,2026-09-10-s1
2026-09-10 11:03:20+00:00,bench-01,2184,56.8,1,auto,-35.0,3509765,35,65,2026-09-10-s1
2026-09-10 11:03:30+00:00,bench-01,2164,56.6,1,auto,-35.7,3519765,35,65,2026-09-10-s1
2026-09-10 11:03:40+00:00,bench-01,2148,57.3,1,auto,-37.2,3529764,35,65,2026-09-10-s1
2026-09-10 11:03:50+00:00,bench-01,2159,57.7,1,auto,-36.7,3539765,35,65,2026-09-10-s1
2026-09-10 11:04:00+00:00,bench-01,2135,58.1,1,auto,-37.2,3549764,35,65,2026-09-10-s1
2026-09-10 11:04:10+00:00,bench-01,2135,58.0,1,auto,-35.4,3559761,35,65,2026-09-10-s1
2026-09-10 11:04:20+00:00,bench-01,2146,57.7,1,auto,-35.8,3569756,35,65,2026-09-10-s1
2026-09-10 11:04:30+00:00,bench-01,2127,58.9,1,auto,-35.0,3579751,35,65,2026-09-10-s1
2026-09-10 11:04:40+00:00,bench-01,2138,58.7,1,auto,-35.3,3589750,35,65,2026-09-10-s1
2026-09-10 11:04:50+00:00,bench-01,2121,58.7,1,auto,-35.7,3599746,35,65,2026-09-10-s1
2026-09-10 11:05:00+00:00,bench-01,2125,59.2,1,auto,-35.0,3609750,35,65,2026-09-10-s1
2026-09-10 11:05:10+00:00,bench-01,4095,-20.0,1,auto,-35.0,3619752,35,65,2026-09-10-s1
2026-09-10 11:05:20+00:00,bench-01,2151,58.2,1,auto,-35.0,3629755,35,65,2026-09-10-s1
2026-09-10 11:05:30+00:00,bench-01,2114,59.5,1,auto,-35.1,3639754,35,65,2026-09-10-s1
2026-09-10 11:05:40+00:00,bench-01,2135,58.9,1,auto,-36.8,3649752,35,65,2026-09-10-s1
2026-09-10 11:05:50+00:00,bench-01,2105,59.2,1,auto,-36.9,3659754,35,65,2026-09-10-s1
2026-09-10 11:06:00+00:00,bench-01,2100,59.2,1,auto,-35.3,3669756,35,65,2026-09-10-s1
2026-09-10 11:06:10+00:00,bench-01,2112,59.4,1,auto,-36.3,3679757,35,65,2026-09-10-s1
2026-09-10 11:06:20+00:00,bench-01,2109,59.5,1,auto,-38.5,3689759,35,65,2026-09-10-s1
2026-09-10 11:06:30+00:00,bench-01,2102,60.4,1,auto,-38.2,3699760,35,65,2026-09-10-s1
2026-09-10 11:06:40+00:00,bench-01,2120,59.4,1,auto,-40.8,3709759,35,65,2026-09-10-s1
2026-09-10 11:06:50+00:00,bench-01,2121,59.0,1,auto,-40.1,3719757,35,65,2026-09-10-s1
2026-09-10 11:07:00+00:00,bench-01,2110,59.8,1,auto,-39.0,3729754,35,65,2026-09-10-s1
2026-09-10 11:07:10+00:00,bench-01,2097,59.8,1,auto,-36.4,3739754,35,65,2026-09-10-s1
2026-09-10 11:07:20+00:00,bench-01,2106,59.8,1,auto,-35.0,3749756,35,65,2026-09-10-s1
2026-09-10 11:07:30+00:00,bench-01,2102,59.8,1,auto,-35.1,3759755,35,65,2026-09-10-s1
2026-09-10 11:07:40+00:00,bench-01,2103,60.3,1,auto,-36.1,3769751,35,65,2026-09-10-s1
2026-09-10 11:07:50+00:00,bench-01,2101,60.6,1,auto,-35.0,3779748,35,65,2026-09-10-s1
2026-09-10 11:08:00+00:00,bench-01,2067,60.3,1,auto,-35.0,3789750,35,65,2026-09-10-s1
2026-09-10 11:08:10+00:00,bench-01,2094,60.1,1,auto,-35.0,3799751,35,65,2026-09-10-s1
2026-09-10 11:08:20+00:00,bench-01,2095,61.0,1,auto,-36.7,3809755,35,65,2026-09-10-s1
2026-09-10 11:08:30+00:00,bench-01,2115,60.3,1,auto,-35.0,3819759,35,65,2026-09-10-s1
2026-09-10 11:08:40+00:00,bench-01,2080,60.5,1,auto,-35.0,3829754,35,65,2026-09-10-s1
2026-09-10 11:08:50+00:00,bench-01,2077,60.9,1,auto,-37.5,3839750,35,65,2026-09-10-s1
2026-09-10 11:09:00+00:00,bench-01,2088,61.1,1,auto,-38.9,3849754,35,65,2026-09-10-s1
2026-09-10 11:09:10+00:00,bench-01,2102,60.0,1,auto,-39.2,3859750,35,65,2026-09-10-s1
2026-09-10 11:09:20+00:00,bench-01,2101,60.1,1,auto,-39.9,3869753,35,65,2026-09-10-s1
2026-09-10 11:09:30+00:00,bench-01,2096,60.4,1,auto,-38.4,3879754,35,65,2026-09-10-s1
2026-09-10 11:09:40+00:00,bench-01,2066,61.1,1,auto,-39.7,3889752,35,65,2026-09-10-s1
2026-09-10 11:09:50+00:00,bench-01,2076,61.2,1,auto,-37.1,3899753,35,65,2026-09-10-s1
2026-09-10 11:10:00+00:00,bench-01,2073,61.2,1,auto,-37.3,3909755,35,65,2026-09-10-s1
2026-09-10 11:10:10+00:00,bench-01,2099,61.0,1,auto,-36.6,3919752,35,65,2026-09-10-s1
2026-09-10 11:10:20+00:00,bench-01,2096,60.8,1,auto,-36.2,3929756,35,65,2026-09-10-s1
2026-09-10 11:10:30+00:00,bench-01,2090,61.0,1,auto,-39.5,3939753,35,65,2026-09-10-s1
2026-09-10 11:10:40+00:00,bench-01,2060,62.1,1,auto,-39.3,3949749,35,65,2026-09-10-s1
2026-09-10 11:10:50+00:00,bench-01,2084,61.6,1,auto,-36.8,3959751,35,65,2026-09-10-s1
2026-09-10 11:11:00+00:00,bench-01,2043,62.2,1,auto,-35.3,3969747,35,65,2026-09-10-s1
2026-09-10 11:11:10+00:00,bench-01,2060,61.6,1,auto,-35.0,3979747,35,65,2026-09-10-s1
2026-09-10 11:11:20+00:00,bench-01,2075,62.1,1,manual,-37.0,3989743,35,65,2026-09-10-s1
2026-09-10 11:11:30+00:00,bench-01,2060,61.9,1,manual,-38.4,3999738,35,65,2026-09-10-s1
2026-09-10 11:11:40+00:00,bench-01,2061,61.9,1,manual,-37.3,4009738,35,65,2026-09-10-s1
2026-09-10 11:11:50+00:00,bench-01,2055,62.0,1,manual,-36.4,4019733,35,65,2026-09-10-s1
2026-09-10 11:12:00+00:00,bench-01,2074,61.9,1,manual,-35.0,4029732,35,65,2026-09-10-s1
2026-09-10 11:12:10+00:00,bench-01,2053,61.6,1,manual,-35.0,4039732,35,65,2026-09-10-s1
2026-09-10 11:12:20+00:00,bench-01,2045,62.0,1,manual,-35.3,4049735,35,65,2026-09-10-s1
2026-09-10 11:12:30+00:00,bench-01,2052,62.2,0,manual,-35.0,4059737,35,65,2026-09-10-s1
2026-09-10 11:12:40+00:00,bench-01,2074,61.2,0,manual,-37.0,4069733,35,65,2026-09-10-s1
2026-09-10 11:12:50+00:00,bench-01,2101,60.4,0,manual,-37.1,4079735,35,65,2026-09-10-s1
2026-09-10 11:13:00+00:00,bench-01,2121,59.1,0,manual,-39.4,4089739,35,65,2026-09-10-s1
2026-09-10 11:13:10+00:00,bench-01,2106,59.4,0,manual,-40.3,4099743,35,65,2026-09-10-s1
2026-09-10 11:13:20+00:00,bench-01,2140,58.4,0,manual,-40.0,4109744,35,65,2026-09-10-s1
2026-09-10 11:13:30+00:00,bench-01,2139,57.9,0,manual,-41.8,4119745,35,65,2026-09-10-s1
2026-09-10 11:13:40+00:00,bench-01,2168,56.7,0,manual,-40.9,4129745,35,65,2026-09-10-s1
2026-09-10 11:13:50+00:00,bench-01,2140,57.5,0,manual,-42.1,4139746,35,65,2026-09-10-s1
2026-09-10 11:14:00+00:00,bench-01,2184,56.2,0,manual,-41.3,4149744,35,65,2026-09-10-s1
2026-09-10 11:14:10+00:00,bench-01,2203,55.5,0,manual,-42.6,4159748,35,65,2026-09-10-s1
2026-09-10 11:14:20+00:00,bench-01,2197,55.3,0,manual,-42.7,4169751,35,65,2026-09-10-s1
2026-09-10 11:14:30+00:00,bench-01,2173,55.7,0,manual,-43.3,4179755,35,65,2026-09-10-s1
2026-09-10 11:14:40+00:00,bench-01,2234,54.2,0,manual,-43.8,4189758,35,65,2026-09-10-s1
2026-09-10 11:14:50+00:00,bench-01,2237,53.3,0,manual,-43.3,4199759,35,65,2026-09-10-s1
2026-09-10 11:15:00+00:00,bench-01,2242,53.5,0,manual,-41.5,4209757,35,65,2026-09-10-s1
2026-09-10 11:15:10+00:00,bench-01,2244,52.7,0,manual,-40.7,4219755,35,65,2026-09-10-s1
2026-09-10 11:15:20+00:00,bench-01,2266,52.1,0,manual,-40.5,4229753,35,65,2026-09-10-s1
2026-09-10 11:15:30+00:00,bench-01,2291,50.8,0,manual,-41.0,4239751,35,65,2026-09-10-s1
2026-09-10 11:15:40+00:00,bench-01,2250,51.0,0,manual,-39.7,4249751,35,65,2026-09-10-s1
2026-09-10 11:15:50+00:00,bench-01,2302,50.5,0,manual,-39.6,4259754,35,65,2026-09-10-s1
2026-09-10 11:16:00+00:00,bench-01,2297,49.8,0,manual,-38.9,4269756,35,65,2026-09-10-s1
2026-09-10 11:16:10+00:00,bench-01,2331,49.1,0,manual,-37.0,4279759,35,65,2026-09-10-s1
2026-09-10 11:16:20+00:00,bench-01,2329,48.8,0,manual,-36.2,4289757,35,65,2026-09-10-s1
2026-09-10 11:16:30+00:00,bench-01,2309,49.1,0,manual,-36.3,4299757,35,65,2026-09-10-s1
2026-09-10 11:16:40+00:00,bench-01,2381,48.6,0,manual,-36.2,4309753,35,65,2026-09-10-s1
2026-09-10 11:16:50+00:00,bench-01,2357,47.5,0,auto,-35.0,4319749,35,65,2026-09-10-s1
2026-09-10 11:17:00+00:00,bench-01,2384,46.5,0,auto,-37.9,4329747,35,65,2026-09-10-s1
2026-09-10 11:17:10+00:00,bench-01,2364,46.6,0,auto,-38.5,4339745,35,65,2026-09-10-s1
2026-09-10 11:17:20+00:00,bench-01,2388,46.5,0,auto,-39.4,4349749,35,65,2026-09-10-s1
2026-09-10 11:17:30+00:00,bench-01,2386,46.5,0,auto,-40.4,4359744,35,65,2026-09-10-s1
2026-09-10 11:17:40+00:00,bench-01,2377,45.9,0,auto,-39.9,4369745,35,65,2026-09-10-s1
2026-09-10 11:17:50+00:00,bench-01,2410,45.4,0,auto,-40.0,4379743,35,65,2026-09-10-s1
2026-09-10 11:18:00+00:00,bench-01,2405,45.0,0,auto,-38.7,4389744,35,65,2026-09-10-s1
2026-09-10 11:18:10+00:00,bench-01,2434,43.7,0,auto,-39.4,4399743,35,65,2026-09-10-s1
2026-09-10 11:18:20+00:00,bench-01,2416,44.5,0,auto,-41.0,4409742,35,65,2026-09-10-s1
2026-09-10 11:18:30+00:00,bench-01,2436,43.5,0,auto,-42.5,4419738,35,65,2026-09-10-s1
2026-09-10 11:18:40+00:00,bench-01,2420,43.4,0,auto,-41.8,4429741,35,65,2026-09-10-s1
2026-09-10 11:18:50+00:00,bench-01,2464,42.5,0,auto,-41.1,4439739,35,65,2026-09-10-s1
2026-09-10 11:19:00+00:00,bench-01,2462,42.4,0,auto,-42.4,4449738,35,65,2026-09-10-s1
2026-09-10 11:19:10+00:00,bench-01,2451,42.3,0,auto,-42.8,4459735,35,65,2026-09-10-s1
2026-09-10 11:19:20+00:00,bench-01,2469,41.8,0,auto,-44.0,4469737,35,65,2026-09-10-s1
2026-09-10 11:19:30+00:00,bench-01,2499,40.9,0,auto,-45.5,4479737,35,65,2026-09-10-s1
2026-09-10 11:19:40+00:00,bench-01,2498,40.9,0,auto,-46.3,4489738,35,65,2026-09-10-s1
2026-09-10 11:19:50+00:00,bench-01,2494,40.7,0,auto,-46.7,4499736,35,65,2026-09-10-s1
2026-09-10 11:20:00+00:00,bench-01,2500,39.8,0,auto,-44.9,4509738,35,65,2026-09-10-s1
2026-09-10 11:20:10+00:00,bench-01,2535,39.5,0,auto,-45.7,4519738,35,65,2026-09-10-s1
2026-09-10 11:20:20+00:00,bench-01,2523,39.6,0,auto,-45.5,4529734,35,65,2026-09-10-s1
2026-09-10 11:20:30+00:00,bench-01,2527,39.2,0,auto,-45.2,4539736,35,65,2026-09-10-s1
2026-09-10 11:20:40+00:00,bench-01,2533,39.0,0,auto,-44.4,4549734,35,65,2026-09-10-s1
2026-09-10 11:20:50+00:00,bench-01,2551,38.3,0,auto,-43.9,4559732,35,65,2026-09-10-s1
2026-09-10 11:21:00+00:00,bench-01,2527,38.5,0,auto,-44.7,4569734,35,65,2026-09-10-s1
2026-09-10 11:21:10+00:00,bench-01,2557,37.7,0,auto,-45.8,4579732,35,65,2026-09-10-s1
2026-09-10 11:21:20+00:00,bench-01,2543,37.9,0,auto,-45.4,4589727,35,65,2026-09-10-s1
2026-09-10 11:21:30+00:00,bench-01,2556,37.3,0,auto,-46.9,4599727,35,65,2026-09-10-s1
2026-09-10 11:21:40+00:00,bench-01,2577,36.9,0,auto,-44.5,4609725,35,65,2026-09-10-s1
2026-09-10 11:21:50+00:00,bench-01,2605,35.6,0,auto,-43.9,4619725,35,65,2026-09-10-s1
2026-09-10 11:22:00+00:00,bench-01,2624,35.6,0,auto,-41.9,4629726,35,65,2026-09-10-s1
2026-09-10 11:22:10+00:00,bench-01,2575,35.8,0,auto,-40.6,4639726,35,65,2026-09-10-s1
2026-09-10 11:22:20+00:00,bench-01,2574,35.8,0,auto,-41.6,4649726,35,65,2026-09-10-s1
2026-09-10 11:22:30+00:00,bench-01,2586,35.4,0,auto,-44.4,4659725,35,65,2026-09-10-s1
2026-09-10 11:22:40+00:00,bench-01,2617,34.4,0,auto,-45.0,4669722,35,65,2026-09-10-s1
2026-09-10 11:22:50+00:00,bench-01,2615,34.9,1,auto,-44.5,4679723,35,65,2026-09-10-s1
2026-09-10 11:23:00+00:00,bench-01,2570,35.9,1,auto,-44.5,4689718,35,65,2026-09-10-s1
2026-09-10 11:23:10+00:00,bench-01,2570,36.5,1,auto,-44.1,4699718,35,65,2026-09-10-s1
2026-09-10 11:23:20+00:00,bench-01,2577,36.2,1,auto,-45.5,4709713,35,65,2026-09-10-s1
2026-09-10 11:23:30+00:00,bench-01,2558,36.9,1,auto,-46.0,4719717,35,65,2026-09-10-s1
2026-09-10 11:23:40+00:00,bench-01,2575,37.1,1,auto,-48.0,4729714,35,65,2026-09-10-s1
2026-09-10 11:23:50+00:00,bench-01,2545,37.7,1,auto,-47.2,4739710,35,65,2026-09-10-s1
2026-09-10 11:24:00+00:00,bench-01,2551,38.0,1,auto,-47.0,4749711,35,65,2026-09-10-s1
2026-09-10 11:24:10+00:00,bench-01,2545,38.3,1,auto,-45.5,4759712,35,65,2026-09-10-s1
2026-09-10 11:24:20+00:00,bench-01,2544,38.7,1,auto,-46.9,4769709,35,65,2026-09-10-s1
2026-09-10 11:24:30+00:00,bench-01,2537,39.4,1,auto,-46.0,4779710,35,65,2026-09-10-s1
2026-09-10 11:24:40+00:00,bench-01,2521,40.0,1,auto,-47.2,4789714,35,65,2026-09-10-s1
2026-09-10 11:24:50+00:00,bench-01,2505,39.8,1,auto,-46.8,4799713,35,65,2026-09-10-s1
2026-09-10 11:25:00+00:00,bench-01,2513,40.1,1,auto,-48.2,4809712,35,65,2026-09-10-s1
2026-09-10 11:25:10+00:00,bench-01,2512,40.0,1,auto,-47.9,4819710,35,65,2026-09-10-s1
2026-09-10 11:25:20+00:00,bench-01,2496,40.5,1,auto,-47.7,4829711,35,65,2026-09-10-s1
2026-09-10 11:25:30+00:00,bench-01,2487,40.8,1,auto,-49.9,4839708,35,65,2026-09-10-s1
2026-09-10 11:25:40+00:00,bench-01,2484,41.0,1,auto,-47.5,4849704,35,65,2026-09-10-s1
2026-09-10 11:25:50+00:00,bench-01,2466,41.6,1,auto,-48.8,4859703,35,65,2026-09-10-s1
2026-09-10 11:26:00+00:00,bench-01,2459,41.7,1,auto,-49.2,4869699,35,65,2026-09-10-s1
2026-09-10 11:26:10+00:00,bench-01,2483,41.3,1,auto,-48.7,4879702,35,65,2026-09-10-s1
2026-09-10 11:26:20+00:00,bench-01,2444,42.9,1,auto,-45.8,4889706,35,65,2026-09-10-s1
2026-09-10 11:26:30+00:00,bench-01,2451,43.0,1,auto,-45.6,4899708,35,65,2026-09-10-s1
2026-09-10 11:26:40+00:00,bench-01,2454,43.1,1,auto,-45.9,4909709,35,65,2026-09-10-s1
2026-09-10 11:26:50+00:00,bench-01,2472,43.1,1,auto,-43.8,4919706,35,65,2026-09-10-s1
2026-09-10 11:27:00+00:00,bench-01,2411,44.2,1,auto,-42.7,4929703,35,65,2026-09-10-s1
2026-09-10 11:27:10+00:00,bench-01,2413,44.4,1,auto,-44.1,4939700,35,65,2026-09-10-s1
2026-09-10 11:27:20+00:00,bench-01,2416,43.9,1,auto,-46.5,4949704,35,65,2026-09-10-s1
2026-09-10 11:27:30+00:00,bench-01,2432,43.8,1,auto,-44.5,4959701,35,65,2026-09-10-s1
2026-09-10 11:27:40+00:00,bench-01,2428,44.7,1,auto,-45.3,4969702,35,65,2026-09-10-s1
2026-09-10 11:27:50+00:00,bench-01,2415,44.6,1,auto,-45.5,4979706,35,65,2026-09-10-s1
2026-09-10 11:28:00+00:00,bench-01,2409,45.1,1,auto,-46.2,4989703,35,65,2026-09-10-s1
2026-09-10 11:28:10+00:00,bench-01,2367,46.2,1,auto,-47.3,4999703,35,65,2026-09-10-s1
2026-09-10 11:28:20+00:00,bench-01,2388,45.7,1,auto,-51.5,5009706,35,65,2026-09-10-s1
2026-09-10 11:28:30+00:00,bench-01,2373,46.5,1,auto,-52.9,5019707,35,65,2026-09-10-s1
2026-09-10 11:28:40+00:00,bench-01,2372,46.8,1,auto,-53.8,5029707,35,65,2026-09-10-s1
2026-09-10 11:28:50+00:00,bench-01,2382,46.6,1,auto,-54.6,5039708,35,65,2026-09-10-s1
2026-09-10 11:29:00+00:00,bench-01,2364,46.9,1,auto,-54.0,5049711,35,65,2026-09-10-s1
2026-09-10 11:29:10+00:00,bench-01,2356,47.5,1,auto,-55.4,5059713,35,65,2026-09-10-s1
2026-09-10 11:29:20+00:00,bench-01,2352,47.5,1,auto,-55.2,5069711,35,65,2026-09-10-s1
2026-09-10 11:29:30+00:00,bench-01,2367,47.2,1,auto,-55.1,5079706,35,65,2026-09-10-s1
2026-09-10 11:29:40+00:00,bench-01,2342,48.1,1,auto,-58.6,5089707,35,65,2026-09-10-s1
2026-09-10 11:29:50+00:00,bench-01,2355,48.0,1,auto,-58.6,5099704,35,65,2026-09-10-s1
2026-09-10 11:30:00+00:00,bench-01,2354,48.0,1,auto,-59.0,5109701,35,65,2026-09-10-s1
2026-09-10 11:30:10+00:00,bench-01,2347,48.6,1,auto,-57.5,5119704,35,65,2026-09-10-s1
2026-09-10 11:30:20+00:00,bench-01,2316,49.1,1,auto,-57.8,5129703,35,65,2026-09-10-s1
2026-09-10 11:30:30+00:00,bench-01,2333,48.3,1,auto,-57.7,5139698,35,65,2026-09-10-s1
2026-09-10 11:30:40+00:00,bench-01,2312,49.7,1,auto,-54.9,5149696,35,65,2026-09-10-s1
2026-09-10 11:30:50+00:00,bench-01,2327,49.7,1,auto,-54.5,5159696,35,65,2026-09-10-s1
2026-09-10 11:31:00+00:00,bench-01,2308,49.8,1,auto,-55.6,5169695,35,65,2026-09-10-s1
2026-09-10 11:31:10+00:00,bench-01,2309,50.1,1,auto,-57.4,5179691,35,65,2026-09-10-s1
2026-09-10 11:31:20+00:00,bench-01,2299,50.3,1,auto,-59.6,5189695,35,65,2026-09-10-s1
2026-09-10 11:31:30+00:00,bench-01,2286,50.7,1,auto,-58.1,5199697,35,65,2026-09-10-s1
2026-09-10 11:31:40+00:00,bench-01,2277,51.0,1,auto,-57.8,5209701,35,65,2026-09-10-s1
2026-09-10 11:31:50+00:00,bench-01,2285,50.7,1,auto,-58.0,5219705,35,65,2026-09-10-s1
2026-09-10 11:32:00+00:00,bench-01,2299,50.5,1,auto,-58.1,5229708,35,65,2026-09-10-s1
2026-09-10 11:32:10+00:00,bench-01,2292,50.9,1,auto,-56.1,5239704,35,65,2026-09-10-s1
2026-09-10 11:32:20+00:00,bench-01,2275,51.7,1,auto,-54.4,5249708,35,65,2026-09-10-s1
2026-09-10 11:32:30+00:00,bench-01,2287,51.4,1,auto,-54.7,5259703,35,65,2026-09-10-s1
2026-09-10 11:32:40+00:00,bench-01,2278,51.6,1,auto,-55.3,5269700,35,65,2026-09-10-s1
2026-09-10 11:32:50+00:00,bench-01,2247,52.6,1,auto,-56.8,5279704,35,65,2026-09-10-s1
2026-09-10 11:33:00+00:00,bench-01,2264,52.0,1,auto,-58.2,5289699,35,65,2026-09-10-s1
2026-09-10 11:33:10+00:00,bench-01,2235,52.5,1,auto,-59.6,5299701,35,65,2026-09-10-s1
2026-09-10 11:33:20+00:00,bench-01,2242,52.2,1,auto,-62.0,5309702,35,65,2026-09-10-s1
2026-09-10 11:33:30+00:00,bench-01,2255,53.1,1,auto,-64.9,5319698,35,65,2026-09-10-s1
2026-09-10 11:33:40+00:00,bench-01,2251,52.3,1,auto,-66.6,5329693,35,65,2026-09-10-s1
2026-09-10 11:33:50+00:00,bench-01,2273,52.5,1,auto,-67.0,5339689,35,65,2026-09-10-s1
2026-09-10 11:34:00+00:00,bench-01,2226,53.6,1,auto,-65.3,5349690,35,65,2026-09-10-s1
2026-09-10 11:34:10+00:00,bench-01,2224,53.4,1,auto,-66.9,5359685,35,65,2026-09-10-s1
2026-09-10 11:34:20+00:00,bench-01,2259,53.2,1,auto,-64.8,5369685,35,65,2026-09-10-s1
2026-09-10 11:34:30+00:00,bench-01,2229,53.6,1,auto,-66.2,5379685,35,65,2026-09-10-s1
2026-09-10 11:34:40+00:00,bench-01,2211,54.6,1,auto,-63.7,5389687,35,65,2026-09-10-s1
2026-09-10 11:34:50+00:00,bench-01,2208,54.9,1,auto,-66.1,5399690,35,65,2026-09-10-s1
2026-09-10 11:35:00+00:00,bench-01,2233,53.8,1,auto,-66.3,5409693,35,65,2026-09-10-s1
2026-09-10 11:35:10+00:00,bench-01,2229,54.1,1,auto,-65.2,5419688,35,65,2026-09-10-s1
2026-09-10 11:35:20+00:00,bench-01,2211,54.5,1,auto,-64.2,5429683,35,65,2026-09-10-s1
2026-09-10 11:35:30+00:00,bench-01,2207,55.4,1,auto,-62.5,5439680,35,65,2026-09-10-s1
2026-09-10 11:35:40+00:00,bench-01,2214,55.4,1,auto,-60.4,5449676,35,65,2026-09-10-s1
2026-09-10 11:35:50+00:00,bench-01,2208,55.6,1,auto,-62.1,5459674,35,65,2026-09-10-s1
2026-09-10 11:36:00+00:00,bench-01,2190,55.6,1,auto,-62.3,5469673,35,65,2026-09-10-s1
2026-09-10 11:36:10+00:00,bench-01,2196,56.0,1,auto,-62.7,5479672,35,65,2026-09-10-s1
2026-09-10 11:36:20+00:00,bench-01,2184,55.3,1,auto,-60.7,5489671,35,65,2026-09-10-s1
2026-09-10 11:36:30+00:00,bench-01,2207,55.1,1,auto,-63.3,5499668,35,65,2026-09-10-s1
2026-09-10 11:36:40+00:00,bench-01,2200,54.6,1,auto,-62.4,5509664,35,65,2026-09-10-s1
2026-09-10 11:36:50+00:00,bench-01,2200,55.7,1,auto,-64.3,5519659,35,65,2026-09-10-s1
2026-09-10 11:37:00+00:00,bench-01,2173,55.8,1,auto,-61.0,5529663,35,65,2026-09-10-s1
2026-09-10 11:37:10+00:00,bench-01,2220,55.1,1,auto,-61.5,5539667,35,65,2026-09-10-s1
2026-09-10 11:37:20+00:00,bench-01,2177,56.0,1,auto,-61.0,5549670,35,65,2026-09-10-s1
2026-09-10 11:37:30+00:00,bench-01,2159,56.6,1,auto,-61.8,5559665,35,65,2026-09-10-s1
2026-09-10 11:37:40+00:00,bench-01,2176,57.2,1,auto,-60.9,5569662,35,65,2026-09-10-s1
2026-09-10 11:37:50+00:00,bench-01,2175,56.0,1,auto,-59.5,5579658,35,65,2026-09-10-s1
2026-09-10 11:38:00+00:00,bench-01,2206,56.9,1,auto,-60.3,5589655,35,65,2026-09-10-s1
2026-09-10 11:38:10+00:00,bench-01,2171,56.8,1,auto,-58.0,5599652,35,65,2026-09-10-s1
2026-09-10 11:38:20+00:00,bench-01,2161,57.4,1,auto,-58.8,5609647,35,65,2026-09-10-s1
2026-09-10 11:38:30+00:00,bench-01,2165,56.4,1,auto,-61.9,5619643,35,65,2026-09-10-s1
2026-09-10 11:38:40+00:00,bench-01,2162,56.7,1,auto,-62.8,5629639,35,65,2026-09-10-s1
2026-09-10 11:38:50+00:00,bench-01,2137,58.0,1,auto,-63.4,5639636,35,65,2026-09-10-s1
2026-09-10 11:39:00+00:00,bench-01,2167,57.4,1,auto,-64.1,5649638,35,65,2026-09-10-s1
2026-09-10 11:39:10+00:00,bench-01,2155,57.3,1,auto,-63.6,5659635,35,65,2026-09-10-s1
2026-09-10 11:39:20+00:00,bench-01,2129,57.9,1,auto,-63.7,5669639,35,65,2026-09-10-s1
2026-09-10 11:39:30+00:00,bench-01,2160,57.7,1,auto,-65.3,5679634,35,65,2026-09-10-s1
2026-09-10 11:39:40+00:00,bench-01,2118,58.1,1,auto,-64.7,5689635,35,65,2026-09-10-s1
2026-09-10 11:39:50+00:00,bench-01,2150,58.0,1,auto,-64.6,5699630,35,65,2026-09-10-s1
2026-09-10 11:40:00+00:00,bench-01,2138,58.0,1,auto,-65.8,5709630,35,65,2026-09-10-s1
2026-09-10 11:40:10+00:00,bench-01,2157,57.5,1,auto,-65.1,5719632,35,65,2026-09-10-s1
2026-09-10 11:40:20+00:00,bench-01,2132,58.4,1,auto,-64.6,5729629,35,65,2026-09-10-s1
2026-09-10 11:40:30+00:00,bench-01,2112,59.1,1,auto,-65.5,5739632,35,65,2026-09-10-s1
2026-09-10 11:40:40+00:00,bench-01,2115,58.9,1,auto,-64.1,5749629,35,65,2026-09-10-s1
2026-09-10 11:40:50+00:00,bench-01,2119,58.9,1,auto,-63.8,5759627,35,65,2026-09-10-s1
2026-09-10 11:41:00+00:00,bench-01,2132,58.3,1,auto,-61.9,5769628,35,65,2026-09-10-s1
2026-09-10 11:41:10+00:00,bench-01,2123,58.8,1,auto,-62.6,5779626,35,65,2026-09-10-s1
2026-09-10 11:41:20+00:00,bench-01,2106,59.0,1,auto,-60.0,5789627,35,65,2026-09-10-s1
2026-09-10 11:41:30+00:00,bench-01,2106,59.2,1,auto,-57.8,5799622,35,65,2026-09-10-s1
2026-09-10 11:41:40+00:00,bench-01,2137,58.0,1,auto,-58.6,5809617,35,65,2026-09-10-s1
2026-09-10 11:41:50+00:00,bench-01,2081,60.2,1,auto,-58.5,5819613,35,65,2026-09-10-s1
2026-09-10 11:42:00+00:00,bench-01,2118,59.1,1,auto,-59.9,5829613,35,65,2026-09-10-s1
2026-09-10 11:42:10+00:00,bench-01,2109,59.7,1,auto,-62.6,5839610,35,65,2026-09-10-s1
2026-09-10 11:42:20+00:00,bench-01,2112,59.6,1,auto,-61.8,5849614,35,65,2026-09-10-s1
2026-09-10 11:42:30+00:00,bench-01,2108,59.6,1,auto,-60.3,5859611,35,65,2026-09-10-s1
2026-09-10 11:42:40+00:00,bench-01,2087,60.2,1,auto,-60.3,5869608,35,65,2026-09-10-s1
2026-09-10 11:42:50+00:00,bench-01,2099,60.2,1,auto,-62.0,5879612,35,65,2026-09-10-s1
2026-09-10 11:43:00+00:00,bench-01,2110,59.6,1,auto,-62.3,5889616,35,65,2026-09-10-s1
2026-09-10 11:43:10+00:00,bench-01,2088,60.6,1,auto,-64.3,5899612,35,65,2026-09-10-s1
2026-09-10 11:43:20+00:00,bench-01,2128,59.5,1,auto,-64.4,5909608,35,65,2026-09-10-s1
2026-09-10 11:43:30+00:00,bench-01,2103,60.1,1,auto,-66.3,5919604,35,65,2026-09-10-s1
2026-09-10 11:43:40+00:00,bench-01,2106,60.1,1,auto,-67.4,5929604,35,65,2026-09-10-s1
2026-09-10 11:43:50+00:00,bench-01,2089,60.6,1,auto,-67.9,5939608,35,65,2026-09-10-s1
2026-09-10 11:44:00+00:00,bench-01,2101,60.5,1,auto,-68.6,5949608,35,65,2026-09-10-s1
2026-09-10 11:44:10+00:00,bench-01,2062,60.9,1,auto,-69.2,5959604,35,65,2026-09-10-s1
2026-09-10 11:44:20+00:00,bench-01,2105,59.9,1,auto,-70.2,5969608,35,65,2026-09-10-s1
2026-09-10 11:44:30+00:00,bench-01,2102,60.0,1,auto,-70.7,5979603,35,65,2026-09-10-s1
2026-09-10 11:44:40+00:00,bench-01,2084,60.6,1,auto,-71.6,5989598,35,65,2026-09-10-s1
2026-09-10 11:44:50+00:00,bench-01,2075,61.6,1,auto,-71.4,5999599,35,65,2026-09-10-s1
2026-09-10 11:45:00+00:00,bench-01,2073,61.1,1,auto,-72.1,6009595,35,65,2026-09-10-s1
2026-09-10 11:45:10+00:00,bench-01,2105,60.3,1,auto,-72.9,6019593,35,65,2026-09-10-s1
2026-09-10 11:45:20+00:00,bench-01,2091,61.1,1,auto,-73.7,6029596,35,65,2026-09-10-s1
2026-09-10 11:45:30+00:00,bench-01,2079,61.5,1,auto,-73.6,6039598,35,65,2026-09-10-s1
2026-09-10 11:45:40+00:00,bench-01,2075,61.3,1,auto,-70.4,6049594,35,65,2026-09-10-s1
2026-09-10 11:45:50+00:00,bench-01,2108,61.2,1,auto,-71.3,6059590,35,65,2026-09-10-s1
2026-09-10 11:46:00+00:00,bench-01,2087,61.1,1,auto,-73.4,6069585,35,65,2026-09-10-s1
2026-09-10 11:46:10+00:00,bench-01,2072,60.9,1,auto,-74.1,6079587,35,65,2026-09-10-s1
2026-09-10 11:46:20+00:00,bench-01,2081,61.5,1,auto,-75.1,6089591,35,65,2026-09-10-s1
2026-09-10 11:46:30+00:00,bench-01,2102,61.2,1,auto,-75.1,6099588,35,65,2026-09-10-s1
2026-09-10 11:46:40+00:00,bench-01,2059,61.5,1,auto,-76.1,6109585,35,65,2026-09-10-s1
2026-09-10 11:46:50+00:00,bench-01,2062,61.9,1,auto,-77.4,6119588,35,65,2026-09-10-s1
2026-09-10 11:47:00+00:00,bench-01,2064,61.6,1,auto,-78.5,6129590,35,65,2026-09-10-s1
2026-09-10 11:47:10+00:00,bench-01,2065,62.6,1,auto,-79.0,6139590,35,65,2026-09-10-s1
2026-09-10 11:47:20+00:00,bench-01,2057,62.3,1,auto,-80.7,6149590,35,65,2026-09-10-s1
2026-09-10 11:47:30+00:00,bench-01,2044,61.9,1,auto,-82.0,6159588,35,65,2026-09-10-s1
2026-09-10 11:47:40+00:00,bench-01,2063,61.7,1,auto,-81.0,6169586,35,65,2026-09-10-s1
2026-09-10 11:47:50+00:00,bench-01,2049,62.3,1,auto,-82.2,6179586,35,65,2026-09-10-s1
2026-09-10 11:48:00+00:00,bench-01,2031,62.4,1,auto,-84.2,6189589,35,65,2026-09-10-s1
2026-09-10 11:48:10+00:00,bench-01,2029,63.0,1,auto,-85.1,6199593,35,65,2026-09-10-s1
2026-09-10 11:48:20+00:00,bench-01,2048,62.6,1,auto,-83.8,6209596,35,65,2026-09-10-s1
2026-09-10 11:48:30+00:00,bench-01,2042,62.7,1,auto,-83.0,6219593,35,65,2026-09-10-s1
2026-09-10 11:48:40+00:00,bench-01,2053,62.7,1,auto,-83.3,6229593,35,65,2026-09-10-s1
2026-09-10 11:48:50+00:00,bench-01,2025,63.0,1,auto,-85.2,6239594,35,65,2026-09-10-s1
2026-09-10 11:49:00+00:00,bench-01,2028,63.6,1,auto,-82.3,6249593,35,65,2026-09-10-s1
2026-09-10 11:49:10+00:00,bench-01,2034,63.0,1,auto,-81.1,6259596,35,65,2026-09-10-s1
2026-09-10 11:49:20+00:00,bench-01,2050,63.3,1,auto,-81.7,6269594,35,65,2026-09-10-s1
2026-09-10 11:49:30+00:00,bench-01,2036,63.0,1,auto,-81.6,6279589,35,65,2026-09-10-s1
2026-09-10 11:49:40+00:00,bench-01,2017,62.9,1,auto,-80.8,6289590,35,65,2026-09-10-s1
2026-09-10 11:49:50+00:00,bench-01,2037,62.9,1,auto,-80.0,6299588,35,65,2026-09-10-s1
2026-09-10 11:50:00+00:00,bench-01,2034,62.7,1,auto,-81.8,6309583,35,65,2026-09-10-s1
2026-09-10 11:50:10+00:00,bench-01,2037,63.2,1,auto,-82.6,6319581,35,65,2026-09-10-s1
2026-09-10 11:50:20+00:00,bench-01,2055,63.2,1,auto,-83.2,6329577,35,65,2026-09-10-s1
2026-09-10 11:50:30+00:00,bench-01,2028,63.7,1,auto,-82.3,6339578,35,65,2026-09-10-s1
2026-09-10 11:50:40+00:00,bench-01,2051,62.9,1,auto,-80.4,6349580,35,65,2026-09-10-s1
2026-09-10 11:50:50+00:00,bench-01,2012,63.6,1,auto,-81.1,6359579,35,65,2026-09-10-s1
2026-09-10 11:51:00+00:00,bench-01,1990,63.9,1,auto,-79.6,6369577,35,65,2026-09-10-s1
2026-09-10 11:51:10+00:00,bench-01,2026,63.8,1,auto,-79.6,6379574,35,65,2026-09-10-s1
2026-09-10 11:51:20+00:00,bench-01,2021,63.8,1,auto,-80.3,6389569,35,65,2026-09-10-s1
2026-09-10 11:51:30+00:00,bench-01,2017,63.4,1,auto,-81.9,6399569,35,65,2026-09-10-s1
2026-09-10 11:51:40+00:00,bench-01,2043,64.2,1,auto,-82.5,6409565,35,65,2026-09-10-s1
2026-09-10 11:51:50+00:00,bench-01,2021,64.0,1,auto,-83.1,6419569,35,65,2026-09-10-s1
2026-09-10 11:52:00+00:00,bench-01,2025,64.4,1,auto,-85.2,6429572,35,65,2026-09-10-s1
2026-09-10 11:52:10+00:00,bench-01,2025,64.0,1,auto,-86.8,6439570,35,65,2026-09-10-s1
2026-09-10 11:52:20+00:00,bench-01,1996,64.8,1,auto,-86.4,6449566,35,65,2026-09-10-s1
2026-09-10 11:52:30+00:00,bench-01,2020,64.7,1,auto,-83.5,6459562,35,65,2026-09-10-s1
2026-09-10 11:52:40+00:00,bench-01,2032,64.5,1,auto,-81.8,6469566,35,65,2026-09-10-s1
2026-09-10 11:52:50+00:00,bench-01,2011,64.7,1,auto,-82.7,6479567,35,65,2026-09-10-s1
2026-09-10 11:53:00+00:00,bench-01,2019,64.5,1,auto,-84.8,6489571,35,65,2026-09-10-s1
2026-09-10 11:53:10+00:00,bench-01,1988,65.1,1,auto,-83.8,6499572,35,65,2026-09-10-s1
2026-09-10 11:53:20+00:00,bench-01,2045,64.2,1,auto,-83.7,6509571,35,65,2026-09-10-s1
2026-09-10 11:53:30+00:00,bench-01,2052,64.2,1,auto,-84.3,6519574,35,65,2026-09-10-s1
2026-09-10 11:53:40+00:00,bench-01,1982,64.8,1,auto,-86.3,6529576,35,65,2026-09-10-s1
2026-09-10 11:53:50+00:00,bench-01,2025,64.7,1,auto,-85.5,6539578,35,65,2026-09-10-s1
2026-09-10 11:54:00+00:00,bench-01,1992,65.7,1,auto,-89.2,6549582,35,65,2026-09-10-s1
2026-09-10 11:54:10+00:00,bench-01,2007,64.5,1,auto,-88.7,6559577,35,65,2026-09-10-s1
2026-09-10 11:54:20+00:00,bench-01,2008,64.5,0,auto,-90.0,6569579,35,65,2026-09-10-s1
2026-09-10 11:54:30+00:00,bench-01,2028,63.5,0,auto,-90.0,6579583,35,65,2026-09-10-s1
2026-09-10 11:54:40+00:00,bench-01,2041,63.3,0,auto,-89.1,6589579,35,65,2026-09-10-s1
2026-09-10 11:54:50+00:00,bench-01,2064,62.2,0,auto,-88.4,6599579,35,65,2026-09-10-s1
2026-09-10 11:55:00+00:00,bench-01,2087,60.9,0,auto,-88.9,6609579,35,65,2026-09-10-s1
2026-09-10 11:55:10+00:00,bench-01,2070,60.7,0,auto,-88.7,6619577,35,65,2026-09-10-s1
2026-09-10 11:55:20+00:00,bench-01,2084,60.2,0,auto,-90.0,6629576,35,65,2026-09-10-s1
2026-09-10 11:55:30+00:00,bench-01,2066,61.0,0,auto,-90.0,6639580,35,65,2026-09-10-s1
2026-09-10 11:55:40+00:00,bench-01,2116,59.0,0,auto,-90.0,6649583,35,65,2026-09-10-s1
2026-09-10 11:55:50+00:00,bench-01,2130,58.5,0,auto,-89.4,6659583,35,65,2026-09-10-s1
2026-09-10 11:56:00+00:00,bench-01,2152,57.5,0,auto,-89.7,6669579,35,65,2026-09-10-s1
2026-09-10 11:56:10+00:00,bench-01,2138,57.3,0,auto,-90.0,6679575,35,65,2026-09-10-s1
2026-09-10 11:56:20+00:00,bench-01,2170,57.0,0,auto,-90.0,6689571,35,65,2026-09-10-s1
2026-09-10 11:56:30+00:00,bench-01,2188,55.9,0,auto,-90.0,6699567,35,65,2026-09-10-s1
2026-09-10 11:56:40+00:00,bench-01,2218,55.2,0,auto,-89.7,6709571,35,65,2026-09-10-s1
2026-09-10 11:56:50+00:00,bench-01,2209,54.4,0,auto,-90.0,6719569,35,65,2026-09-10-s1
2026-09-10 11:57:00+00:00,bench-01,2222,54.5,0,auto,-90.0,6729564,35,65,2026-09-10-s1
2026-09-10 11:57:10+00:00,bench-01,2240,53.3,0,auto,-89.6,6739563,35,65,2026-09-10-s1
2026-09-10 11:57:20+00:00,bench-01,2213,53.8,0,auto,-90.0,6749564,35,65,2026-09-10-s1
2026-09-10 11:57:30+00:00,bench-01,2232,53.0,0,auto,-89.7,6759561,35,65,2026-09-10-s1
2026-09-10 11:57:40+00:00,bench-01,2271,52.0,0,auto,-88.8,6769556,35,65,2026-09-10-s1
2026-09-10 11:57:50+00:00,bench-01,2247,51.9,0,auto,-89.1,6779555,35,65,2026-09-10-s1
2026-09-10 11:58:00+00:00,bench-01,2268,51.7,0,auto,-88.4,6789558,35,65,2026-09-10-s1
2026-09-10 11:58:10+00:00,bench-01,2285,50.9,0,auto,-88.9,6799561,35,65,2026-09-10-s1
2026-09-10 11:58:20+00:00,bench-01,2303,50.7,0,auto,-86.8,6809558,35,65,2026-09-10-s1
2026-09-10 11:58:30+00:00,bench-01,2323,49.1,0,auto,-86.0,6819557,35,65,2026-09-10-s1
2026-09-10 11:58:40+00:00,bench-01,2316,49.3,0,auto,-84.5,6829558,35,65,2026-09-10-s1
2026-09-10 11:58:50+00:00,bench-01,2322,48.7,0,auto,-85.3,6839561,35,65,2026-09-10-s1
2026-09-10 11:59:00+00:00,bench-01,2346,48.0,0,auto,-84.2,6849556,35,65,2026-09-10-s1
2026-09-10 11:59:10+00:00,bench-01,2341,48.5,0,auto,-84.8,6859557,35,65,2026-09-10-s1
2026-09-10 11:59:20+00:00,bench-01,2369,47.5,0,auto,-84.6,6869552,35,65,2026-09-10-s1
2026-09-10 11:59:30+00:00,bench-01,2373,46.5,0,auto,-84.5,6879549,35,65,2026-09-10-s1
2026-09-10 11:59:40+00:00,bench-01,2364,47.0,0,auto,-83.6,6889546,35,65,2026-09-10-s1
2026-09-10 11:59:50+00:00,bench-01,2361,46.6,0,auto,-83.9,6899543,35,65,2026-09-10-s1
2026-09-10 12:00:00+00:00,bench-01,2391,45.6,0,auto,-84.8,6909542,35,65,2026-09-10-s1
2026-09-10 12:00:10+00:00,bench-01,2419,45.6,0,auto,-86.7,6919545,35,65,2026-09-10-s1
2026-09-10 12:00:20+00:00,bench-01,2415,45.5,0,auto,-84.2,6929546,35,65,2026-09-10-s1
2026-09-10 12:00:30+00:00,bench-01,2420,43.9,0,auto,-84.3,6939542,35,65,2026-09-10-s1
2026-09-10 12:00:40+00:00,bench-01,2412,44.2,0,auto,-85.3,6949545,35,65,2026-09-10-s1
2026-09-10 12:00:50+00:00,bench-01,2410,43.5,0,auto,-86.9,6959544,35,65,2026-09-10-s1
2026-09-10 12:01:00+00:00,bench-01,2467,43.4,0,auto,-86.8,6969545,35,65,2026-09-10-s1
2026-09-10 12:01:10+00:00,bench-01,2490,41.9,0,auto,-86.3,6979541,35,65,2026-09-10-s1
2026-09-10 12:01:20+00:00,bench-01,2448,42.6,0,auto,-84.6,6989541,35,65,2026-09-10-s1
2026-09-10 12:01:30+00:00,bench-01,2473,41.6,0,auto,-85.2,6999542,35,65,2026-09-10-s1
2026-09-10 12:01:40+00:00,bench-01,2441,42.9,0,auto,-86.5,7009542,35,65,2026-09-10-s1
2026-09-10 12:01:50+00:00,bench-01,2498,40.6,0,auto,-86.9,7019537,35,65,2026-09-10-s1
2026-09-10 12:02:00+00:00,bench-01,2484,40.7,0,auto,-85.9,7029537,35,65,2026-09-10-s1
2026-09-10 12:02:10+00:00,bench-01,2500,40.2,0,auto,-85.0,7039537,35,65,2026-09-10-s1
2026-09-10 12:02:20+00:00,bench-01,2510,40.7,0,auto,-85.1,7049532,35,65,2026-09-10-s1
2026-09-10 12:02:30+00:00,bench-01,2497,40.0,0,auto,-84.9,7059532,35,65,2026-09-10-s1
2026-09-10 12:02:40+00:00,bench-01,2525,39.2,0,auto,-85.2,7069527,35,65,2026-09-10-s1
2026-09-10 12:02:50+00:00,bench-01,2545,38.8,0,auto,-84.2,7079528,35,65,2026-09-10-s1
2026-09-10 12:03:00+00:00,bench-01,2545,38.7,0,auto,-85.1,7089529,35,65,2026-09-10-s1
2026-09-10 12:03:10+00:00,bench-01,2542,38.0,0,auto,-85.1,7099531,35,65,2026-09-10-s1
2026-09-10 12:03:20+00:00,bench-01,2567,37.7,0,auto,-85.3,7109526,35,65,2026-09-10-s1
2026-09-10 12:03:30+00:00,bench-01,2559,37.4,0,auto,-84.9,7119525,35,65,2026-09-10-s1
2026-09-10 12:03:40+00:00,bench-01,2565,37.2,0,auto,-81.7,7129521,35,65,2026-09-10-s1
2026-09-10 12:03:50+00:00,bench-01,2586,36.5,0,auto,-82.4,7139521,35,65,2026-09-10-s1
2026-09-10 12:04:00+00:00,bench-01,2555,36.3,0,auto,-83.3,7149519,35,65,2026-09-10-s1
2026-09-10 12:04:10+00:00,bench-01,2573,36.1,0,auto,-83.5,7159522,35,65,2026-09-10-s1
2026-09-10 12:04:20+00:00,bench-01,2613,35.1,0,auto,-81.2,7169522,35,65,2026-09-10-s1
2026-09-10 12:04:30+00:00,bench-01,2607,35.4,0,auto,-82.7,7179520,35,65,2026-09-10-s1
2026-09-10 12:04:40+00:00,bench-01,2611,35.5,0,auto,-83.7,7189520,35,65,2026-09-10-s1
2026-09-10 12:04:50+00:00,bench-01,2600,35.2,0,auto,-83.8,7199516,35,65,2026-09-10-s1
2026-09-10 12:05:00+00:00,bench-01,2588,35.3,1,auto,-84.7,7209512,35,65,2026-09-10-s1
2026-09-10 12:05:10+00:00,bench-01,2595,35.9,1,auto,-82.3,7219514,35,65,2026-09-10-s1
2026-09-10 12:05:20+00:00,bench-01,2570,36.1,1,auto,-82.6,7229509,35,65,2026-09-10-s1
2026-09-10 12:05:30+00:00,bench-01,2569,36.7,1,auto,-83.2,7239510,35,65,2026-09-10-s1
2026-09-10 12:05:40+00:00,bench-01,2541,36.6,1,auto,-83.6,7249505,35,65,2026-09-10-s1
2026-09-10 12:05:50+00:00,bench-01,2555,37.8,1,auto,-83.1,7259508,35,65,2026-09-10-s1
2026-09-10 12:06:00+00:00,bench-01,2544,38.1,1,auto,-82.4,7269506,35,65,2026-09-10-s1
2026-09-10 12:06:10+00:00,bench-01,2559,37.9,1,auto,-84.0,7279501,35,65,2026-09-10-s1
2026-09-10 12:06:20+00:00,bench-01,2529,38.1,1,auto,-84.2,7289499,35,65,2026-09-10-s1
2026-09-10 12:06:30+00:00,bench-01,2532,38.3,1,auto,-84.1,7299496,35,65,2026-09-10-s1
2026-09-10 12:06:40+00:00,bench-01,2535,39.4,1,auto,-85.5,7309499,35,65,2026-09-10-s1
2026-09-10 12:06:50+00:00,bench-01,2533,39.3,1,auto,-85.8,7319497,35,65,2026-09-10-s1
2026-09-10 12:07:00+00:00,bench-01,2511,39.8,1,auto,-84.8,7329496,35,65,2026-09-10-s1
2026-09-10 12:07:10+00:00,bench-01,2503,39.8,1,auto,-85.4,7339495,35,65,2026-09-10-s1
2026-09-10 12:07:20+00:00,bench-01,2513,39.4,1,auto,-85.6,7349496,35,65,2026-09-10-s1
2026-09-10 12:07:30+00:00,bench-01,2462,41.2,1,auto,-86.7,7359500,35,65,2026-09-10-s1
2026-09-10 12:07:40+00:00,bench-01,2511,40.8,1,auto,-86.2,7369502,35,65,2026-09-10-s1
2026-09-10 12:07:50+00:00,bench-01,2475,42.0,1,auto,-87.4,7379506,35,65,2026-09-10-s1
2026-09-10 12:08:00+00:00,bench-01,2486,42.2,1,auto,-88.2,7389505,35,65,2026-09-10-s1
2026-09-10 12:08:10+00:00,bench-01,2477,42.1,1,auto,-87.5,7399509,35,65,2026-09-10-s1
2026-09-10 12:08:20+00:00,bench-01,2464,42.2,1,auto,-89.4,7409507,35,65,2026-09-10-s1
2026-09-10 12:08:30+00:00,bench-01,2460,42.1,1,auto,-89.2,7419508,35,65,2026-09-10-s1
2026-09-10 12:08:40+00:00,bench-01,2464,42.9,1,auto,-90.0,7429506,35,65,2026-09-10-s1
2026-09-10 12:08:50+00:00,bench-01,2444,43.5,1,auto,-90.0,7439507,35,65,2026-09-10-s1
2026-09-10 12:09:00+00:00,bench-01,2453,43.1,1,auto,-88.7,7449503,35,65,2026-09-10-s1
2026-09-10 12:09:10+00:00,bench-01,2448,42.6,1,auto,-89.5,7459507,35,65,2026-09-10-s1
2026-09-10 12:09:20+00:00,bench-01,2432,43.0,1,auto,-89.3,7469508,35,65,2026-09-10-s1
2026-09-10 12:09:30+00:00,bench-01,2442,43.7,1,auto,-89.3,7479504,35,65,2026-09-10-s1
2026-09-10 12:09:40+00:00,bench-01,2438,44.0,1,auto,-88.0,7489507,35,65,2026-09-10-s1
2026-09-10 12:09:50+00:00,bench-01,2414,44.9,1,auto,-87.7,7499505,35,65,2026-09-10-s1
2026-09-10 12:10:00+00:00,bench-01,2416,44.9,1,auto,-87.3,7509506,35,65,2026-09-10-s1
2026-09-10 12:10:10+00:00,bench-01,2388,45.6,1,auto,-87.0,7519502,35,65,2026-09-10-s1
2026-09-10 12:10:20+00:00,bench-01,2390,45.9,1,auto,-85.3,7529505,35,65,2026-09-10-s1
2026-09-10 12:10:30+00:00,bench-01,2405,45.0,1,auto,-85.9,7539508,35,65,2026-09-10-s1
2026-09-10 12:10:40+00:00,bench-01,2387,45.8,1,auto,-86.2,7549510,35,65,2026-09-10-s1
2026-09-10 12:10:50+00:00,bench-01,2395,46.3,1,auto,-86.9,7559508,35,65,2026-09-10-s1
2026-09-10 12:11:00+00:00,bench-01,2402,45.3,1,auto,-88.3,7569512,35,65,2026-09-10-s1
2026-09-10 12:11:10+00:00,bench-01,2362,46.5,1,auto,-87.5,7579514,35,65,2026-09-10-s1
2026-09-10 12:11:20+00:00,bench-01,2360,47.0,1,auto,-90.0,7589510,35,65,2026-09-10-s1
2026-09-10 12:11:30+00:00,bench-01,2346,47.5,1,auto,-90.0,7599513,35,65,2026-09-10-s1
2026-09-10 12:11:40+00:00,bench-01,2356,47.4,1,auto,-88.8,7609509,35,65,2026-09-10-s1
2026-09-10 12:11:50+00:00,bench-01,2374,46.9,1,auto,-87.8,7619504,35,65,2026-09-10-s1
2026-09-10 12:12:00+00:00,bench-01,2335,47.6,1,auto,-86.6,7629501,35,65,2026-09-10-s1
2026-09-10 12:12:10+00:00,bench-01,2355,47.4,1,auto,-88.0,7639505,35,65,2026-09-10-s1
2026-09-10 12:12:20+00:00,bench-01,2329,47.9,1,auto,-86.5,7649501,35,65,2026-09-10-s1
2026-09-10 12:12:30+00:00,bench-01,2348,48.4,1,auto,-84.6,7659505,35,65,2026-09-10-s1
2026-09-10 12:12:40+00:00,bench-01,2343,48.2,1,auto,-84.0,7669503,35,65,2026-09-10-s1
2026-09-10 12:12:50+00:00,bench-01,2345,48.2,1,auto,-83.5,7679500,35,65,2026-09-10-s1
2026-09-10 12:13:00+00:00,bench-01,2332,48.6,1,auto,-82.3,7689499,35,65,2026-09-10-s1
2026-09-10 12:13:10+00:00,bench-01,2307,48.9,1,auto,-82.7,7699496,35,65,2026-09-10-s1
2026-09-10 12:13:20+00:00,bench-01,2313,49.8,1,auto,-82.9,7709491,35,65,2026-09-10-s1
2026-09-10 12:13:30+00:00,bench-01,2318,50.0,1,auto,-84.3,7719488,35,65,2026-09-10-s1
2026-09-10 12:13:40+00:00,bench-01,2323,49.0,1,auto,-84.3,7729491,35,65,2026-09-10-s1
2026-09-10 12:13:50+00:00,bench-01,2318,50.2,1,auto,-82.8,7739489,35,65,2026-09-10-s1
2026-09-10 12:14:00+00:00,bench-01,2292,50.3,1,auto,-84.8,7749486,35,65,2026-09-10-s1
2026-09-10 12:14:10+00:00,bench-01,2311,50.2,1,auto,-84.2,7759485,35,65,2026-09-10-s1
2026-09-10 12:14:30+00:00,bench-01,2289,51.5,1,auto,-85.4,7779483,35,65,2026-09-10-s1
2026-09-10 12:14:40+00:00,bench-01,2293,50.9,1,auto,-85.5,7789483,35,65,2026-09-10-s1
2026-09-10 12:14:50+00:00,bench-01,2268,51.8,1,auto,-86.2,7799480,35,65,2026-09-10-s1
2026-09-11 14:10:00+00:00,bench-01,2349,48.3,0,auto,-46.6,10004,35,65,2026-09-11-s1
2026-09-11 14:10:10+00:00,bench-01,2360,48.4,0,auto,-47.8,20000,35,65,2026-09-11-s1
2026-09-11 14:10:20+00:00,bench-01,2363,46.8,0,auto,-47.8,29999,35,65,2026-09-11-s1
2026-09-11 14:10:30+00:00,bench-01,2365,47.4,0,auto,-47.2,40003,35,65,2026-09-11-s1
2026-09-11 14:10:40+00:00,bench-01,2365,47.3,0,auto,-48.2,50002,35,65,2026-09-11-s1
2026-09-11 14:10:50+00:00,bench-01,2373,46.0,0,auto,-51.9,60000,35,65,2026-09-11-s1
2026-09-11 14:11:00+00:00,bench-01,2369,46.0,0,auto,-53.4,70003,35,65,2026-09-11-s1
2026-09-11 14:11:10+00:00,bench-01,2386,45.8,0,auto,-54.7,80005,35,65,2026-09-11-s1
2026-09-11 14:11:20+00:00,bench-01,2419,44.4,0,auto,-52.7,90007,35,65,2026-09-11-s1
2026-09-11 14:11:30+00:00,bench-01,2420,44.4,0,auto,-52.5,100010,35,65,2026-09-11-s1
2026-09-11 14:11:40+00:00,bench-01,2428,44.5,0,auto,-52.1,110011,35,65,2026-09-11-s1
2026-09-11 14:11:50+00:00,bench-01,2429,44.0,0,auto,-52.7,120007,35,65,2026-09-11-s1
2026-09-11 14:12:00+00:00,bench-01,2449,43.7,0,auto,-51.5,130010,35,65,2026-09-11-s1
2026-09-11 14:12:10+00:00,bench-01,2446,43.1,0,auto,-53.5,140012,35,65,2026-09-11-s1
2026-09-11 14:12:20+00:00,bench-01,2443,42.7,0,auto,-52.2,150009,35,65,2026-09-11-s1
2026-09-11 14:12:30+00:00,bench-01,2458,42.2,0,auto,-52.5,160007,35,65,2026-09-11-s1
2026-09-11 14:12:40+00:00,bench-01,2470,41.8,0,auto,-50.0,170004,35,65,2026-09-11-s1
2026-09-11 14:12:50+00:00,bench-01,2462,42.0,0,auto,-47.6,180005,35,65,2026-09-11-s1
2026-09-11 14:13:00+00:00,bench-01,2465,41.6,0,auto,-48.3,190007,35,65,2026-09-11-s1
2026-09-11 14:13:10+00:00,bench-01,2466,40.6,0,auto,-48.9,200011,35,65,2026-09-11-s1
2026-09-11 14:13:20+00:00,bench-01,2519,40.3,0,auto,-49.7,210014,35,65,2026-09-11-s1
2026-09-11 14:13:30+00:00,bench-01,2520,40.2,0,auto,-46.9,220009,35,65,2026-09-11-s1
2026-09-11 14:13:40+00:00,bench-01,2520,39.8,0,auto,-46.4,230007,35,65,2026-09-11-s1
2026-09-11 14:13:50+00:00,bench-01,2536,39.9,0,auto,-45.6,240003,35,65,2026-09-11-s1
2026-09-11 14:14:00+00:00,bench-01,2536,38.5,0,auto,-47.8,250001,35,65,2026-09-11-s1
2026-09-11 14:14:10+00:00,bench-01,2516,38.9,0,auto,-45.9,259997,35,65,2026-09-11-s1
2026-09-11 14:14:20+00:00,bench-01,2524,38.2,0,auto,-44.3,269994,35,65,2026-09-11-s1
2026-09-11 14:14:30+00:00,bench-01,2529,39.0,0,auto,-45.0,279997,35,65,2026-09-11-s1
2026-09-11 14:14:40+00:00,bench-01,2537,38.1,0,auto,-44.1,290001,35,65,2026-09-11-s1
2026-09-11 14:14:50+00:00,bench-01,2538,37.3,0,auto,-43.7,299999,35,65,2026-09-11-s1
2026-09-11 14:15:00+00:00,bench-01,2584,37.0,0,auto,-42.5,310001,35,65,2026-09-11-s1
2026-09-11 14:15:10+00:00,bench-01,2604,36.3,0,auto,-42.1,319998,35,65,2026-09-11-s1
2026-09-11 14:15:20+00:00,bench-01,2586,36.6,0,auto,-43.9,330002,35,65,2026-09-11-s1
2026-09-11 14:15:30+00:00,bench-01,2597,35.9,0,auto,-46.2,339999,35,65,2026-09-11-s1
2026-09-11 14:15:40+00:00,bench-01,2587,36.1,0,auto,-48.5,349995,35,65,2026-09-11-s1
2026-09-11 14:15:50+00:00,bench-01,2605,35.9,0,auto,-46.6,359993,35,65,2026-09-11-s1
2026-09-11 14:16:00+00:00,bench-01,2626,34.1,0,auto,-44.7,369996,35,65,2026-09-11-s1
2026-09-11 14:16:10+00:00,bench-01,2613,34.4,0,auto,-45.5,379994,35,65,2026-09-11-s1
2026-09-11 14:16:20+00:00,bench-01,2609,35.7,1,auto,-48.0,389998,35,65,2026-09-11-s1
2026-09-11 14:16:30+00:00,bench-01,2585,35.6,1,auto,-45.8,400001,35,65,2026-09-11-s1
2026-09-11 14:16:40+00:00,bench-01,2604,36.3,1,auto,-45.2,410000,35,65,2026-09-11-s1
2026-09-11 14:16:50+00:00,bench-01,2559,37.4,1,auto,-45.1,419999,35,65,2026-09-11-s1
2026-09-11 14:17:00+00:00,bench-01,2572,36.6,1,auto,-46.1,429999,35,65,2026-09-11-s1
2026-09-11 14:17:10+00:00,bench-01,2561,37.0,1,auto,-46.3,439999,35,65,2026-09-11-s1
2026-09-11 14:17:20+00:00,bench-01,2544,38.3,1,auto,-44.0,449995,35,65,2026-09-11-s1
2026-09-11 14:17:30+00:00,bench-01,2565,38.0,1,auto,-45.1,459998,35,65,2026-09-11-s1
2026-09-11 14:17:40+00:00,bench-01,2525,39.2,1,auto,-45.3,469994,35,65,2026-09-11-s1
2026-09-11 14:17:50+00:00,bench-01,2524,39.4,1,auto,-45.5,479998,35,65,2026-09-11-s1
2026-09-11 14:18:00+00:00,bench-01,2526,38.8,1,auto,-44.1,490001,35,65,2026-09-11-s1
2026-09-11 14:18:10+00:00,bench-01,2490,40.0,1,auto,-45.4,500004,35,65,2026-09-11-s1
2026-09-11 14:18:20+00:00,bench-01,2498,40.2,1,auto,-42.9,510004,35,65,2026-09-11-s1
2026-09-11 14:18:30+00:00,bench-01,2522,40.2,1,auto,-46.6,520004,35,65,2026-09-11-s1
2026-09-11 14:18:40+00:00,bench-01,2498,40.9,1,auto,-48.1,530003,35,65,2026-09-11-s1
2026-09-11 14:18:50+00:00,bench-01,2507,40.8,1,auto,-48.5,540006,35,65,2026-09-11-s1
2026-09-11 14:19:00+00:00,bench-01,2481,41.5,1,auto,-46.3,550001,35,65,2026-09-11-s1
2026-09-11 14:19:10+00:00,bench-01,2479,41.5,1,auto,-45.4,559997,35,65,2026-09-11-s1
2026-09-11 14:19:20+00:00,bench-01,2458,42.5,1,auto,-46.4,570000,35,65,2026-09-11-s1
2026-09-11 14:19:30+00:00,bench-01,2464,41.9,1,auto,-47.5,579999,35,65,2026-09-11-s1
2026-09-11 14:19:40+00:00,bench-01,2438,42.9,1,auto,-46.9,589998,35,65,2026-09-11-s1
2026-09-11 14:19:50+00:00,bench-01,2434,42.9,1,auto,-44.9,599995,35,65,2026-09-11-s1
2026-09-11 14:20:00+00:00,bench-01,2441,43.2,1,auto,-42.9,609997,35,65,2026-09-11-s1
2026-09-11 14:20:10+00:00,bench-01,2417,43.7,1,auto,-44.0,619992,35,65,2026-09-11-s1
2026-09-11 14:20:20+00:00,bench-01,2414,43.9,1,auto,-41.3,629995,35,65,2026-09-11-s1
2026-09-11 14:20:30+00:00,bench-01,2442,44.0,1,auto,-41.6,639992,35,65,2026-09-11-s1
2026-09-11 14:20:40+00:00,bench-01,2399,45.0,1,auto,-40.6,649987,35,65,2026-09-11-s1
2026-09-11 14:20:50+00:00,bench-01,2420,45.2,1,auto,-41.0,659989,35,65,2026-09-11-s1
2026-09-11 14:21:00+00:00,bench-01,2410,45.2,1,auto,-41.9,669984,35,65,2026-09-11-s1
2026-09-11 14:21:10+00:00,bench-01,2421,45.0,1,auto,-42.6,679985,35,65,2026-09-11-s1
2026-09-11 14:21:20+00:00,bench-01,2389,45.6,1,auto,-44.0,689980,35,65,2026-09-11-s1
2026-09-11 14:21:30+00:00,bench-01,2390,46.3,1,auto,-43.6,699982,35,65,2026-09-11-s1
2026-09-11 14:21:40+00:00,bench-01,2415,45.6,1,auto,-44.7,709978,35,65,2026-09-11-s1
2026-09-11 14:21:50+00:00,bench-01,2362,46.0,1,auto,-44.4,719979,35,65,2026-09-11-s1
2026-09-11 14:22:00+00:00,bench-01,2379,46.4,1,auto,-44.7,729974,35,65,2026-09-11-s1
2026-09-11 14:22:10+00:00,bench-01,2352,46.6,1,auto,-45.1,739972,35,65,2026-09-11-s1
2026-09-11 14:22:20+00:00,bench-01,2337,47.1,1,auto,-46.6,749971,35,65,2026-09-11-s1
2026-09-11 14:22:30+00:00,bench-01,2351,48.0,1,auto,-46.2,759972,35,65,2026-09-11-s1
2026-09-11 14:22:40+00:00,bench-01,2333,48.3,1,auto,-45.9,769967,35,65,2026-09-11-s1
2026-09-11 14:22:50+00:00,bench-01,2316,48.5,1,auto,-48.6,779967,35,65,2026-09-11-s1
2026-09-11 14:23:00+00:00,bench-01,2336,48.2,1,auto,-46.9,789966,35,65,2026-09-11-s1
2026-09-11 14:23:10+00:00,bench-01,2317,49.2,1,auto,-47.0,799961,35,65,2026-09-11-s1
2026-09-11 14:23:20+00:00,bench-01,2338,49.2,1,auto,-44.8,809964,35,65,2026-09-11-s1
2026-09-11 14:23:30+00:00,bench-01,2312,49.8,1,auto,-45.7,819966,35,65,2026-09-11-s1
2026-09-11 14:23:40+00:00,bench-01,2279,49.7,1,auto,-45.2,829965,35,65,2026-09-11-s1
2026-09-11 14:23:50+00:00,bench-01,2308,50.1,1,auto,-45.9,839969,35,65,2026-09-11-s1
2026-09-11 14:24:00+00:00,bench-01,2316,49.3,1,auto,-48.1,849971,35,65,2026-09-11-s1
2026-09-11 14:24:10+00:00,bench-01,2307,50.3,1,auto,-48.7,859975,35,65,2026-09-11-s1
2026-09-11 14:24:20+00:00,bench-01,2291,50.7,1,auto,-50.7,869973,35,65,2026-09-11-s1
2026-09-11 14:24:30+00:00,bench-01,4095,-20.0,1,auto,-50.5,879968,35,65,2026-09-11-s1
2026-09-11 14:24:40+00:00,bench-01,2298,50.7,1,auto,-50.9,889968,35,65,2026-09-11-s1
2026-09-11 14:24:50+00:00,bench-01,2288,51.2,1,auto,-52.4,899965,35,65,2026-09-11-s1
2026-09-11 14:25:00+00:00,bench-01,2290,50.8,1,auto,-52.6,909960,35,65,2026-09-11-s1
2026-09-11 14:25:10+00:00,bench-01,2271,51.1,1,auto,-51.3,919959,35,65,2026-09-11-s1
2026-09-11 14:25:20+00:00,bench-01,2256,52.0,1,auto,-52.4,929958,35,65,2026-09-11-s1
2026-09-11 14:25:30+00:00,bench-01,2291,51.4,1,auto,-51.2,939961,35,65,2026-09-11-s1
2026-09-11 14:25:40+00:00,bench-01,2260,51.7,1,auto,-51.1,949957,35,65,2026-09-11-s1
2026-09-11 14:25:50+00:00,bench-01,2282,51.7,1,auto,-50.9,959959,35,65,2026-09-11-s1
2026-09-11 14:26:00+00:00,bench-01,2257,51.7,1,auto,-50.8,969962,35,65,2026-09-11-s1
2026-09-11 14:26:10+00:00,bench-01,2274,52.1,1,auto,-51.8,979960,35,65,2026-09-11-s1
2026-09-11 14:26:20+00:00,bench-01,2273,52.5,1,auto,-51.5,989956,35,65,2026-09-11-s1
2026-09-11 14:26:30+00:00,bench-01,2217,53.3,1,auto,-51.9,999954,35,65,2026-09-11-s1
2026-09-11 14:26:40+00:00,bench-01,2233,53.5,1,auto,-51.0,1009956,35,65,2026-09-11-s1
2026-09-11 14:26:50+00:00,bench-01,2254,53.0,1,auto,-51.9,1019957,35,65,2026-09-11-s1
2026-09-11 14:27:00+00:00,bench-01,2224,53.5,1,auto,-50.4,1029956,35,65,2026-09-11-s1
2026-09-11 14:27:10+00:00,bench-01,2215,53.7,1,auto,-50.4,1039951,35,65,2026-09-11-s1
2026-09-11 14:27:20+00:00,bench-01,2205,53.7,1,auto,-51.5,1049949,35,65,2026-09-11-s1
2026-09-11 14:27:30+00:00,bench-01,2208,54.6,1,auto,-51.2,1059948,35,65,2026-09-11-s1
2026-09-11 14:27:40+00:00,bench-01,2223,54.2,1,auto,-50.6,1069946,35,65,2026-09-11-s1
2026-09-11 14:27:50+00:00,bench-01,2211,55.1,1,auto,-50.4,1079950,35,65,2026-09-11-s1
2026-09-11 14:28:00+00:00,bench-01,2199,55.1,1,auto,-50.4,1089947,35,65,2026-09-11-s1
2026-09-11 14:28:10+00:00,bench-01,2194,55.5,1,auto,-49.5,1099947,35,65,2026-09-11-s1
2026-09-11 14:28:20+00:00,bench-01,2176,56.0,1,auto,-49.6,1109942,35,65,2026-09-11-s1
2026-09-11 14:28:30+00:00,bench-01,2178,56.2,1,auto,-48.7,1119943,35,65,2026-09-11-s1
2026-09-11 14:28:40+00:00,bench-01,2178,56.5,1,auto,-48.5,1129946,35,65,2026-09-11-s1
2026-09-11 14:28:50+00:00,bench-01,2209,55.8,1,auto,-49.8,1139945,35,65,2026-09-11-s1
2026-09-11 14:29:00+00:00,bench-01,2182,56.9,1,auto,-49.2,1149942,35,65,2026-09-11-s1
2026-09-11 14:29:10+00:00,bench-01,2183,56.9,1,auto,-49.6,1159943,35,65,2026-09-11-s1
2026-09-11 14:29:20+00:00,bench-01,2154,57.2,1,auto,-50.3,1169946,35,65,2026-09-11-s1
2026-09-11 14:29:30+00:00,bench-01,2176,56.7,1,auto,-50.2,1179946,35,65,2026-09-11-s1
2026-09-11 14:29:40+00:00,bench-01,2148,57.2,1,auto,-50.5,1189944,35,65,2026-09-11-s1
2026-09-11 14:29:50+00:00,bench-01,2149,57.2,1,auto,-52.5,1199944,35,65,2026-09-11-s1
2026-09-11 14:30:00+00:00,bench-01,2160,56.7,1,auto,-47.5,1209946,35,65,2026-09-11-s1
2026-09-11 14:30:10+00:00,bench-01,2132,57.9,1,auto,-49.0,1219944,35,65,2026-09-11-s1
2026-09-11 14:30:20+00:00,bench-01,2136,57.7,1,auto,-49.8,1229946,35,65,2026-09-11-s1
2026-09-11 14:30:30+00:00,bench-01,2125,58.1,1,auto,-47.5,1239947,35,65,2026-09-11-s1
2026-09-11 14:30:40+00:00,bench-01,2137,58.5,1,auto,-47.0,1249951,35,65,2026-09-11-s1
2026-09-11 14:30:50+00:00,bench-01,2124,58.1,1,auto,-45.8,1259946,35,65,2026-09-11-s1
2026-09-11 14:31:00+00:00,bench-01,2123,57.9,1,auto,-46.2,1269941,35,65,2026-09-11-s1
2026-09-11 14:31:10+00:00,bench-01,2111,58.5,1,auto,-46.0,1279942,35,65,2026-09-11-s1
2026-09-11 14:31:20+00:00,bench-01,2140,57.5,1,auto,-46.0,1289945,35,65,2026-09-11-s1
2026-09-11 14:31:30+00:00,bench-01,2118,58.9,1,auto,-46.9,1299941,35,65,2026-09-11-s1
2026-09-11 14:31:40+00:00,bench-01,2122,59.0,1,auto,-48.5,1309943,35,65,2026-09-11-s1
2026-09-11 14:31:50+00:00,bench-01,2125,58.6,1,auto,-48.8,1319945,35,65,2026-09-11-s1
2026-09-11 14:32:00+00:00,bench-01,2131,59.6,1,auto,-49.0,1329945,35,65,2026-09-11-s1
2026-09-11 14:32:10+00:00,bench-01,2109,59.8,1,auto,-50.5,1339947,35,65,2026-09-11-s1
2026-09-11 14:32:20+00:00,bench-01,2120,59.3,1,auto,-49.8,1349949,35,65,2026-09-11-s1
2026-09-11 14:32:30+00:00,bench-01,2103,59.5,1,auto,-49.8,1359946,35,65,2026-09-11-s1
2026-09-11 14:32:40+00:00,bench-01,2078,60.5,1,auto,-49.2,1369943,35,65,2026-09-11-s1
2026-09-11 14:32:50+00:00,bench-01,2103,59.9,1,auto,-46.4,1379939,35,65,2026-09-11-s1
2026-09-11 14:33:00+00:00,bench-01,2127,59.9,1,auto,-46.1,1389940,35,65,2026-09-11-s1
2026-09-11 14:33:10+00:00,bench-01,2066,60.3,1,auto,-46.2,1399938,35,65,2026-09-11-s1
2026-09-11 14:33:20+00:00,bench-01,2090,60.3,1,auto,-44.6,1409936,35,65,2026-09-11-s1
2026-09-11 14:33:30+00:00,bench-01,2107,60.7,1,auto,-44.5,1419940,35,65,2026-09-11-s1
2026-09-11 14:33:40+00:00,bench-01,2080,60.1,1,auto,-45.8,1429939,35,65,2026-09-11-s1
2026-09-11 14:33:50+00:00,bench-01,2077,61.2,1,auto,-47.2,1439940,35,65,2026-09-11-s1
2026-09-11 14:34:00+00:00,bench-01,2082,60.7,1,auto,-48.0,1449939,35,65,2026-09-11-s1
2026-09-11 14:34:10+00:00,bench-01,2078,61.1,1,auto,-48.7,1459940,35,65,2026-09-11-s1
2026-09-11 14:34:20+00:00,bench-01,2072,61.4,1,auto,-47.2,1469935,35,65,2026-09-11-s1
2026-09-11 14:34:30+00:00,bench-01,2083,61.1,1,auto,-45.5,1479937,35,65,2026-09-11-s1
2026-09-11 14:34:40+00:00,bench-01,2083,60.7,1,auto,-47.1,1489937,35,65,2026-09-11-s1
2026-09-11 14:34:50+00:00,bench-01,2067,61.7,1,auto,-47.8,1499936,35,65,2026-09-11-s1
2026-09-11 14:35:00+00:00,bench-01,2049,61.7,1,auto,-47.8,1509938,35,65,2026-09-11-s1
2026-09-11 14:35:10+00:00,bench-01,2061,62.0,1,auto,-46.0,1519935,35,65,2026-09-11-s1
2026-09-11 14:35:20+00:00,bench-01,2046,61.9,1,auto,-46.3,1529930,35,65,2026-09-11-s1
2026-09-11 14:35:30+00:00,bench-01,2057,62.5,1,auto,-45.5,1539931,35,65,2026-09-11-s1
2026-09-11 14:35:40+00:00,bench-01,2071,61.6,1,auto,-45.8,1549931,35,65,2026-09-11-s1
2026-09-11 14:35:50+00:00,bench-01,2054,62.9,1,auto,-47.2,1559933,35,65,2026-09-11-s1
2026-09-11 14:36:00+00:00,bench-01,2035,62.9,1,auto,-46.9,1569935,35,65,2026-09-11-s1
2026-09-11 14:36:10+00:00,bench-01,2052,62.6,1,auto,-46.4,1579934,35,65,2026-09-11-s1
2026-09-11 14:36:20+00:00,bench-01,2061,62.6,1,auto,-46.1,1589933,35,65,2026-09-11-s1
2026-09-11 14:36:30+00:00,bench-01,2037,63.7,1,auto,-48.0,1599936,35,65,2026-09-11-s1
2026-09-11 14:36:40+00:00,bench-01,2023,62.9,1,auto,-45.4,1609932,35,65,2026-09-11-s1
2026-09-11 14:36:50+00:00,bench-01,2064,63.1,1,auto,-45.9,1619931,35,65,2026-09-11-s1
2026-09-11 14:37:00+00:00,bench-01,2034,63.0,1,auto,-44.6,1629927,35,65,2026-09-11-s1
2026-09-11 14:37:10+00:00,bench-01,2030,63.5,1,auto,-45.0,1639930,35,65,2026-09-11-s1
2026-09-11 14:37:20+00:00,bench-01,2044,62.8,1,auto,-45.4,1649930,35,65,2026-09-11-s1
2026-09-11 14:37:30+00:00,bench-01,2036,63.3,1,auto,-46.5,1659926,35,65,2026-09-11-s1
2026-09-11 14:37:40+00:00,bench-01,2006,64.6,1,auto,-47.0,1669921,35,65,2026-09-11-s1
2026-09-11 14:37:50+00:00,bench-01,2019,63.5,1,auto,-47.6,1679922,35,65,2026-09-11-s1
2026-09-11 14:38:00+00:00,bench-01,2023,64.2,1,auto,-47.7,1689924,35,65,2026-09-11-s1
2026-09-11 14:38:10+00:00,bench-01,2033,63.8,1,auto,-47.0,1699924,35,65,2026-09-11-s1
2026-09-11 14:38:20+00:00,bench-01,2032,63.6,1,auto,-43.6,1709919,35,65,2026-09-11-s1
2026-09-11 14:38:30+00:00,bench-01,2008,64.2,1,auto,-42.8,1719919,35,65,2026-09-11-s1
2026-09-11 14:38:40+00:00,bench-01,2014,64.5,1,auto,-41.5,1729922,35,65,2026-09-11-s1
2026-09-11 14:38:50+00:00,bench-01,2003,63.8,1,auto,-39.7,1739917,35,65,2026-09-11-s1
2026-09-11 14:39:00+00:00,bench-01,2014,64.5,1,auto,-41.0,1749921,35,65,2026-09-11-s1
2026-09-11 14:39:10+00:00,bench-01,2003,64.6,1,auto,-41.2,1759918,35,65,2026-09-11-s1
2026-09-11 14:39:20+00:00,bench-01,2008,64.7,1,auto,-42.8,1769914,35,65,2026-09-11-s1
2026-09-11 14:39:30+00:00,bench-01,2021,64.7,1,auto,-42.5,1779916,35,65,2026-09-11-s1
2026-09-11 14:39:40+00:00,bench-01,2007,64.6,1,auto,-44.6,1789920,35,65,2026-09-11-s1
2026-09-11 14:39:50+00:00,bench-01,2019,64.7,0,auto,-43.6,1799923,35,65,2026-09-11-s1
2026-09-11 14:40:00+00:00,bench-01,2027,63.4,0,auto,-42.7,1809925,35,65,2026-09-11-s1
2026-09-11 14:40:10+00:00,bench-01,2051,63.3,0,auto,-42.4,1819925,35,65,2026-09-11-s1
2026-09-11 14:40:20+00:00,bench-01,2030,62.9,0,auto,-42.6,1829923,35,65,2026-09-11-s1
2026-09-11 14:40:30+00:00,bench-01,2071,61.6,0,auto,-40.6,1839924,35,65,2026-09-11-s1
2026-09-11 14:40:40+00:00,bench-01,2085,61.4,0,auto,-41.2,1849923,35,65,2026-09-11-s1
2026-09-11 14:40:50+00:00,bench-01,2074,60.8,0,auto,-43.0,1859919,35,65,2026-09-11-s1
2026-09-11 14:41:00+00:00,bench-01,2073,60.1,0,auto,-42.5,1869914,35,65,2026-09-11-s1
2026-09-11 14:41:10+00:00,bench-01,2132,59.5,0,auto,-43.3,1879910,35,65,2026-09-11-s1
2026-09-11 14:41:20+00:00,bench-01,2127,59.2,0,auto,-44.8,1889910,35,65,2026-09-11-s1
2026-09-11 14:41:30+00:00,bench-01,2137,58.5,0,auto,-45.7,1899913,35,65,2026-09-11-s1
2026-09-11 14:41:40+00:00,bench-01,2140,58.1,0,auto,-45.5,1909911,35,65,2026-09-11-s1
2026-09-11 14:41:50+00:00,bench-01,2164,58.2,0,auto,-47.0,1919913,35,65,2026-09-11-s1
2026-09-11 14:42:00+00:00,bench-01,2147,56.8,0,auto,-46.1,1929917,35,65,2026-09-11-s1
2026-09-11 14:42:10+00:00,bench-01,2164,56.8,0,auto,-44.0,1939918,35,65,2026-09-11-s1
2026-09-11 14:42:20+00:00,bench-01,2178,56.0,0,auto,-44.6,1949914,35,65,2026-09-11-s1
2026-09-11 14:42:30+00:00,bench-01,2169,55.5,0,auto,-44.5,1959909,35,65,2026-09-11-s1
2026-09-11 14:42:40+00:00,bench-01,2194,55.4,0,auto,-44.2,1969912,35,65,2026-09-11-s1
2026-09-11 14:42:50+00:00,bench-01,2195,54.3,0,auto,-44.5,1979912,35,65,2026-09-11-s1
2026-09-11 14:43:00+00:00,bench-01,2235,53.5,0,auto,-45.2,1989911,35,65,2026-09-11-s1
2026-09-11 14:43:10+00:00,bench-01,2238,53.3,0,auto,-47.2,1999913,35,65,2026-09-11-s1
2026-09-11 14:43:20+00:00,bench-01,2235,53.1,0,auto,-45.6,2009915,35,65,2026-09-11-s1
2026-09-11 14:43:30+00:00,bench-01,2273,52.5,0,auto,-45.2,2019912,35,65,2026-09-11-s1
2026-09-11 14:43:40+00:00,bench-01,2258,52.6,0,auto,-44.2,2029914,35,65,2026-09-11-s1
2026-09-11 14:43:50+00:00,bench-01,4095,-20.0,0,auto,-44.2,2039915,35,65,2026-09-11-s1
2026-09-11 14:44:00+00:00,bench-01,2281,51.1,0,auto,-45.3,2049914,35,65,2026-09-11-s1
2026-09-11 14:44:10+00:00,bench-01,2281,50.7,0,auto,-45.9,2059918,35,65,2026-09-11-s1
2026-09-11 14:44:20+00:00,bench-01,2294,50.6,0,auto,-46.0,2069918,35,65,2026-09-11-s1
2026-09-11 14:44:30+00:00,bench-01,2309,49.4,0,auto,-44.8,2079918,35,65,2026-09-11-s1
2026-09-11 14:44:40+00:00,bench-01,2315,49.6,0,auto,-44.2,2089922,35,65,2026-09-11-s1
2026-09-11 14:44:50+00:00,bench-01,2333,48.5,0,auto,-44.7,2099918,35,65,2026-09-11-s1
2026-09-11 14:45:00+00:00,bench-01,2354,48.1,0,auto,-45.7,2109918,35,65,2026-09-11-s1
2026-09-11 14:45:10+00:00,bench-01,2325,48.8,0,auto,-45.7,2119922,35,65,2026-09-11-s1
2026-09-11 14:45:20+00:00,bench-01,2345,47.5,0,auto,-45.6,2129923,35,65,2026-09-11-s1
2026-09-11 14:45:30+00:00,bench-01,2343,47.6,0,auto,-46.3,2139925,35,65,2026-09-11-s1
2026-09-11 14:45:40+00:00,bench-01,2370,46.8,0,auto,-48.8,2149923,35,65,2026-09-11-s1
2026-09-11 14:45:50+00:00,bench-01,2408,46.0,0,auto,-47.9,2159918,35,65,2026-09-11-s1
2026-09-11 14:46:00+00:00,bench-01,2410,45.4,0,auto,-47.4,2169919,35,65,2026-09-11-s1
2026-09-11 14:46:10+00:00,bench-01,2390,45.9,0,auto,-48.9,2179922,35,65,2026-09-11-s1
2026-09-11 14:46:20+00:00,bench-01,2420,45.1,0,auto,-49.9,2189921,35,65,2026-09-11-s1
2026-09-11 14:46:30+00:00,bench-01,2439,44.1,0,auto,-48.2,2199925,35,65,2026-09-11-s1
2026-09-11 14:46:40+00:00,bench-01,2445,44.2,0,auto,-47.1,2209921,35,65,2026-09-11-s1
2026-09-11 14:46:50+00:00,bench-01,2437,43.9,0,auto,-46.8,2219923,35,65,2026-09-11-s1
2026-09-11 14:47:00+00:00,bench-01,2462,42.7,0,auto,-49.1,2229920,35,65,2026-09-11-s1
2026-09-11 14:47:10+00:00,bench-01,2435,42.8,0,auto,-49.4,2239920,35,65,2026-09-11-s1
2026-09-11 14:47:20+00:00,bench-01,2459,42.6,0,auto,-49.9,2249918,35,65,2026-09-11-s1
2026-09-11 14:47:30+00:00,bench-01,2462,42.4,0,auto,-51.4,2259914,35,65,2026-09-11-s1
2026-09-11 14:47:40+00:00,bench-01,2488,41.3,0,auto,-52.5,2269916,35,65,2026-09-11-s1
2026-09-11 14:47:50+00:00,bench-01,2471,41.7,0,auto,-53.3,2279914,35,65,2026-09-11-s1
2026-09-11 14:48:00+00:00,bench-01,2482,41.5,0,auto,-54.1,2289910,35,65,2026-09-11-s1
2026-09-11 14:48:10+00:00,bench-01,2476,40.5,0,auto,-55.9,2299905,35,65,2026-09-11-s1
2026-09-11 14:48:20+00:00,bench-01,2476,40.6,0,auto,-55.8,2309902,35,65,2026-09-11-s1
2026-09-11 14:48:30+00:00,bench-01,2498,40.1,0,auto,-54.4,2319899,35,65,2026-09-11-s1
2026-09-11 14:48:40+00:00,bench-01,2526,38.9,0,auto,-54.4,2329900,35,65,2026-09-11-s1
2026-09-11 14:48:50+00:00,bench-01,2513,39.3,0,auto,-54.2,2339903,35,65,2026-09-11-s1
2026-09-11 14:49:00+00:00,bench-01,2534,38.6,0,auto,-55.7,2349905,35,65,2026-09-11-s1
2026-09-11 14:49:10+00:00,bench-01,2544,38.4,0,auto,-56.4,2359903,35,65,2026-09-11-s1
2026-09-11 14:49:20+00:00,bench-01,2518,38.7,0,auto,-57.3,2369900,35,65,2026-09-11-s1
2026-09-11 14:49:30+00:00,bench-01,2545,37.7,0,auto,-54.9,2379904,35,65,2026-09-11-s1
2026-09-11 14:49:40+00:00,bench-01,2543,37.7,0,auto,-55.8,2389902,35,65,2026-09-11-s1
2026-09-11 14:49:50+00:00,bench-01,2552,37.4,0,auto,-55.0,2399905,35,65,2026-09-11-s1
2026-09-11 14:50:00+00:00,bench-01,2563,37.5,0,auto,-55.2,2409904,35,65,2026-09-11-s1
2026-09-11 14:50:10+00:00,bench-01,2580,36.7,0,auto,-54.2,2419902,35,65,2026-09-11-s1
2026-09-11 14:50:20+00:00,bench-01,2574,36.1,0,auto,-51.7,2429897,35,65,2026-09-11-s1
2026-09-11 14:50:30+00:00,bench-01,2589,36.1,0,auto,-52.1,2439893,35,65,2026-09-11-s1
2026-09-11 14:50:40+00:00,bench-01,2586,36.5,0,auto,-52.8,2449892,35,65,2026-09-11-s1
2026-09-11 14:50:50+00:00,bench-01,2614,35.8,0,auto,-53.9,2459892,35,65,2026-09-11-s1
2026-09-11 14:51:00+00:00,bench-01,2594,35.7,0,auto,-55.8,2469896,35,65,2026-09-11-s1
2026-09-11 14:51:10+00:00,bench-01,2606,35.1,0,auto,-55.5,2479896,35,65,2026-09-11-s1
2026-09-11 14:51:20+00:00,bench-01,2598,35.6,0,auto,-55.0,2489897,35,65,2026-09-11-s1
2026-09-11 14:51:30+00:00,bench-01,2607,35.3,1,auto,-55.0,2499894,35,65,2026-09-11-s1
2026-09-11 14:51:40+00:00,bench-01,2600,35.3,1,auto,-55.9,2509898,35,65,2026-09-11-s1
2026-09-11 14:51:50+00:00,bench-01,2591,36.6,1,auto,-55.8,2519895,35,65,2026-09-11-s1
2026-09-11 14:52:00+00:00,bench-01,2567,37.1,1,auto,-56.1,2529890,35,65,2026-09-11-s1
2026-09-11 14:52:10+00:00,bench-01,2572,37.0,1,auto,-55.8,2539886,35,65,2026-09-11-s1
2026-09-11 14:52:20+00:00,bench-01,2566,37.5,1,auto,-56.0,2549882,35,65,2026-09-11-s1
2026-09-11 14:52:30+00:00,bench-01,2573,38.2,1,auto,-53.5,2559877,35,65,2026-09-11-s1
2026-09-11 14:52:40+00:00,bench-01,2515,39.0,1,auto,-56.1,2569875,35,65,2026-09-11-s1
2026-09-11 14:52:50+00:00,bench-01,2536,38.5,1,auto,-54.0,2579870,35,65,2026-09-11-s1
2026-09-11 14:53:00+00:00,bench-01,2526,39.3,1,auto,-55.2,2589872,35,65,2026-09-11-s1
2026-09-11 14:53:10+00:00,bench-01,2523,39.2,1,auto,-55.3,2599872,35,65,2026-09-11-s1
2026-09-11 14:53:20+00:00,bench-01,2496,40.1,1,auto,-57.4,2609875,35,65,2026-09-11-s1
2026-09-11 14:53:30+00:00,bench-01,2502,40.8,1,auto,-56.6,2619873,35,65,2026-09-11-s1
2026-09-11 14:53:40+00:00,bench-01,2488,40.5,1,auto,-59.0,2629872,35,65,2026-09-11-s1
2026-09-11 14:53:50+00:00,bench-01,2480,41.2,1,auto,-59.4,2639874,35,65,2026-09-11-s1
2026-09-11 14:54:00+00:00,bench-01,2468,41.3,1,auto,-58.7,2649874,35,65,2026-09-11-s1
2026-09-11 14:54:10+00:00,bench-01,2470,41.3,1,auto,-56.9,2659871,35,65,2026-09-11-s1
2026-09-11 14:54:20+00:00,bench-01,2443,42.9,1,auto,-57.1,2669873,35,65,2026-09-11-s1
2026-09-11 14:54:30+00:00,bench-01,2460,42.6,1,auto,-57.8,2679873,35,65,2026-09-11-s1
2026-09-11 14:54:40+00:00,bench-01,2470,42.7,1,auto,-57.3,2689870,35,65,2026-09-11-s1
2026-09-11 14:54:50+00:00,bench-01,2438,43.3,1,auto,-58.3,2699869,35,65,2026-09-11-s1
2026-09-11 14:55:00+00:00,bench-01,2447,43.1,1,auto,-58.7,2709867,35,65,2026-09-11-s1
2026-09-11 14:55:10+00:00,bench-01,2427,44.0,1,auto,-59.7,2719871,35,65,2026-09-11-s1
2026-09-11 14:55:20+00:00,bench-01,2415,43.9,1,auto,-59.9,2729872,35,65,2026-09-11-s1
2026-09-11 14:55:30+00:00,bench-01,2439,44.1,1,auto,-60.5,2739872,35,65,2026-09-11-s1
2026-09-11 14:55:40+00:00,bench-01,2433,44.8,1,auto,-60.5,2749870,35,65,2026-09-11-s1
2026-09-11 14:55:50+00:00,bench-01,2399,44.5,1,auto,-59.2,2759870,35,65,2026-09-11-s1
2026-09-11 14:56:00+00:00,bench-01,2381,45.3,1,auto,-57.6,2769869,35,65,2026-09-11-s1
2026-09-11 14:56:10+00:00,bench-01,2394,45.7,1,auto,-59.7,2779872,35,65,2026-09-11-s1
2026-09-11 14:56:20+00:00,bench-01,2386,45.6,1,auto,-61.1,2789867,35,65,2026-09-11-s1
2026-09-11 14:56:30+00:00,bench-01,2381,46.0,1,auto,-61.7,2799870,35,65,2026-09-11-s1
2026-09-11 14:56:40+00:00,bench-01,2403,45.9,1,auto,-59.3,2809866,35,65,2026-09-11-s1
2026-09-11 14:56:50+00:00,bench-01,2371,46.7,1,auto,-58.0,2819865,35,65,2026-09-11-s1
2026-09-11 14:57:00+00:00,bench-01,2357,46.6,1,auto,-58.1,2829863,35,65,2026-09-11-s1
2026-09-11 14:57:10+00:00,bench-01,2367,47.2,1,auto,-57.6,2839865,35,65,2026-09-11-s1
2026-09-11 14:57:20+00:00,bench-01,2344,48.9,1,auto,-58.4,2849861,35,65,2026-09-11-s1
2026-09-11 14:57:30+00:00,bench-01,2367,47.7,1,auto,-59.5,2859861,35,65,2026-09-11-s1
2026-09-11 14:57:40+00:00,bench-01,2342,48.4,1,auto,-60.3,2869861,35,65,2026-09-11-s1
2026-09-11 14:57:50+00:00,bench-01,2348,48.4,1,auto,-60.0,2879860,35,65,2026-09-11-s1
2026-09-11 14:58:00+00:00,bench-01,2303,49.0,1,auto,-60.9,2889862,35,65,2026-09-11-s1
2026-09-11 14:58:10+00:00,bench-01,2328,48.9,1,auto,-61.2,2899861,35,65,2026-09-11-s1
2026-09-11 14:58:20+00:00,bench-01,2310,49.7,1,auto,-60.2,2909865,35,65,2026-09-11-s1
2026-09-11 14:58:30+00:00,bench-01,2308,49.9,1,auto,-59.7,2919866,35,65,2026-09-11-s1
2026-09-11 14:58:40+00:00,bench-01,2301,49.7,1,auto,-62.3,2929863,35,65,2026-09-11-s1
2026-09-11 14:58:50+00:00,bench-01,2295,50.7,1,auto,-64.1,2939858,35,65,2026-09-11-s1
2026-09-11 14:59:00+00:00,bench-01,2298,49.8,1,auto,-62.6,2949858,35,65,2026-09-11-s1
2026-09-11 14:59:10+00:00,bench-01,2271,51.1,1,auto,-62.0,2959855,35,65,2026-09-11-s1
2026-09-11 14:59:30+00:00,bench-01,2275,51.2,1,auto,-63.0,2979854,35,65,2026-09-11-s1
2026-09-11 14:59:40+00:00,bench-01,2269,51.9,1,auto,-62.1,2989854,35,65,2026-09-11-s1
2026-09-11 14:59:50+00:00,bench-01,2286,51.3,1,auto,-61.4,2999851,35,65,2026-09-11-s1
2026-09-11 15:00:00+00:00,bench-01,2270,51.3,1,auto,-62.6,3009848,35,65,2026-09-11-s1
2026-09-11 15:00:10+00:00,bench-01,2266,51.0,1,auto,-61.8,3019845,35,65,2026-09-11-s1
2026-09-11 15:00:20+00:00,bench-01,2277,51.3,1,auto,-61.1,3029842,35,65,2026-09-11-s1
2026-09-11 15:00:30+00:00,bench-01,2259,52.2,1,auto,-61.9,3039837,35,65,2026-09-11-s1
2026-09-11 15:00:40+00:00,bench-01,2245,52.7,1,auto,-62.8,3049834,35,65,2026-09-11-s1
2026-09-11 15:00:50+00:00,bench-01,2240,53.1,1,auto,-62.0,3059830,35,65,2026-09-11-s1
2026-09-11 15:01:00+00:00,bench-01,2237,52.9,1,auto,-61.3,3069829,35,65,2026-09-11-s1
2026-09-11 15:01:10+00:00,bench-01,2252,52.6,1,auto,-63.2,3079826,35,65,2026-09-11-s1
2026-09-11 15:01:20+00:00,bench-01,2250,52.8,1,auto,-61.3,3089830,35,65,2026-09-11-s1
2026-09-11 15:01:30+00:00,bench-01,2241,53.3,1,auto,-61.9,3099829,35,65,2026-09-11-s1
2026-09-11 15:01:40+00:00,bench-01,2238,53.9,1,auto,-62.2,3109832,35,65,2026-09-11-s1
2026-09-11 15:01:50+00:00,bench-01,2234,54.0,1,auto,-61.1,3119834,35,65,2026-09-11-s1
2026-09-11 15:02:00+00:00,bench-01,2229,53.8,1,auto,-62.7,3129832,35,65,2026-09-11-s1
2026-09-11 15:02:10+00:00,bench-01,2207,54.4,1,auto,-62.6,3139835,35,65,2026-09-11-s1
2026-09-11 15:02:20+00:00,bench-01,2196,54.7,1,auto,-61.2,3149834,35,65,2026-09-11-s1
2026-09-11 15:02:30+00:00,bench-01,2215,54.8,1,auto,-60.9,3159831,35,65,2026-09-11-s1
2026-09-11 15:02:40+00:00,bench-01,2203,56.1,1,auto,-61.9,3169832,35,65,2026-09-11-s1
2026-09-11 15:02:50+00:00,bench-01,2181,56.0,1,auto,-60.9,3179831,35,65,2026-09-11-s1
2026-09-11 15:03:00+00:00,bench-01,2189,55.3,1,auto,-60.7,3189835,35,65,2026-09-11-s1
2026-09-11 15:03:10+00:00,bench-01,2181,56.0,1,auto,-61.6,3199831,35,65,2026-09-11-s1
2026-09-11 15:03:20+00:00,bench-01,2173,56.2,1,auto,-62.4,3209833,35,65,2026-09-11-s1
2026-09-11 15:03:30+00:00,bench-01,2185,55.7,1,auto,-62.2,3219836,35,65,2026-09-11-s1
2026-09-11 15:03:40+00:00,bench-01,2197,56.4,1,auto,-64.1,3229832,35,65,2026-09-11-s1
2026-09-11 15:03:50+00:00,bench-01,2176,56.7,1,auto,-62.9,3239836,35,65,2026-09-11-s1
2026-09-11 15:04:00+00:00,bench-01,2173,56.2,1,auto,-62.7,3249839,35,65,2026-09-11-s1
2026-09-11 15:04:10+00:00,bench-01,2182,57.0,1,auto,-63.7,3259835,35,65,2026-09-11-s1
2026-09-11 15:04:20+00:00,bench-01,2132,57.6,1,auto,-62.2,3269833,35,65,2026-09-11-s1
2026-09-11 15:04:30+00:00,bench-01,2175,56.7,1,auto,-65.4,3279829,35,65,2026-09-11-s1
2026-09-11 15:04:40+00:00,bench-01,2145,57.3,1,auto,-65.4,3289831,35,65,2026-09-11-s1
2026-09-11 15:04:50+00:00,bench-01,2137,58.0,1,auto,-64.8,3299830,35,65,2026-09-11-s1
2026-09-11 15:05:00+00:00,bench-01,2136,58.2,1,auto,-63.5,3309826,35,65,2026-09-11-s1
2026-09-11 15:05:10+00:00,bench-01,2126,58.7,1,auto,-64.4,3319830,35,65,2026-09-11-s1
2026-09-11 15:05:20+00:00,bench-01,2142,58.1,1,auto,-65.2,3329826,35,65,2026-09-11-s1
2026-09-11 15:05:30+00:00,bench-01,2123,58.5,1,auto,-65.1,3339822,35,65,2026-09-11-s1
2026-09-11 15:05:40+00:00,bench-01,2126,58.3,1,auto,-66.3,3349822,35,65,2026-09-11-s1
2026-09-11 15:05:50+00:00,bench-01,2125,58.4,1,auto,-67.1,3359826,35,65,2026-09-11-s1
2026-09-11 15:06:00+00:00,bench-01,2113,59.2,1,auto,-68.6,3369823,35,65,2026-09-11-s1
2026-09-11 15:06:10+00:00,bench-01,2110,58.9,1,auto,-69.6,3379818,35,65,2026-09-11-s1
2026-09-11 15:06:20+00:00,bench-01,2116,59.1,1,auto,-68.3,3389817,35,65,2026-09-11-s1
2026-09-11 15:06:30+00:00,bench-01,2130,59.0,1,auto,-67.3,3399821,35,65,2026-09-11-s1
2026-09-11 15:06:40+00:00,bench-01,2113,59.4,1,auto,-69.1,3409825,35,65,2026-09-11-s1
2026-09-11 15:06:50+00:00,bench-01,2089,60.3,1,auto,-67.9,3419821,35,65,2026-09-11-s1
2026-09-11 15:07:00+00:00,bench-01,2104,60.3,1,auto,-68.8,3429819,35,65,2026-09-11-s1
2026-09-11 15:07:10+00:00,bench-01,2106,59.6,1,auto,-69.7,3439818,35,65,2026-09-11-s1
2026-09-11 15:07:20+00:00,bench-01,2097,60.2,1,auto,-68.6,3449816,35,65,2026-09-11-s1
2026-09-11 15:07:30+00:00,bench-01,2076,60.7,1,auto,-69.7,3459820,35,65,2026-09-11-s1
2026-09-11 15:07:40+00:00,bench-01,2095,60.4,1,auto,-71.1,3469823,35,65,2026-09-11-s1
2026-09-11 15:07:50+00:00,bench-01,2088,60.9,1,auto,-70.8,3479826,35,65,2026-09-11-s1
2026-09-11 15:08:00+00:00,bench-01,2077,60.9,1,auto,-69.6,3489822,35,65,2026-09-11-s1
2026-09-11 15:08:10+00:00,bench-01,2094,60.7,1,auto,-68.7,3499826,35,65,2026-09-11-s1
2026-09-11 15:08:20+00:00,bench-01,2078,60.5,1,auto,-68.7,3509824,35,65,2026-09-11-s1
2026-09-11 15:08:30+00:00,bench-01,2054,61.2,1,auto,-69.4,3519821,35,65,2026-09-11-s1
2026-09-11 15:08:40+00:00,bench-01,2080,61.2,1,auto,-69.7,3529825,35,65,2026-09-11-s1
2026-09-11 15:08:50+00:00,bench-01,2051,61.8,1,auto,-69.5,3539823,35,65,2026-09-11-s1
2026-09-11 15:09:00+00:00,bench-01,2062,61.8,1,auto,-69.2,3549826,35,65,2026-09-11-s1
2026-09-11 15:09:10+00:00,bench-01,2049,62.2,1,auto,-70.5,3559821,35,65,2026-09-11-s1
2026-09-11 15:09:20+00:00,bench-01,2019,62.9,1,auto,-72.6,3569819,35,65,2026-09-11-s1
2026-09-11 15:09:30+00:00,bench-01,2062,62.2,1,auto,-74.1,3579817,35,65,2026-09-11-s1
2026-09-11 15:09:40+00:00,bench-01,2082,61.5,1,auto,-75.5,3589818,35,65,2026-09-11-s1
2026-09-11 15:09:50+00:00,bench-01,2039,62.4,1,auto,-75.8,3599816,35,65,2026-09-11-s1
2026-09-11 15:10:00+00:00,bench-01,2058,62.2,1,auto,-75.7,3609818,35,65,2026-09-11-s1
2026-09-11 15:10:10+00:00,bench-01,2046,63.3,1,auto,-74.2,3619818,35,65,2026-09-11-s1
2026-09-11 15:10:20+00:00,bench-01,2026,63.9,1,auto,-73.8,3629815,35,65,2026-09-11-s1
2026-09-11 15:10:30+00:00,bench-01,2064,62.8,1,auto,-74.8,3639815,35,65,2026-09-11-s1
2026-09-11 15:10:40+00:00,bench-01,2026,63.1,1,auto,-74.5,3649813,35,65,2026-09-11-s1
2026-09-11 15:10:50+00:00,bench-01,2056,62.5,1,auto,-74.8,3659815,35,65,2026-09-11-s1
2026-09-11 15:11:00+00:00,bench-01,2040,63.6,1,auto,-77.0,3669816,35,65,2026-09-11-s1
2026-09-11 15:11:10+00:00,bench-01,2043,63.0,1,auto,-77.6,3679818,35,65,2026-09-11-s1
2026-09-11 15:11:20+00:00,bench-01,2040,63.9,1,auto,-78.0,3689821,35,65,2026-09-11-s1
2026-09-11 15:11:30+00:00,bench-01,2019,63.8,1,auto,-77.5,3699822,35,65,2026-09-11-s1
2026-09-11 15:11:40+00:00,bench-01,2040,64.0,1,auto,-77.4,3709821,35,65,2026-09-11-s1
2026-09-11 15:11:50+00:00,bench-01,2026,64.0,1,auto,-77.4,3719823,35,65,2026-09-11-s1
2026-09-11 15:12:00+00:00,bench-01,2030,63.4,1,auto,-76.7,3729821,35,65,2026-09-11-s1
2026-09-11 15:12:10+00:00,bench-01,2027,64.6,1,auto,-76.8,3739825,35,65,2026-09-11-s1
2026-09-11 15:12:20+00:00,bench-01,2028,63.7,1,auto,-77.1,3749824,35,65,2026-09-11-s1
2026-09-11 15:12:30+00:00,bench-01,2006,64.3,1,auto,-77.8,3759823,35,65,2026-09-11-s1
2026-09-11 15:12:40+00:00,bench-01,2012,65.0,1,auto,-76.3,3769818,35,65,2026-09-11-s1
2026-09-11 15:12:50+00:00,bench-01,2015,64.6,1,auto,-76.7,3779815,35,65,2026-09-11-s1
2026-09-11 15:13:00+00:00,bench-01,1997,65.0,1,auto,-76.5,3789819,35,65,2026-09-11-s1
2026-09-11 15:13:10+00:00,bench-01,2003,64.7,1,auto,-75.6,3799817,35,65,2026-09-11-s1
2026-09-11 15:13:20+00:00,bench-01,1983,65.1,1,auto,-75.0,3809819,35,65,2026-09-11-s1
2026-09-11 15:13:30+00:00,bench-01,2026,64.5,0,auto,-73.1,3819822,35,65,2026-09-11-s1
2026-09-11 15:13:40+00:00,bench-01,2008,64.3,0,auto,-72.0,3829821,35,65,2026-09-11-s1
2026-09-11 15:13:50+00:00,bench-01,2032,63.9,0,auto,-72.5,3839822,35,65,2026-09-11-s1
2026-09-11 15:14:00+00:00,bench-01,2020,63.1,0,auto,-72.1,3849818,35,65,2026-09-11-s1
2026-09-11 15:14:10+00:00,bench-01,2056,62.1,0,auto,-69.5,3859814,35,65,2026-09-11-s1
2026-09-11 15:14:20+00:00,bench-01,2077,61.8,0,auto,-69.8,3869815,35,65,2026-09-11-s1
2026-09-11 15:14:30+00:00,bench-01,2076,61.2,0,auto,-69.4,3879812,35,65,2026-09-11-s1
2026-09-11 15:14:40+00:00,bench-01,2069,60.5,0,auto,-70.0,3889814,35,65,2026-09-11-s1
2026-09-11 15:14:50+00:00,bench-01,2092,60.0,0,auto,-68.3,3899812,35,65,2026-09-11-s1
2026-09-11 15:15:00+00:00,bench-01,2129,59.3,0,auto,-69.3,3909813,35,65,2026-09-11-s1
2026-09-11 15:15:10+00:00,bench-01,2103,59.8,0,auto,-69.8,3919813,35,65,2026-09-11-s1
2026-09-11 15:15:20+00:00,bench-01,2131,58.9,0,auto,-69.9,3929811,35,65,2026-09-11-s1
2026-09-11 15:15:30+00:00,bench-01,2133,58.6,0,auto,-72.9,3939811,35,65,2026-09-11-s1
2026-09-11 15:15:40+00:00,bench-01,2157,57.0,0,auto,-71.4,3949813,35,65,2026-09-11-s1
2026-09-11 15:15:50+00:00,bench-01,2165,57.4,0,auto,-73.5,3959810,35,65,2026-09-11-s1
2026-09-11 15:16:00+00:00,bench-01,2164,56.9,0,auto,-74.0,3969808,35,65,2026-09-11-s1
2026-09-11 15:16:10+00:00,bench-01,2183,55.6,0,auto,-73.8,3979806,35,65,2026-09-11-s1
2026-09-11 15:16:20+00:00,bench-01,2208,55.4,0,auto,-73.4,3989801,35,65,2026-09-11-s1
2026-09-11 15:16:30+00:00,bench-01,2184,55.4,0,auto,-74.6,3999797,35,65,2026-09-11-s1
2026-09-11 15:16:40+00:00,bench-01,2228,54.4,0,auto,-74.5,4009801,35,65,2026-09-11-s1
2026-09-11 15:16:50+00:00,bench-01,2260,53.2,0,auto,-72.8,4019799,35,65,2026-09-11-s1
2026-09-11 15:17:00+00:00,bench-01,2213,54.2,0,auto,-72.7,4029800,35,65,2026-09-11-s1
2026-09-11 15:17:10+00:00,bench-01,2260,52.5,0,auto,-72.7,4039801,35,65,2026-09-11-s1
2026-09-11 15:17:20+00:00,bench-01,2246,52.6,0,auto,-72.8,4049798,35,65,2026-09-11-s1
2026-09-11 15:17:30+00:00,bench-01,2264,52.2,0,auto,-74.5,4059800,35,65,2026-09-11-s1
2026-09-11 15:17:40+00:00,bench-01,2244,52.6,0,auto,-73.2,4069800,35,65,2026-09-11-s1
2026-09-11 15:17:50+00:00,bench-01,2300,51.4,0,auto,-73.8,4079796,35,65,2026-09-11-s1
2026-09-11 15:18:00+00:00,bench-01,2296,50.6,0,auto,-74.1,4089791,35,65,2026-09-11-s1
2026-09-11 15:18:10+00:00,bench-01,2308,50.5,0,auto,-74.0,4099791,35,65,2026-09-11-s1
2026-09-11 15:18:20+00:00,bench-01,2288,50.1,0,auto,-72.7,4109790,35,65,2026-09-11-s1
2026-09-11 15:18:30+00:00,bench-01,2310,49.7,0,auto,-73.3,4119788,35,65,2026-09-11-s1
2026-09-11 15:18:40+00:00,bench-01,2338,49.2,0,auto,-73.4,4129788,35,65,2026-09-11-s1
2026-09-11 15:18:50+00:00,bench-01,2365,47.3,0,auto,-73.4,4139785,35,65,2026-09-11-s1
2026-09-11 15:19:00+00:00,bench-01,2334,49.0,0,auto,-72.9,4149787,35,65,2026-09-11-s1
2026-09-11 15:19:10+00:00,bench-01,2340,48.4,0,auto,-71.5,4159784,35,65,2026-09-11-s1
2026-09-11 15:19:20+00:00,bench-01,2381,47.3,0,auto,-72.5,4169783,35,65,2026-09-11-s1
2026-09-11 15:19:30+00:00,bench-01,2355,47.1,0,auto,-72.0,4179786,35,65,2026-09-11-s1
2026-09-11 15:19:40+00:00,bench-01,2370,47.1,0,auto,-70.8,4189784,35,65,2026-09-11-s1
2026-09-11 15:19:50+00:00,bench-01,2397,45.5,0,auto,-70.9,4199779,35,65,2026-09-11-s1
2026-09-11 15:20:00+00:00,bench-01,2399,45.9,0,auto,-71.3,4209775,35,65,2026-09-11-s1
2026-09-11 15:20:10+00:00,bench-01,2388,45.2,0,auto,-70.8,4219775,35,65,2026-09-11-s1
2026-09-11 15:20:20+00:00,bench-01,2362,45.8,0,auto,-71.8,4229777,35,65,2026-09-11-s1
2026-09-11 15:20:30+00:00,bench-01,2414,44.5,0,auto,-71.9,4239780,35,65,2026-09-11-s1
2026-09-11 15:20:40+00:00,bench-01,2415,44.2,0,auto,-71.7,4249781,35,65,2026-09-11-s1
2026-09-11 15:20:50+00:00,bench-01,2430,44.3,0,auto,-72.4,4259778,35,65,2026-09-11-s1
2026-09-11 15:21:00+00:00,bench-01,2437,43.7,0,auto,-71.9,4269777,35,65,2026-09-11-s1
2026-09-11 15:21:10+00:00,bench-01,2453,43.3,0,auto,-71.2,4279781,35,65,2026-09-11-s1
2026-09-11 15:21:20+00:00,bench-01,2437,42.8,0,auto,-73.1,4289784,35,65,2026-09-11-s1
2026-09-11 15:21:30+00:00,bench-01,2449,42.5,0,auto,-73.1,4299780,35,65,2026-09-11-s1
2026-09-11 15:21:40+00:00,bench-01,2471,42.7,0,auto,-73.4,4309781,35,65,2026-09-11-s1
2026-09-11 15:21:50+00:00,bench-01,2427,41.9,0,auto,-72.3,4319779,35,65,2026-09-11-s1
2026-09-11 15:22:00+00:00,bench-01,2454,41.9,0,auto,-72.5,4329781,35,65,2026-09-11-s1
2026-09-11 15:22:10+00:00,bench-01,2483,41.6,0,auto,-74.1,4339776,35,65,2026-09-11-s1
2026-09-11 15:22:20+00:00,bench-01,2495,40.9,0,auto,-74.0,4349775,35,65,2026-09-11-s1
2026-09-11 15:22:30+00:00,bench-01,2523,40.2,0,auto,-74.7,4359774,35,65,2026-09-11-s1
2026-09-11 15:22:40+00:00,bench-01,2509,40.3,0,auto,-75.4,4369775,35,65,2026-09-11-s1
2026-09-11 15:22:50+00:00,bench-01,2514,40.3,0,auto,-75.6,4379776,35,65,2026-09-11-s1
2026-09-11 15:23:00+00:00,bench-01,2519,39.7,0,auto,-77.0,4389775,35,65,2026-09-11-s1
2026-09-11 15:23:10+00:00,bench-01,2506,39.3,0,auto,-77.5,4399770,35,65,2026-09-11-s1
2026-09-11 15:23:20+00:00,bench-01,2512,39.4,0,auto,-77.5,4409773,35,65,2026-09-11-s1
2026-09-11 15:23:30+00:00,bench-01,2542,38.8,0,auto,-75.3,4419774,35,65,2026-09-11-s1
2026-09-11 15:23:40+00:00,bench-01,2535,38.3,0,auto,-76.5,4429769,35,65,2026-09-11-s1
2026-09-11 15:23:50+00:00,bench-01,2519,38.3,0,auto,-75.0,4439771,35,65,2026-09-11-s1
2026-09-11 15:24:00+00:00,bench-01,2531,38.0,0,auto,-76.5,4449772,35,65,2026-09-11-s1
2026-09-11 15:24:10+00:00,bench-01,2569,37.4,0,auto,-77.0,4459768,35,65,2026-09-11-s1
2026-09-11 15:24:20+00:00,bench-01,2560,37.4,0,auto,-77.2,4469769,35,65,2026-09-11-s1
2026-09-11 15:24:30+00:00,bench-01,2572,37.0,0,auto,-76.3,4479770,35,65,2026-09-11-s1
2026-09-11 15:24:40+00:00,bench-01,2587,36.3,0,auto,-75.1,4489772,35,65,2026-09-11-s1
2026-09-11 15:24:50+00:00,bench-01,2586,36.4,0,auto,-74.8,4499775,35,65,2026-09-11-s1
2026-09-11 15:25:00+00:00,bench-01,2565,36.5,0,auto,-73.8,4509776,35,65,2026-09-11-s1
2026-09-11 15:25:10+00:00,bench-01,2566,36.1,0,auto,-73.2,4519774,35,65,2026-09-11-s1
2026-09-11 15:25:20+00:00,bench-01,2585,35.7,0,auto,-72.8,4529775,35,65,2026-09-11-s1
2026-09-11 15:25:30+00:00,bench-01,2604,35.3,0,auto,-74.0,4539772,35,65,2026-09-11-s1
2026-09-11 15:25:40+00:00,bench-01,2603,35.2,0,auto,-74.0,4549768,35,65,2026-09-11-s1
2026-09-11 15:25:50+00:00,bench-01,2617,35.4,1,auto,-74.4,4559772,35,65,2026-09-11-s1
2026-09-11 15:26:00+00:00,bench-01,2602,35.6,1,auto,-74.8,4569772,35,65,2026-09-11-s1
2026-09-11 15:26:10+00:00,bench-01,2612,35.5,1,auto,-74.2,4579771,35,65,2026-09-11-s1
2026-09-11 15:26:20+00:00,bench-01,2596,36.4,1,auto,-72.4,4589774,35,65,2026-09-11-s1
2026-09-11 15:26:30+00:00,bench-01,2546,37.1,1,auto,-70.9,4599775,35,65,2026-09-11-s1
2026-09-11 15:26:40+00:00,bench-01,2571,37.0,1,auto,-72.9,4609776,35,65,2026-09-11-s1
2026-09-11 15:26:50+00:00,bench-01,2575,37.5,1,auto,-71.6,4619780,35,65,2026-09-11-s1
2026-09-11 15:27:00+00:00,bench-01,2540,38.1,1,auto,-73.2,4629781,35,65,2026-09-11-s1
2026-09-11 15:27:10+00:00,bench-01,2530,38.7,1,auto,-72.5,4639780,35,65,2026-09-11-s1
2026-09-11 15:27:20+00:00,bench-01,2553,38.7,1,auto,-72.5,4649783,35,65,2026-09-11-s1
2026-09-11 15:27:30+00:00,bench-01,2538,39.0,1,auto,-75.5,4659782,35,65,2026-09-11-s1
2026-09-11 15:27:40+00:00,bench-01,2496,38.9,1,auto,-75.2,4669785,35,65,2026-09-11-s1
2026-09-11 15:27:50+00:00,bench-01,2535,39.8,1,auto,-75.3,4679784,35,65,2026-09-11-s1
2026-09-11 15:28:00+00:00,bench-01,2500,40.6,1,auto,-75.7,4689779,35,65,2026-09-11-s1
2026-09-11 15:28:10+00:00,bench-01,2471,41.2,1,auto,-75.1,4699779,35,65,2026-09-11-s1
2026-09-11 15:28:20+00:00,bench-01,2488,40.9,1,auto,-74.5,4709775,35,65,2026-09-11-s1
2026-09-11 15:28:30+00:00,bench-01,2467,41.6,1,auto,-73.5,4719775,35,65,2026-09-11-s1
2026-09-11 15:28:40+00:00,bench-01,2473,42.3,1,auto,-72.7,4729779,35,65,2026-09-11-s1
2026-09-11 15:28:50+00:00,bench-01,2464,42.4,1,auto,-73.5,4739774,35,65,2026-09-11-s1
2026-09-11 15:29:00+00:00,bench-01,2437,42.7,1,auto,-73.8,4749773,35,65,2026-09-11-s1
2026-09-11 15:29:10+00:00,bench-01,2427,43.1,1,auto,-74.1,4759770,35,65,2026-09-11-s1
2026-09-11 15:29:20+00:00,bench-01,2407,43.5,1,auto,-76.6,4769766,35,65,2026-09-11-s1
2026-09-11 15:29:30+00:00,bench-01,2422,44.0,1,auto,-77.6,4779764,35,65,2026-09-11-s1
2026-09-11 15:29:40+00:00,bench-01,2432,43.6,1,auto,-78.4,4789763,35,65,2026-09-11-s1
2026-09-11 15:29:50+00:00,bench-01,2422,44.1,1,auto,-79.6,4799766,35,65,2026-09-11-s1
2026-09-11 15:30:00+00:00,bench-01,2391,45.3,1,auto,-79.3,4809763,35,65,2026-09-11-s1
2026-09-11 15:30:10+00:00,bench-01,2384,45.6,1,auto,-77.8,4819764,35,65,2026-09-11-s1
2026-09-11 15:30:20+00:00,bench-01,2393,44.8,1,auto,-77.3,4829762,35,65,2026-09-11-s1
2026-09-11 15:30:30+00:00,bench-01,2449,44.6,1,auto,-77.2,4839765,35,65,2026-09-11-s1
2026-09-11 15:30:40+00:00,bench-01,2372,46.2,1,auto,-77.8,4849765,35,65,2026-09-11-s1
2026-09-11 15:30:50+00:00,bench-01,2390,45.8,1,auto,-79.3,4859764,35,65,2026-09-11-s1
2026-09-11 15:31:00+00:00,bench-01,2359,46.3,1,auto,-79.0,4869765,35,65,2026-09-11-s1
2026-09-11 15:31:10+00:00,bench-01,2361,46.2,1,auto,-77.1,4879769,35,65,2026-09-11-s1
2026-09-11 15:31:20+00:00,bench-01,2376,46.7,1,auto,-77.4,4889767,35,65,2026-09-11-s1
2026-09-11 15:31:30+00:00,bench-01,2399,46.9,1,auto,-76.5,4899765,35,65,2026-09-11-s1
2026-09-11 15:31:40+00:00,bench-01,2344,47.6,1,auto,-76.7,4909765,35,65,2026-09-11-s1
2026-09-11 15:31:50+00:00,bench-01,2333,48.6,1,auto,-79.1,4919768,35,65,2026-09-11-s1
2026-09-11 15:32:00+00:00,bench-01,2332,49.2,1,auto,-79.3,4929768,35,65,2026-09-11-s1
2026-09-11 15:32:10+00:00,bench-01,2339,48.5,1,auto,-79.7,4939768,35,65,2026-09-11-s1
2026-09-11 15:32:20+00:00,bench-01,2343,48.8,1,auto,-78.4,4949768,35,65,2026-09-11-s1
2026-09-11 15:32:30+00:00,bench-01,2325,49.3,1,auto,-79.0,4959772,35,65,2026-09-11-s1
2026-09-11 15:32:40+00:00,bench-01,2298,49.4,1,auto,-78.6,4969774,35,65,2026-09-11-s1
2026-09-11 15:32:50+00:00,bench-01,2261,50.5,1,auto,-80.8,4979778,35,65,2026-09-11-s1
2026-09-11 15:33:00+00:00,bench-01,2310,49.7,1,auto,-81.8,4989774,35,65,2026-09-11-s1
2026-09-11 15:33:10+00:00,bench-01,2279,50.6,1,auto,-81.1,4999772,35,65,2026-09-11-s1
2026-09-11 15:33:20+00:00,bench-01,2300,51.1,1,auto,-82.6,5009771,35,65,2026-09-11-s1
2026-09-11 15:33:30+00:00,bench-01,2283,51.5,1,auto,-82.6,5019769,35,65,2026-09-11-s1
2026-09-11 15:33:40+00:00,bench-01,2295,51.2,1,auto,-83.3,5029766,35,65,2026-09-11-s1
2026-09-11 15:33:50+00:00,bench-01,2263,52.2,1,auto,-84.5,5039769,35,65,2026-09-11-s1
2026-09-11 15:34:00+00:00,bench-01,2258,51.8,1,auto,-83.5,5049764,35,65,2026-09-11-s1
2026-09-11 15:34:10+00:00,bench-01,2259,52.3,1,auto,-83.4,5059765,35,65,2026-09-11-s1
2026-09-11 15:34:20+00:00,bench-01,2285,51.8,1,auto,-84.3,5069766,35,65,2026-09-11-s1
2026-09-11 15:34:30+00:00,bench-01,2248,52.9,1,auto,-84.1,5079769,35,65,2026-09-11-s1
2026-09-11 15:34:40+00:00,bench-01,2232,52.8,1,auto,-85.0,5089773,35,65,2026-09-11-s1
2026-09-11 15:34:50+00:00,bench-01,2244,53.1,1,auto,-83.0,5099771,35,65,2026-09-11-s1
2026-09-11 15:35:00+00:00,bench-01,2234,53.7,1,auto,-81.9,5109773,35,65,2026-09-11-s1
2026-09-11 15:35:10+00:00,bench-01,2230,54.5,1,auto,-82.8,5119771,35,65,2026-09-11-s1
2026-09-11 15:35:20+00:00,bench-01,2206,54.5,1,auto,-84.5,5129766,35,65,2026-09-11-s1
2026-09-11 15:35:30+00:00,bench-01,2213,55.1,1,auto,-85.7,5139767,35,65,2026-09-11-s1
2026-09-11 15:35:40+00:00,bench-01,2189,54.7,1,auto,-84.5,5149768,35,65,2026-09-11-s1
2026-09-11 15:35:50+00:00,bench-01,2209,54.7,1,auto,-85.2,5159770,35,65,2026-09-11-s1
2026-09-11 15:36:00+00:00,bench-01,2194,54.8,1,auto,-82.6,5169770,35,65,2026-09-11-s1
2026-09-11 15:36:10+00:00,bench-01,2191,55.3,1,auto,-82.1,5179769,35,65,2026-09-11-s1
2026-09-11 15:36:20+00:00,bench-01,2207,56.2,1,auto,-82.9,5189770,35,65,2026-09-11-s1
2026-09-11 15:36:30+00:00,bench-01,2198,55.6,1,auto,-82.3,5199774,35,65,2026-09-11-s1
2026-09-11 15:36:40+00:00,bench-01,2178,56.4,1,auto,-82.7,5209773,35,65,2026-09-11-s1
2026-09-11 15:36:50+00:00,bench-01,2156,57.4,1,auto,-80.5,5219774,35,65,2026-09-11-s1
2026-09-11 15:37:00+00:00,bench-01,2180,55.9,1,auto,-79.0,5229776,35,65,2026-09-11-s1
2026-09-11 15:37:10+00:00,bench-01,2176,57.2,1,auto,-78.5,5239772,35,65,2026-09-11-s1
2026-09-11 15:37:20+00:00,bench-01,2164,56.8,1,auto,-79.0,5249768,35,65,2026-09-11-s1
2026-09-11 15:37:30+00:00,bench-01,2143,57.5,1,auto,-79.7,5259765,35,65,2026-09-11-s1
2026-09-11 15:37:40+00:00,bench-01,2134,57.6,1,auto,-80.6,5269760,35,65,2026-09-11-s1
2026-09-11 15:37:50+00:00,bench-01,2153,57.5,1,auto,-79.4,5279759,35,65,2026-09-11-s1
2026-09-11 15:38:00+00:00,bench-01,2138,58.4,1,auto,-79.7,5289755,35,65,2026-09-11-s1
2026-09-11 15:38:10+00:00,bench-01,2129,58.4,1,auto,-78.1,5299757,35,65,2026-09-11-s1
2026-09-11 15:38:20+00:00,bench-01,2151,58.0,1,auto,-76.9,5309757,35,65,2026-09-11-s1
2026-09-11 15:38:30+00:00,bench-01,2167,57.8,1,auto,-76.5,5319757,35,65,2026-09-11-s1
2026-09-11 15:38:40+00:00,bench-01,2131,59.0,1,auto,-74.4,5329753,35,65,2026-09-11-s1
2026-09-11 15:38:50+00:00,bench-01,2136,58.5,1,auto,-74.9,5339751,35,65,2026-09-11-s1
2026-09-11 15:39:00+00:00,bench-01,2113,59.0,1,auto,-75.0,5349750,35,65,2026-09-11-s1
2026-09-11 15:39:10+00:00,bench-01,2113,59.7,1,auto,-75.6,5359753,35,65,2026-09-11-s1
2026-09-11 15:39:20+00:00,bench-01,2129,59.4,1,auto,-76.6,5369756,35,65,2026-09-11-s1
2026-09-11 15:39:30+00:00,bench-01,2092,59.5,1,auto,-76.5,5379760,35,65,2026-09-11-s1
2026-09-11 15:39:40+00:00,bench-01,2110,59.9,1,auto,-76.1,5389763,35,65,2026-09-11-s1
2026-09-11 15:39:50+00:00,bench-01,2075,60.6,1,auto,-75.1,5399758,35,65,2026-09-11-s1
2026-09-11 15:40:00+00:00,bench-01,2108,60.3,1,auto,-76.6,5409761,35,65,2026-09-11-s1
2026-09-11 15:40:10+00:00,bench-01,2076,60.4,1,auto,-76.3,5419765,35,65,2026-09-11-s1
2026-09-11 15:40:20+00:00,bench-01,2068,60.6,1,auto,-76.3,5429764,35,65,2026-09-11-s1
2026-09-11 15:40:30+00:00,bench-01,2083,61.1,1,auto,-75.3,5439767,35,65,2026-09-11-s1
2026-09-11 15:40:40+00:00,bench-01,2068,61.6,1,auto,-74.8,5449763,35,65,2026-09-11-s1
2026-09-11 15:40:50+00:00,bench-01,2052,62.0,1,auto,-74.9,5459760,35,65,2026-09-11-s1
2026-09-11 15:41:00+00:00,bench-01,2056,61.6,1,auto,-74.3,5469758,35,65,2026-09-11-s1
2026-09-11 15:41:10+00:00,bench-01,2085,61.0,1,auto,-74.8,5479753,35,65,2026-09-11-s1
2026-09-11 15:41:20+00:00,bench-01,2078,61.9,1,auto,-73.4,5489748,35,65,2026-09-11-s1
2026-09-11 15:41:30+00:00,bench-01,2047,62.2,1,auto,-74.1,5499749,35,65,2026-09-11-s1
2026-09-11 15:41:40+00:00,bench-01,2049,62.0,1,auto,-74.0,5509744,35,65,2026-09-11-s1
2026-09-11 15:41:50+00:00,bench-01,2052,62.7,1,auto,-76.0,5519740,35,65,2026-09-11-s1
2026-09-11 15:42:00+00:00,bench-01,2068,63.0,1,auto,-74.0,5529744,35,65,2026-09-11-s1
2026-09-11 15:42:10+00:00,bench-01,2035,63.3,1,auto,-74.8,5539740,35,65,2026-09-11-s1
2026-09-11 15:42:20+00:00,bench-01,2023,63.0,1,auto,-74.2,5549738,35,65,2026-09-11-s1
2026-09-11 15:42:30+00:00,bench-01,2038,63.3,1,auto,-73.6,5559734,35,65,2026-09-11-s1
2026-09-11 15:42:40+00:00,bench-01,2047,63.0,1,auto,-72.3,5569734,35,65,2026-09-11-s1
2026-09-11 15:42:50+00:00,bench-01,2056,63.1,1,auto,-73.0,5579738,35,65,2026-09-11-s1
2026-09-11 15:43:00+00:00,bench-01,2023,63.8,1,auto,-74.4,5589736,35,65,2026-09-11-s1
2026-09-11 15:43:10+00:00,bench-01,2015,64.0,1,auto,-75.5,5599736,35,65,2026-09-11-s1
2026-09-11 15:43:20+00:00,bench-01,2008,64.5,1,auto,-76.2,5609734,35,65,2026-09-11-s1
2026-09-11 15:43:30+00:00,bench-01,2037,63.7,1,auto,-75.4,5619738,35,65,2026-09-11-s1
2026-09-11 15:43:40+00:00,bench-01,2018,64.0,1,auto,-75.5,5629738,35,65,2026-09-11-s1
2026-09-11 15:43:50+00:00,bench-01,2024,64.3,1,auto,-76.2,5639733,35,65,2026-09-11-s1
2026-09-11 15:44:00+00:00,bench-01,2031,63.7,1,auto,-77.2,5649730,35,65,2026-09-11-s1
2026-09-11 15:44:10+00:00,bench-01,2012,64.2,1,auto,-74.6,5659731,35,65,2026-09-11-s1
2026-09-11 15:44:20+00:00,bench-01,2020,64.2,1,auto,-74.2,5669727,35,65,2026-09-11-s1
2026-09-11 15:44:30+00:00,bench-01,1994,64.4,1,auto,-73.8,5679723,35,65,2026-09-11-s1
2026-09-11 15:44:40+00:00,bench-01,2029,64.3,1,auto,-74.9,5689719,35,65,2026-09-11-s1
2026-09-11 15:44:50+00:00,bench-01,2022,64.5,1,auto,-75.9,5699717,35,65,2026-09-11-s1
2026-09-09 13:17:00+00:00,bench-02,2137,59.3,0,auto,-66.4,9997,35,65,2026-09-09-s1
2026-09-09 13:17:10+00:00,bench-02,2089,59.9,0,auto,-65.8,19997,35,65,2026-09-09-s1
2026-09-09 13:17:20+00:00,bench-02,2127,58.5,0,auto,-66.1,30000,35,65,2026-09-09-s1
2026-09-09 13:17:30+00:00,bench-02,2149,57.2,0,auto,-65.8,40002,35,65,2026-09-09-s1
2026-09-09 13:17:40+00:00,bench-02,2159,56.9,0,auto,-67.0,50001,35,65,2026-09-09-s1
2026-09-09 13:17:50+00:00,bench-02,2187,56.5,0,auto,-67.1,59998,35,65,2026-09-09-s1
2026-09-09 13:18:00+00:00,bench-02,2188,55.7,0,auto,-68.8,69998,35,65,2026-09-09-s1
2026-09-09 13:18:10+00:00,bench-02,2177,55.4,0,auto,-68.2,79995,35,65,2026-09-09-s1
2026-09-09 13:18:20+00:00,bench-02,2186,55.0,0,auto,-67.8,89994,35,65,2026-09-09-s1
2026-09-09 13:18:30+00:00,bench-02,2240,54.0,0,auto,-68.6,99989,35,65,2026-09-09-s1
2026-09-09 13:18:40+00:00,bench-02,2217,54.0,0,auto,-68.6,109992,35,65,2026-09-09-s1
2026-09-09 13:18:50+00:00,bench-02,2245,53.5,0,auto,-68.1,119989,35,65,2026-09-09-s1
2026-09-09 13:19:00+00:00,bench-02,2254,52.7,0,auto,-69.1,129987,35,65,2026-09-09-s1
2026-09-09 13:19:10+00:00,bench-02,2296,51.2,0,auto,-67.8,139990,35,65,2026-09-09-s1
2026-09-09 13:19:20+00:00,bench-02,2279,51.4,0,auto,-67.0,149990,35,65,2026-09-09-s1
2026-09-09 13:19:30+00:00,bench-02,2289,50.7,0,auto,-68.0,159986,35,65,2026-09-09-s1
2026-09-09 13:19:40+00:00,bench-02,2324,50.5,0,auto,-67.8,169984,35,65,2026-09-09-s1
2026-09-09 13:19:50+00:00,bench-02,2311,49.7,0,auto,-68.5,179981,35,65,2026-09-09-s1
2026-09-09 13:20:00+00:00,bench-02,2327,48.8,0,auto,-69.0,189976,35,65,2026-09-09-s1
2026-09-09 13:20:10+00:00,bench-02,2335,48.2,0,auto,-68.9,199975,35,65,2026-09-09-s1
2026-09-09 13:20:20+00:00,bench-02,2323,48.6,0,auto,-66.8,209979,35,65,2026-09-09-s1
2026-09-09 13:20:30+00:00,bench-02,2360,47.8,0,auto,-66.9,219980,35,65,2026-09-09-s1
2026-09-09 13:20:40+00:00,bench-02,2381,46.3,0,auto,-65.8,229977,35,65,2026-09-09-s1
2026-09-09 13:20:50+00:00,bench-02,2370,46.4,0,auto,-65.8,239974,35,65,2026-09-09-s1
2026-09-09 13:21:00+00:00,bench-02,2371,46.2,0,auto,-65.5,249970,35,65,2026-09-09-s1
2026-09-09 13:21:10+00:00,bench-02,2359,46.4,0,auto,-65.5,259965,35,65,2026-09-09-s1
2026-09-09 13:21:20+00:00,bench-02,2387,45.7,0,auto,-64.6,269961,35,65,2026-09-09-s1
2026-09-09 13:21:30+00:00,bench-02,2380,44.9,0,auto,-66.6,279962,35,65,2026-09-09-s1
2026-09-09 13:21:40+00:00,bench-02,2411,43.9,0,auto,-67.1,289958,35,65,2026-09-09-s1
2026-09-09 13:21:50+00:00,bench-02,2443,43.4,0,auto,-65.2,299957,35,65,2026-09-09-s1
2026-09-09 13:22:00+00:00,bench-02,2437,43.4,0,auto,-65.8,309954,35,65,2026-09-09-s1
2026-09-09 13:22:10+00:00,bench-02,2435,43.2,0,auto,-65.4,319950,35,65,2026-09-09-s1
2026-09-09 13:22:20+00:00,bench-02,2437,42.6,0,auto,-65.0,329954,35,65,2026-09-09-s1
2026-09-09 13:22:30+00:00,bench-02,2445,42.2,0,auto,-66.2,339956,35,65,2026-09-09-s1
2026-09-09 13:22:40+00:00,bench-02,2477,41.3,0,auto,-65.2,349953,35,65,2026-09-09-s1
2026-09-09 13:22:50+00:00,bench-02,2473,40.3,0,auto,-63.7,359954,35,65,2026-09-09-s1
2026-09-09 13:23:00+00:00,bench-02,2487,41.3,0,auto,-64.0,369949,35,65,2026-09-09-s1
2026-09-09 13:23:10+00:00,bench-02,2476,41.0,0,auto,-63.9,379948,35,65,2026-09-09-s1
2026-09-09 13:23:20+00:00,bench-02,2464,40.5,0,auto,-66.2,389946,35,65,2026-09-09-s1
2026-09-09 13:23:30+00:00,bench-02,2517,39.0,0,auto,-66.5,399941,35,65,2026-09-09-s1
2026-09-09 13:23:40+00:00,bench-02,2504,39.1,0,auto,-64.4,409941,35,65,2026-09-09-s1
2026-09-09 13:23:50+00:00,bench-02,2515,38.3,0,auto,-65.4,419944,35,65,2026-09-09-s1
2026-09-09 13:24:00+00:00,bench-02,2526,38.0,0,auto,-65.2,429943,35,65,2026-09-09-s1
2026-09-09 13:24:10+00:00,bench-02,2553,37.5,0,auto,-64.9,439941,35,65,2026-09-09-s1
2026-09-09 13:24:20+00:00,bench-02,2546,37.8,0,auto,-65.8,449944,35,65,2026-09-09-s1
2026-09-09 13:24:30+00:00,bench-02,2546,37.2,0,auto,-64.9,459939,35,65,2026-09-09-s1
2026-09-09 13:24:40+00:00,bench-02,0,120.0,0,auto,-64.3,469935,35,65,2026-09-09-s1
2026-09-09 13:24:50+00:00,bench-02,2548,36.3,0,auto,-62.1,479931,35,65,2026-09-09-s1
2026-09-09 13:25:00+00:00,bench-02,2588,35.3,0,auto,-62.4,489928,35,65,2026-09-09-s1
2026-09-09 13:25:10+00:00,bench-02,2572,35.6,0,auto,-63.9,499932,35,65,2026-09-09-s1
2026-09-09 13:25:20+00:00,bench-02,2580,35.3,0,auto,-64.5,509928,35,65,2026-09-09-s1
2026-09-09 13:25:30+00:00,bench-02,2576,35.5,0,auto,-63.9,519924,35,65,2026-09-09-s1
2026-09-09 13:25:40+00:00,bench-02,2587,34.3,0,auto,-64.7,529925,35,65,2026-09-09-s1
2026-09-09 13:25:50+00:00,bench-02,2586,35.0,1,auto,-64.7,539920,35,65,2026-09-09-s1
2026-09-09 13:26:00+00:00,bench-02,2574,35.5,1,auto,-64.7,549924,35,65,2026-09-09-s1
2026-09-09 13:26:10+00:00,bench-02,2593,35.5,1,auto,-64.0,559920,35,65,2026-09-09-s1
2026-09-09 13:26:20+00:00,bench-02,2585,34.9,1,auto,-65.3,569915,35,65,2026-09-09-s1
2026-09-09 13:26:30+00:00,bench-02,2586,35.6,1,auto,-65.0,579918,35,65,2026-09-09-s1
2026-09-09 13:26:40+00:00,bench-02,2561,36.2,1,auto,-65.9,589922,35,65,2026-09-09-s1
2026-09-09 13:26:50+00:00,bench-02,2580,36.0,1,auto,-66.1,599924,35,65,2026-09-09-s1
2026-09-09 13:27:00+00:00,bench-02,2566,36.5,1,auto,-66.4,609920,35,65,2026-09-09-s1
2026-09-09 13:27:10+00:00,bench-02,2544,37.0,1,auto,-65.7,619922,35,65,2026-09-09-s1
2026-09-09 13:27:20+00:00,bench-02,2540,37.4,1,auto,-65.3,629921,35,65,2026-09-09-s1
2026-09-09 13:27:30+00:00,bench-02,2527,38.2,1,auto,-64.1,639916,35,65,2026-09-09-s1
2026-09-09 13:27:40+00:00,bench-02,2510,38.7,1,auto,-64.3,649913,35,65,2026-09-09-s1
2026-09-09 13:27:50+00:00,bench-02,2509,38.2,1,auto,-65.3,659913,35,65,2026-09-09-s1
2026-09-09 13:28:00+00:00,bench-02,2530,38.1,1,auto,-66.2,669908,35,65,2026-09-09-s1
2026-09-09 13:28:10+00:00,bench-02,2522,38.2,1,auto,-63.9,679910,35,65,2026-09-09-s1
2026-09-09 13:28:20+00:00,bench-02,2508,38.7,1,auto,-62.0,689912,35,65,2026-09-09-s1
2026-09-09 13:28:30+00:00,bench-02,2499,39.8,1,auto,-61.2,699910,35,65,2026-09-09-s1
2026-09-09 13:28:40+00:00,bench-02,2480,39.7,1,auto,-62.9,709914,35,65,2026-09-09-s1
2026-09-09 13:28:50+00:00,bench-02,2477,40.2,1,auto,-62.6,719917,35,65,2026-09-09-s1
2026-09-09 13:29:00+00:00,bench-02,2496,40.3,1,auto,-63.3,729912,35,65,2026-09-09-s1
2026-09-09 13:29:10+00:00,bench-02,2485,40.6,1,auto,-64.7,739911,35,65,2026-09-09-s1
2026-09-09 13:29:20+00:00,bench-02,2510,40.2,1,auto,-64.4,749907,35,65,2026-09-09-s1
2026-09-09 13:29:30+00:00,bench-02,2488,40.4,1,auto,-64.3,759902,35,65,2026-09-09-s1
2026-09-09 13:29:40+00:00,bench-02,2490,40.6,1,auto,-66.7,769905,35,65,2026-09-09-s1
2026-09-09 13:29:50+00:00,bench-02,2460,41.0,1,auto,-66.0,779900,35,65,2026-09-09-s1
2026-09-09 13:30:00+00:00,bench-02,2479,41.3,1,auto,-65.5,789899,35,65,2026-09-09-s1
2026-09-09 13:30:10+00:00,bench-02,2456,41.3,1,auto,-65.9,799894,35,65,2026-09-09-s1
2026-09-09 13:30:20+00:00,bench-02,2452,41.0,1,auto,-66.9,809896,35,65,2026-09-09-s1
2026-09-09 13:30:30+00:00,bench-02,2456,41.5,1,auto,-65.7,819899,35,65,2026-09-09-s1
2026-09-09 13:30:40+00:00,bench-02,2461,41.9,1,auto,-64.1,829897,35,65,2026-09-09-s1
2026-09-09 13:30:50+00:00,bench-02,2441,41.8,1,auto,-65.0,839894,35,65,2026-09-09-s1
2026-09-09 13:31:00+00:00,bench-02,2435,42.4,1,auto,-63.6,849893,35,65,2026-09-09-s1
2026-09-09 13:31:10+00:00,bench-02,2453,42.4,1,auto,-63.2,859888,35,65,2026-09-09-s1
2026-09-09 13:31:20+00:00,bench-02,2436,42.3,1,auto,-63.4,869891,35,65,2026-09-09-s1
2026-09-09 13:31:30+00:00,bench-02,2436,42.5,1,auto,-62.7,879888,35,65,2026-09-09-s1
2026-09-09 13:31:40+00:00,bench-02,2458,43.0,1,auto,-61.2,889889,35,65,2026-09-09-s1
2026-09-09 13:31:50+00:00,bench-02,2421,43.3,1,auto,-61.8,899887,35,65,2026-09-09-s1
2026-09-09 13:32:00+00:00,bench-02,2407,43.5,1,auto,-63.2,909889,35,65,2026-09-09-s1
2026-09-09 13:32:10+00:00,bench-02,2415,43.9,1,auto,-62.3,919893,35,65,2026-09-09-s1
2026-09-09 13:32:20+00:00,bench-02,2414,43.6,1,auto,-64.0,929894,35,65,2026-09-09-s1
2026-09-09 13:32:30+00:00,bench-02,2440,44.0,1,auto,-64.2,939893,35,65,2026-09-09-s1
2026-09-09 13:32:40+00:00,bench-02,2415,44.6,1,auto,-63.4,949894,35,65,2026-09-09-s1
2026-09-09 13:32:50+00:00,bench-02,2411,44.7,1,auto,-61.7,959896,35,65,2026-09-09-s1
2026-09-09 13:33:00+00:00,bench-02,2381,44.8,1,auto,-62.2,969893,35,65,2026-09-09-s1
2026-09-09 13:33:10+00:00,bench-02,2385,44.8,1,auto,-62.3,979897,35,65,2026-09-09-s1
2026-09-09 13:33:20+00:00,bench-02,2380,45.1,1,auto,-64.0,989899,35,65,2026-09-09-s1
2026-09-09 13:33:30+00:00,bench-02,2376,45.3,1,auto,-64.2,999895,35,65,2026-09-09-s1
2026-09-09 13:33:40+00:00,bench-02,2375,46.3,1,auto,-63.5,1009894,35,65,2026-09-09-s1
2026-09-09 13:33:50+00:00,bench-02,2373,45.4,1,auto,-64.8,1019896,35,65,2026-09-09-s1
2026-09-09 13:34:00+00:00,bench-02,2372,45.7,1,auto,-65.1,1029893,35,65,2026-09-09-s1
2026-09-09 13:34:10+00:00,bench-02,2393,46.0,1,auto,-63.7,1039892,35,65,2026-09-09-s1
2026-09-09 13:34:20+00:00,bench-02,2360,47.0,1,auto,-64.1,1049893,35,65,2026-09-09-s1
2026-09-09 13:34:30+00:00,bench-02,2377,45.8,1,auto,-64.9,1059888,35,65,2026-09-09-s1
2026-09-09 13:34:40+00:00,bench-02,2383,46.4,1,auto,-65.7,1069883,35,65,2026-09-09-s1
2026-09-09 13:34:50+00:00,bench-02,2371,46.8,1,auto,-65.3,1079881,35,65,2026-09-09-s1
2026-09-09 13:35:00+00:00,bench-02,2364,46.4,1,auto,-66.7,1089876,35,65,2026-09-09-s1
2026-09-09 13:35:10+00:00,bench-02,2357,47.2,1,auto,-67.8,1099880,35,65,2026-09-09-s1
2026-09-09 13:35:20+00:00,bench-02,2349,47.0,1,auto,-68.5,1109883,35,65,2026-09-09-s1
2026-09-09 13:35:30+00:00,bench-02,2366,47.8,1,auto,-67.8,1119881,35,65,2026-09-09-s1
2026-09-09 13:35:40+00:00,bench-02,2380,46.8,1,auto,-67.3,1129876,35,65,2026-09-09-s1
2026-09-09 13:35:50+00:00,bench-02,2338,48.0,1,auto,-66.4,1139872,35,65,2026-09-09-s1
2026-09-09 13:36:00+00:00,bench-02,2327,47.6,1,auto,-68.1,1149871,35,65,2026-09-09-s1
2026-09-09 13:36:10+00:00,bench-02,2357,46.5,1,auto,-68.8,1159872,35,65,2026-09-09-s1
2026-09-09 13:36:20+00:00,bench-02,2345,48.3,1,auto,-68.3,1169868,35,65,2026-09-09-s1
2026-09-09 13:36:30+00:00,bench-02,2335,47.5,1,auto,-67.8,1179869,35,65,2026-09-09-s1
2026-09-09 13:36:40+00:00,bench-02,2349,47.8,1,auto,-68.5,1189873,35,65,2026-09-09-s1
2026-09-09 13:36:50+00:00,bench-02,2325,48.6,1,auto,-69.6,1199877,35,65,2026-09-09-s1
2026-09-09 13:37:00+00:00,bench-02,2300,49.1,1,auto,-70.7,1209875,35,65,2026-09-09-s1
2026-09-09 13:37:10+00:00,bench-02,4095,-20.0,1,auto,-70.1,1219877,35,65,2026-09-09-s1
2026-09-09 13:37:20+00:00,bench-02,2329,48.8,1,manual,-69.8,1229873,35,65,2026-09-09-s1
2026-09-09 13:37:30+00:00,bench-02,2342,48.7,1,manual,-70.1,1239876,35,65,2026-09-09-s1
2026-09-09 13:37:40+00:00,bench-02,2334,49.6,1,manual,-71.7,1249872,35,65,2026-09-09-s1
2026-09-09 13:37:50+00:00,bench-02,2328,48.5,1,manual,-70.7,1259868,35,65,2026-09-09-s1
2026-09-09 13:38:00+00:00,bench-02,2328,48.9,0,manual,-69.1,1269866,35,65,2026-09-09-s1
2026-09-09 13:38:10+00:00,bench-02,2365,47.4,0,manual,-67.7,1279861,35,65,2026-09-09-s1
2026-09-09 13:38:20+00:00,bench-02,2337,47.9,0,manual,-68.5,1289865,35,65,2026-09-09-s1
2026-09-09 13:38:30+00:00,bench-02,2359,47.3,0,manual,-68.5,1299868,35,65,2026-09-09-s1
2026-09-09 13:38:40+00:00,bench-02,2336,47.1,0,manual,-68.9,1309871,35,65,2026-09-09-s1
2026-09-09 13:38:50+00:00,bench-02,2367,46.1,0,manual,-68.8,1319870,35,65,2026-09-09-s1
2026-09-09 13:39:00+00:00,bench-02,2378,45.9,0,manual,-67.0,1329874,35,65,2026-09-09-s1
2026-09-09 13:39:10+00:00,bench-02,2386,45.5,0,manual,-67.3,1339873,35,65,2026-09-09-s1
2026-09-09 13:39:20+00:00,bench-02,2392,45.1,0,manual,-68.9,1349872,35,65,2026-09-09-s1
2026-09-09 13:39:30+00:00,bench-02,2402,44.1,0,manual,-69.4,1359867,35,65,2026-09-09-s1
2026-09-09 13:39:40+00:00,bench-02,2416,43.5,0,manual,-69.6,1369863,35,65,2026-09-09-s1
2026-09-09 13:39:50+00:00,bench-02,2434,43.7,0,manual,-68.1,1379858,35,65,2026-09-09-s1
2026-09-09 13:40:00+00:00,bench-02,2450,42.9,0,manual,-68.2,1389856,35,65,2026-09-09-s1
2026-09-09 13:40:10+00:00,bench-02,2460,42.0,0,manual,-67.4,1399857,35,65,2026-09-09-s1
2026-09-09 13:40:20+00:00,bench-02,2453,42.1,0,manual,-67.6,1409861,35,65,2026-09-09-s1
2026-09-09 13:40:30+00:00,bench-02,2464,41.1,0,manual,-67.8,1419865,35,65,2026-09-09-s1
2026-09-09 13:40:40+00:00,bench-02,2460,41.5,0,manual,-67.4,1429864,35,65,2026-09-09-s1
2026-09-09 13:40:50+00:00,bench-02,2468,40.6,0,manual,-69.4,1439865,35,65,2026-09-09-s1
2026-09-09 13:41:00+00:00,bench-02,2505,40.1,0,manual,-69.7,1449866,35,65,2026-09-09-s1
2026-09-09 13:41:10+00:00,bench-02,2521,39.4,0,manual,-69.8,1459865,35,65,2026-09-09-s1
2026-09-09 13:41:20+00:00,bench-02,2508,39.4,0,manual,-71.6,1469860,35,65,2026-09-09-s1
2026-09-09 13:41:30+00:00,bench-02,2499,39.5,0,manual,-72.2,1479857,35,65,2026-09-09-s1
2026-09-09 13:41:40+00:00,bench-02,2541,38.1,0,auto,-72.1,1489856,35,65,2026-09-09-s1
2026-09-09 13:41:50+00:00,bench-02,2516,38.8,0,auto,-69.7,1499860,35,65,2026-09-09-s1
2026-09-09 13:42:00+00:00,bench-02,2519,38.3,0,auto,-71.7,1509855,35,65,2026-09-09-s1
2026-09-09 13:42:10+00:00,bench-02,2539,37.3,0,auto,-70.7,1519854,35,65,2026-09-09-s1
2026-09-09 13:42:20+00:00,bench-02,2533,37.8,0,auto,-70.4,1529853,35,65,2026-09-09-s1
2026-09-09 13:42:30+00:00,bench-02,2576,36.2,0,auto,-70.2,1539855,35,65,2026-09-09-s1
2026-09-09 13:42:40+00:00,bench-02,2567,36.4,0,auto,-70.1,1549851,35,65,2026-09-09-s1
2026-09-09 13:42:50+00:00,bench-02,2561,36.1,0,auto,-71.7,1559852,35,65,2026-09-09-s1
2026-09-09 13:43:00+00:00,bench-02,2553,36.4,0,auto,-72.3,1569847,35,65,2026-09-09-s1
2026-09-09 13:43:10+00:00,bench-02,2548,35.9,0,auto,-72.3,1579850,35,65,2026-09-09-s1
2026-09-09 13:43:20+00:00,bench-02,2570,35.7,0,auto,-72.2,1589847,35,65,2026-09-09-s1
2026-09-09 13:43:30+00:00,bench-02,2585,35.4,0,auto,-69.5,1599849,35,65,2026-09-09-s1
2026-09-09 13:43:40+00:00,bench-02,2589,35.4,1,auto,-69.1,1609849,35,65,2026-09-09-s1
2026-09-09 13:43:50+00:00,bench-02,2611,34.6,1,auto,-72.0,1619845,35,65,2026-09-09-s1
2026-09-09 13:44:00+00:00,bench-02,2580,36.1,1,auto,-72.1,1629849,35,65,2026-09-09-s1
2026-09-09 13:44:10+00:00,bench-02,2580,35.6,1,auto,-71.5,1639845,35,65,2026-09-09-s1
2026-09-09 13:44:20+00:00,bench-02,2562,36.1,1,auto,-74.3,1649845,35,65,2026-09-09-s1
2026-09-09 13:44:30+00:00,bench-02,2559,35.8,1,auto,-73.2,1659844,35,65,2026-09-09-s1
2026-09-09 13:44:40+00:00,bench-02,2551,36.1,1,auto,-72.7,1669846,35,65,2026-09-09-s1
2026-09-09 13:44:50+00:00,bench-02,2547,37.0,1,auto,-72.1,1679843,35,65,2026-09-09-s1
2026-09-09 13:45:00+00:00,bench-02,2544,37.4,1,auto,-71.7,1689842,35,65,2026-09-09-s1
2026-09-09 13:45:10+00:00,bench-02,2518,37.6,1,auto,-72.0,1699838,35,65,2026-09-09-s1
2026-09-09 13:45:20+00:00,bench-02,2547,36.9,1,auto,-69.0,1709834,35,65,2026-09-09-s1
2026-09-09 13:45:30+00:00,bench-02,2544,37.6,1,auto,-71.8,1719836,35,65,2026-09-09-s1
2026-09-09 13:45:40+00:00,bench-02,2508,38.6,1,auto,-71.8,1729837,35,65,2026-09-09-s1
2026-09-09 13:45:50+00:00,bench-02,2522,38.2,1,auto,-69.9,1739833,35,65,2026-09-09-s1
2026-09-09 13:46:00+00:00,bench-02,2542,38.2,1,auto,-70.0,1749831,35,65,2026-09-09-s1
2026-09-09 13:46:10+00:00,bench-02,2515,38.5,1,auto,-68.2,1759832,35,65,2026-09-09-s1
2026-09-09 13:46:20+00:00,bench-02,2509,39.0,1,auto,-68.5,1769833,35,65,2026-09-09-s1
2026-09-09 13:46:30+00:00,bench-02,2497,39.9,1,auto,-67.2,1779829,35,65,2026-09-09-s1
2026-09-09 13:46:40+00:00,bench-02,2487,39.5,1,auto,-66.0,1789832,35,65,2026-09-09-s1
2026-09-09 13:46:50+00:00,bench-02,2513,40.3,1,auto,-66.3,1799835,35,65,2026-09-09-s1
2026-09-09 13:47:00+00:00,bench-02,2489,39.7,1,auto,-64.8,1809836,35,65,2026-09-09-s1
2026-09-09 13:47:10+00:00,bench-02,2515,40.1,1,auto,-66.2,1819836,35,65,2026-09-09-s1
2026-09-09 13:47:20+00:00,bench-02,2479,40.4,1,auto,-66.1,1829831,35,65,2026-09-09-s1
2026-09-09 13:47:30+00:00,bench-02,2485,40.0,1,auto,-65.8,1839834,35,65,2026-09-09-s1
2026-09-09 13:47:40+00:00,bench-02,2478,41.0,1,auto,-68.9,1849837,35,65,2026-09-09-s1
2026-09-09 13:47:50+00:00,bench-02,2467,41.3,1,auto,-70.7,1859836,35,65,2026-09-09-s1
2026-09-09 13:48:00+00:00,bench-02,2494,40.7,1,auto,-69.5,1869834,35,65,2026-09-09-s1
2026-09-09 13:48:10+00:00,bench-02,2457,42.1,1,auto,-69.7,1879830,35,65,2026-09-09-s1
2026-09-09 13:48:20+00:00,bench-02,2460,41.7,1,auto,-69.2,1889830,35,65,2026-09-09-s1
2026-09-09 13:48:30+00:00,bench-02,2469,42.2,1,auto,-68.7,1899829,35,65,2026-09-09-s1
2026-09-09 13:48:40+00:00,bench-02,2474,41.9,1,auto,-69.6,1909831,35,65,2026-09-09-s1
2026-09-09 13:48:50+00:00,bench-02,2437,42.0,1,auto,-68.9,1919833,35,65,2026-09-09-s1
2026-09-09 13:49:00+00:00,bench-02,2461,42.3,1,auto,-69.7,1929830,35,65,2026-09-09-s1
2026-09-09 13:49:10+00:00,bench-02,2428,43.5,1,auto,-68.7,1939829,35,65,2026-09-09-s1
2026-09-09 13:49:20+00:00,bench-02,2439,42.9,1,auto,-68.3,1949830,35,65,2026-09-09-s1
2026-09-09 13:49:30+00:00,bench-02,2422,43.5,1,auto,-67.4,1959834,35,65,2026-09-09-s1
2026-09-09 13:49:40+00:00,bench-02,2420,43.7,1,auto,-67.0,1969833,35,65,2026-09-09-s1
2026-09-09 13:49:50+00:00,bench-02,2443,42.7,1,auto,-66.3,1979833,35,65,2026-09-09-s1
2026-09-09 13:50:00+00:00,bench-02,2447,43.0,1,auto,-64.9,1989837,35,65,2026-09-09-s1
2026-09-09 13:50:10+00:00,bench-02,2424,43.9,1,auto,-64.1,1999836,35,65,2026-09-09-s1
2026-09-09 13:50:20+00:00,bench-02,2447,43.7,1,auto,-62.8,2009838,35,65,2026-09-09-s1
2026-09-09 13:50:30+00:00,bench-02,2406,44.1,1,auto,-63.8,2019839,35,65,2026-09-09-s1
2026-09-09 13:50:40+00:00,bench-02,2410,44.4,1,auto,-64.8,2029838,35,65,2026-09-09-s1
2026-09-09 13:50:50+00:00,bench-02,2440,44.0,1,auto,-64.3,2039835,35,65,2026-09-09-s1
2026-09-09 13:51:00+00:00,bench-02,2398,44.6,1,auto,-63.8,2049832,35,65,2026-09-09-s1
2026-09-09 13:51:10+00:00,bench-02,2408,44.7,1,auto,-62.8,2059828,35,65,2026-09-09-s1
2026-09-09 13:51:20+00:00,bench-02,2407,44.3,1,auto,-64.1,2069825,35,65,2026-09-09-s1
2026-09-09 13:51:30+00:00,bench-02,2362,45.8,1,auto,-65.5,2079828,35,65,2026-09-09-s1
2026-09-09 13:51:40+00:00,bench-02,2403,45.5,1,auto,-64.2,2089828,35,65,2026-09-09-s1
2026-09-09 13:51:50+00:00,bench-02,2386,46.2,1,auto,-61.1,2099823,35,65,2026-09-09-s1
2026-09-09 13:52:00+00:00,bench-02,2392,45.3,1,auto,-61.7,2109826,35,65,2026-09-09-s1
2026-09-09 13:52:10+00:00,bench-02,2367,46.6,1,auto,-63.7,2119822,35,65,2026-09-09-s1
2026-09-09 13:52:20+00:00,bench-02,2380,46.0,1,auto,-63.8,2129820,35,65,2026-09-09-s1
2026-09-09 13:52:30+00:00,bench-02,2372,45.7,1,auto,-63.1,2139816,35,65,2026-09-09-s1
2026-09-09 13:52:40+00:00,bench-02,0,120.0,1,auto,-62.8,2149812,35,65,2026-09-09-s1
2026-09-09 13:52:50+00:00,bench-02,2374,47.4,1,auto,-63.1,2159816,35,65,2026-09-09-s1
2026-09-09 13:53:00+00:00,bench-02,2375,45.9,1,auto,-64.1,2169812,35,65,2026-09-09-s1
2026-09-09 13:53:10+00:00,bench-02,2352,46.4,1,auto,-65.9,2179810,35,65,2026-09-09-s1
2026-09-09 13:53:20+00:00,bench-02,2345,47.1,1,auto,-63.7,2189814,35,65,2026-09-09-s1
2026-09-09 13:53:30+00:00,bench-02,2358,47.2,1,auto,-61.5,2199811,35,65,2026-09-09-s1
2026-09-09 13:53:40+00:00,bench-02,2358,47.0,1,auto,-64.5,2209813,35,65,2026-09-09-s1
2026-09-09 13:53:50+00:00,bench-02,2350,47.5,1,auto,-64.2,2219812,35,65,2026-09-09-s1
2026-09-09 13:54:00+00:00,bench-02,2360,47.4,1,auto,-63.7,2229807,35,65,2026-09-09-s1
2026-09-09 13:54:10+00:00,bench-02,2353,47.6,1,auto,-62.5,2239805,35,65,2026-09-09-s1
2026-09-09 13:54:20+00:00,bench-02,2335,48.2,1,auto,-62.5,2249804,35,65,2026-09-09-s1
2026-09-09 13:54:30+00:00,bench-02,2338,48.2,1,auto,-62.7,2259802,35,65,2026-09-09-s1
2026-09-09 13:54:40+00:00,bench-02,2328,48.1,1,auto,-61.6,2269798,35,65,2026-09-09-s1
2026-09-09 13:54:50+00:00,bench-02,2303,48.4,1,auto,-64.4,2279795,35,65,2026-09-09-s1
2026-09-09 13:55:00+00:00,bench-02,2321,49.2,1,auto,-62.7,2289796,35,65,2026-09-09-s1
2026-09-09 13:55:10+00:00,bench-02,2323,48.4,1,auto,-62.8,2299792,35,65,2026-09-09-s1
2026-09-09 13:55:20+00:00,bench-02,2327,48.3,1,auto,-63.3,2309796,35,65,2026-09-09-s1
2026-09-09 13:55:30+00:00,bench-02,2324,48.6,1,auto,-63.2,2319800,35,65,2026-09-09-s1
2026-09-09 13:55:40+00:00,bench-02,2316,49.4,1,auto,-62.9,2329797,35,65,2026-09-09-s1
2026-09-09 13:55:50+00:00,bench-02,2296,49.4,1,auto,-63.3,2339795,35,65,2026-09-09-s1
2026-09-09 13:56:00+00:00,bench-02,2347,48.6,1,auto,-62.7,2349792,35,65,2026-09-09-s1
2026-09-09 13:56:10+00:00,bench-02,2299,49.3,1,auto,-63.5,2359790,35,65,2026-09-09-s1
2026-09-09 13:56:20+00:00,bench-02,2335,49.3,1,auto,-63.1,2369788,35,65,2026-09-09-s1
2026-09-09 13:56:30+00:00,bench-02,2318,49.5,1,auto,-60.6,2379790,35,65,2026-09-09-s1
2026-09-09 13:56:40+00:00,bench-02,2320,49.3,1,auto,-57.9,2389788,35,65,2026-09-09-s1
2026-09-09 13:56:50+00:00,bench-02,2303,49.6,1,auto,-58.4,2399785,35,65,2026-09-09-s1
2026-09-09 13:57:00+00:00,bench-02,2306,49.9,1,auto,-58.1,2409787,35,65,2026-09-09-s1
2026-09-09 13:57:10+00:00,bench-02,2271,50.5,1,auto,-57.3,2419789,35,65,2026-09-09-s1
2026-09-09 13:57:20+00:00,bench-02,2302,49.7,1,auto,-55.5,2429787,35,65,2026-09-09-s1
2026-09-09 13:57:30+00:00,bench-02,2301,50.6,1,auto,-59.3,2439783,35,65,2026-09-09-s1
2026-09-09 13:57:40+00:00,bench-02,2308,50.7,1,auto,-57.2,2449783,35,65,2026-09-09-s1
2026-09-09 13:57:50+00:00,bench-02,2333,49.8,1,auto,-55.7,2459778,35,65,2026-09-09-s1
2026-09-09 13:58:00+00:00,bench-02,2298,50.4,1,auto,-57.0,2469782,35,65,2026-09-09-s1
2026-09-09 13:58:10+00:00,bench-02,2276,50.9,1,auto,-54.8,2479782,35,65,2026-09-09-s1
2026-09-09 13:58:20+00:00,bench-02,2286,51.0,1,auto,-54.1,2489780,35,65,2026-09-09-s1
2026-09-09 13:58:30+00:00,bench-02,2299,50.6,1,auto,-52.5,2499777,35,65,2026-09-09-s1
2026-09-09 13:58:40+00:00,bench-02,2263,51.6,1,auto,-53.5,2509773,35,65,2026-09-09-s1
2026-09-09 13:58:50+00:00,bench-02,2262,51.0,1,auto,-53.2,2519771,35,65,2026-09-09-s1
2026-09-09 13:59:00+00:00,bench-02,2263,51.4,1,auto,-52.2,2529768,35,65,2026-09-09-s1
2026-09-09 13:59:10+00:00,bench-02,2298,50.8,1,auto,-52.4,2539766,35,65,2026-09-09-s1
2026-09-09 13:59:20+00:00,bench-02,2281,51.3,1,auto,-53.5,2549764,35,65,2026-09-09-s1
2026-09-09 13:59:30+00:00,bench-02,2299,50.8,1,auto,-52.2,2559765,35,65,2026-09-09-s1
2026-09-09 13:59:40+00:00,bench-02,2251,51.0,1,auto,-51.9,2569767,35,65,2026-09-09-s1
2026-09-09 13:59:50+00:00,bench-02,2277,51.5,1,auto,-51.8,2579763,35,65,2026-09-09-s1
2026-09-09 14:00:00+00:00,bench-02,2297,51.5,1,auto,-49.9,2589766,35,65,2026-09-09-s1
2026-09-09 14:00:10+00:00,bench-02,2236,52.4,1,auto,-49.1,2599762,35,65,2026-09-09-s1
2026-09-09 14:00:20+00:00,bench-02,2270,52.4,1,auto,-49.8,2609757,35,65,2026-09-09-s1
2026-09-09 14:00:30+00:00,bench-02,2246,52.3,1,auto,-49.8,2619752,35,65,2026-09-09-s1
2026-09-09 14:00:40+00:00,bench-02,2278,51.3,1,auto,-50.5,2629756,35,65,2026-09-09-s1
2026-09-09 14:00:50+00:00,bench-02,2257,52.6,1,auto,-50.1,2639758,35,65,2026-09-09-s1
2026-09-09 14:01:00+00:00,bench-02,2249,52.7,1,auto,-51.8,2649753,35,65,2026-09-09-s1
2026-09-09 14:01:10+00:00,bench-02,2252,53.0,1,auto,-51.3,2659748,35,65,2026-09-09-s1
2026-09-09 14:01:20+00:00,bench-02,2279,52.4,1,auto,-52.9,2669748,35,65,2026-09-09-s1
2026-09-09 14:01:30+00:00,bench-02,2262,52.4,1,auto,-51.9,2679745,35,65,2026-09-09-s1
2026-09-09 14:01:40+00:00,bench-02,2264,52.0,1,auto,-51.0,2689741,35,65,2026-09-09-s1
2026-09-09 14:01:50+00:00,bench-02,2237,53.3,1,auto,-50.6,2699736,35,65,2026-09-09-s1
2026-09-09 14:02:00+00:00,bench-02,2246,52.8,1,auto,-50.2,2709731,35,65,2026-09-09-s1
2026-09-09 14:02:10+00:00,bench-02,2272,53.1,1,auto,-49.1,2719727,35,65,2026-09-09-s1
2026-09-09 14:02:20+00:00,bench-02,2249,52.9,1,auto,-50.0,2729722,35,65,2026-09-09-s1
2026-09-09 14:02:30+00:00,bench-02,2263,52.6,1,auto,-49.1,2739725,35,65,2026-09-09-s1
2026-09-09 14:02:40+00:00,bench-02,2250,53.4,1,auto,-50.0,2749729,35,65,2026-09-09-s1
2026-09-09 14:02:50+00:00,bench-02,2218,53.4,1,auto,-49.4,2759728,35,65,2026-09-09-s1
2026-09-09 14:03:00+00:00,bench-02,2236,53.3,1,auto,-50.5,2769726,35,65,2026-09-09-s1
2026-09-09 14:03:10+00:00,bench-02,2214,54.0,1,auto,-52.1,2779722,35,65,2026-09-09-s1
2026-09-09 14:03:20+00:00,bench-02,2238,53.8,1,auto,-50.8,2789719,35,65,2026-09-09-s1
2026-09-09 14:03:30+00:00,bench-02,2226,53.4,1,auto,-49.9,2799716,35,65,2026-09-09-s1
2026-09-09 14:03:40+00:00,bench-02,2233,53.7,1,auto,-49.5,2809717,35,65,2026-09-09-s1
2026-09-09 14:03:50+00:00,bench-02,2232,54.0,1,auto,-52.5,2819715,35,65,2026-09-09-s1
2026-09-09 14:04:00+00:00,bench-02,2230,54.5,1,auto,-53.6,2829714,35,65,2026-09-09-s1
2026-09-09 14:04:10+00:00,bench-02,2232,54.3,1,auto,-53.7,2839716,35,65,2026-09-09-s1
2026-09-09 14:04:20+00:00,bench-02,2196,54.6,1,auto,-56.1,2849720,35,65,2026-09-09-s1
2026-09-09 14:04:30+00:00,bench-02,2232,53.6,1,auto,-56.2,2859721,35,65,2026-09-09-s1
2026-09-09 14:04:40+00:00,bench-02,2230,53.7,1,auto,-56.6,2869719,35,65,2026-09-09-s1
2026-09-09 14:04:50+00:00,bench-02,2260,53.6,1,auto,-54.6,2879722,35,65,2026-09-09-s1
2026-09-09 14:05:00+00:00,bench-02,2222,54.1,1,auto,-53.5,2889718,35,65,2026-09-09-s1
2026-09-09 14:05:10+00:00,bench-02,2214,53.9,1,auto,-51.2,2899713,35,65,2026-09-09-s1
2026-09-09 14:05:20+00:00,bench-02,2225,54.5,1,auto,-51.7,2909710,35,65,2026-09-09-s1
2026-09-09 14:05:30+00:00,bench-02,2216,53.9,1,auto,-52.4,2919706,35,65,2026-09-09-s1
2026-09-09 14:05:40+00:00,bench-02,2235,54.1,1,auto,-51.1,2929707,35,65,2026-09-09-s1
2026-09-09 14:05:50+00:00,bench-02,2238,54.1,1,auto,-51.3,2939703,35,65,2026-09-09-s1
2026-09-09 14:06:00+00:00,bench-02,2198,55.0,1,auto,-51.5,2949699,35,65,2026-09-09-s1
2026-09-09 14:06:10+00:00,bench-02,2212,54.2,1,auto,-52.5,2959695,35,65,2026-09-09-s1
2026-09-09 14:06:20+00:00,bench-02,2221,54.5,1,auto,-52.6,2969691,35,65,2026-09-09-s1
2026-09-09 14:06:30+00:00,bench-02,2210,54.4,1,auto,-55.0,2979686,35,65,2026-09-09-s1
2026-09-09 14:06:40+00:00,bench-02,2215,54.8,1,auto,-56.6,2989687,35,65,2026-09-09-s1
2026-09-09 14:06:50+00:00,bench-02,2218,54.9,1,auto,-53.9,2999684,35,65,2026-09-09-s1
2026-09-09 14:07:00+00:00,bench-02,2194,55.1,1,auto,-52.6,3009683,35,65,2026-09-09-s1
2026-09-09 14:07:10+00:00,bench-02,2203,55.6,1,auto,-51.9,3019685,35,65,2026-09-09-s1
2026-09-09 14:07:20+00:00,bench-02,2192,55.1,1,auto,-54.1,3029689,35,65,2026-09-09-s1
2026-09-09 14:07:30+00:00,bench-02,2207,55.2,1,auto,-54.7,3039690,35,65,2026-09-09-s1
2026-09-09 14:07:40+00:00,bench-02,2220,54.6,1,auto,-54.2,3049689,35,65,2026-09-09-s1
2026-09-09 14:07:50+00:00,bench-02,2208,54.5,1,auto,-53.6,3059684,35,65,2026-09-09-s1
2026-09-09 14:08:00+00:00,bench-02,2199,54.9,1,auto,-54.3,3069688,35,65,2026-09-09-s1
2026-09-09 14:08:10+00:00,bench-02,2184,55.8,1,auto,-53.9,3079685,35,65,2026-09-09-s1
2026-09-09 14:08:20+00:00,bench-02,2184,55.6,1,auto,-53.5,3089685,35,65,2026-09-09-s1
2026-09-09 14:08:30+00:00,bench-02,2197,56.0,1,auto,-51.9,3099684,35,65,2026-09-09-s1
2026-09-09 14:08:40+00:00,bench-02,2186,56.1,1,auto,-54.4,3109682,35,65,2026-09-09-s1
2026-09-09 14:08:50+00:00,bench-02,2186,55.6,1,auto,-53.1,3119681,35,65,2026-09-09-s1
2026-09-09 14:09:00+00:00,bench-02,2175,55.9,1,auto,-52.9,3129679,35,65,2026-09-09-s1
2026-09-09 14:09:10+00:00,bench-02,2180,55.6,1,auto,-52.5,3139679,35,65,2026-09-09-s1
2026-09-09 14:09:20+00:00,bench-02,2206,55.6,1,auto,-50.8,3149676,35,65,2026-09-09-s1
2026-09-09 14:09:30+00:00,bench-02,2206,55.7,1,auto,-51.2,3159671,35,65,2026-09-09-s1
2026-09-09 14:09:40+00:00,bench-02,2172,56.2,1,auto,-52.1,3169674,35,65,2026-09-09-s1
2026-09-09 14:09:50+00:00,bench-02,2220,55.6,1,auto,-53.8,3179678,35,65,2026-09-09-s1
2026-09-09 14:10:00+00:00,bench-02,2182,56.2,1,auto,-56.8,3189676,35,65,2026-09-09-s1
2026-09-09 14:10:10+00:00,bench-02,2172,56.1,1,auto,-56.3,3199674,35,65,2026-09-09-s1
2026-09-09 14:10:20+00:00,bench-02,2171,56.6,1,auto,-55.1,3209678,35,65,2026-09-09-s1
2026-09-09 14:10:30+00:00,bench-02,2186,56.2,1,auto,-54.7,3219676,35,65,2026-09-09-s1
2026-09-09 14:10:40+00:00,bench-02,2172,56.2,1,auto,-53.1,3229675,35,65,2026-09-09-s1
2026-09-09 14:10:50+00:00,bench-02,2180,56.3,1,auto,-52.6,3239675,35,65,2026-09-09-s1
2026-09-09 14:11:00+00:00,bench-02,2190,56.1,1,auto,-51.6,3249671,35,65,2026-09-09-s1
2026-09-09 14:11:10+00:00,bench-02,2185,56.4,1,auto,-54.1,3259670,35,65,2026-09-09-s1
2026-09-09 14:11:20+00:00,bench-02,2161,56.0,1,auto,-54.4,3269668,35,65,2026-09-09-s1
2026-09-09 14:11:30+00:00,bench-02,2158,56.8,1,auto,-54.5,3279671,35,65,2026-09-09-s1
2026-09-09 14:11:40+00:00,bench-02,2168,56.7,1,auto,-54.2,3289672,35,65,2026-09-09-s1
2026-09-09 14:11:50+00:00,bench-02,2157,56.7,1,auto,-55.9,3299672,35,65,2026-09-09-s1
2026-09-09 14:12:00+00:00,bench-02,2193,56.7,1,auto,-55.3,3309675,35,65,2026-09-09-s1
2026-09-09 14:12:10+00:00,bench-02,2189,56.4,1,auto,-54.8,3319672,35,65,2026-09-09-s1
2026-09-09 14:12:20+00:00,bench-02,2179,56.0,1,auto,-54.9,3329669,35,65,2026-09-09-s1
2026-09-09 14:12:30+00:00,bench-02,2152,57.1,1,auto,-53.6,3339664,35,65,2026-09-09-s1
2026-09-09 14:12:40+00:00,bench-02,2149,57.0,1,auto,-56.1,3349663,35,65,2026-09-09-s1
2026-09-09 14:12:50+00:00,bench-02,2189,55.9,1,auto,-55.8,3359662,35,65,2026-09-09-s1
2026-09-09 14:13:00+00:00,bench-02,2175,56.6,1,auto,-53.6,3369657,35,65,2026-09-09-s1
2026-09-09 14:13:10+00:00,bench-02,2171,56.6,1,auto,-52.8,3379658,35,65,2026-09-09-s1
2026-09-09 14:13:20+00:00,bench-02,2168,56.6,1,auto,-53.3,3389659,35,65,2026-09-09-s1
2026-09-09 14:13:30+00:00,bench-02,2158,56.7,1,auto,-52.6,3399660,35,65,2026-09-09-s1
2026-09-09 14:13:40+00:00,bench-02,2163,56.5,1,auto,-53.4,3409663,35,65,2026-09-09-s1
2026-09-09 14:13:50+00:00,bench-02,2188,56.6,1,auto,-52.9,3419663,35,65,2026-09-09-s1
2026-09-09 14:14:00+00:00,bench-02,2168,56.9,1,auto,-52.9,3429659,35,65,2026-09-09-s1
2026-09-09 14:14:10+00:00,bench-02,2170,57.0,1,auto,-53.2,3439654,35,65,2026-09-09-s1
2026-09-09 14:14:20+00:00,bench-02,2144,57.1,1,auto,-52.4,3449654,35,65,2026-09-09-s1
2026-09-09 14:14:30+00:00,bench-02,2163,56.7,1,auto,-50.8,3459653,35,65,2026-09-09-s1
2026-09-09 14:14:40+00:00,bench-02,2164,57.0,1,auto,-50.8,3469650,35,65,2026-09-09-s1
2026-09-09 14:14:50+00:00,bench-02,2174,57.5,1,auto,-53.1,3479652,35,65,2026-09-09-s1
2026-09-09 14:15:00+00:00,bench-02,2175,57.1,1,auto,-53.6,3489655,35,65,2026-09-09-s1
2026-09-09 14:15:10+00:00,bench-02,2172,57.0,1,auto,-54.2,3499659,35,65,2026-09-09-s1
2026-09-09 14:15:20+00:00,bench-02,2170,57.1,1,auto,-55.3,3509658,35,65,2026-09-09-s1
2026-09-09 14:15:30+00:00,bench-02,2175,57.1,1,auto,-53.6,3519659,35,65,2026-09-09-s1
2026-09-09 14:15:40+00:00,bench-02,2160,56.9,1,auto,-53.0,3529663,35,65,2026-09-09-s1
2026-09-09 14:15:50+00:00,bench-02,2149,57.5,1,auto,-52.9,3539660,35,65,2026-09-09-s1
2026-09-09 14:16:00+00:00,bench-02,2159,57.4,1,auto,-50.5,3549655,35,65,2026-09-09-s1
2026-09-09 14:16:10+00:00,bench-02,2164,57.4,1,auto,-49.0,3559652,35,65,2026-09-09-s1
2026-09-09 14:16:20+00:00,bench-02,2183,56.9,1,auto,-49.5,3569654,35,65,2026-09-09-s1
2026-09-09 14:16:30+00:00,bench-02,2187,56.6,1,auto,-47.0,3579649,35,65,2026-09-09-s1
2026-09-09 14:16:40+00:00,bench-02,2160,57.4,1,auto,-44.1,3589653,35,65,2026-09-09-s1
2026-09-09 14:16:50+00:00,bench-02,2157,57.5,1,auto,-44.3,3599657,35,65,2026-09-09-s1
2026-09-09 14:17:00+00:00,bench-02,2172,57.2,1,auto,-43.8,3609652,35,65,2026-09-09-s1
2026-09-09 14:17:10+00:00,bench-02,2137,57.5,1,auto,-46.0,3619647,35,65,2026-09-09-s1
2026-09-09 14:17:20+00:00,bench-02,2131,57.8,1,auto,-47.7,3629643,35,65,2026-09-09-s1
2026-09-09 14:17:30+00:00,bench-02,2148,57.8,1,auto,-47.4,3639646,35,65,2026-09-09-s1
2026-09-09 14:17:40+00:00,bench-02,2179,56.8,1,auto,-48.9,3649648,35,65,2026-09-09-s1
2026-09-09 14:17:50+00:00,bench-02,2145,58.5,1,auto,-48.3,3659650,35,65,2026-09-09-s1
2026-09-09 14:18:00+00:00,bench-02,2165,57.1,1,auto,-49.5,3669646,35,65,2026-09-09-s1
2026-09-09 14:18:10+00:00,bench-02,2160,57.1,1,auto,-49.3,3679641,35,65,2026-09-09-s1
2026-09-09 14:18:20+00:00,bench-02,2148,58.1,1,auto,-47.9,3689639,35,65,2026-09-09-s1
2026-09-09 14:18:30+00:00,bench-02,2167,57.3,1,auto,-46.2,3699636,35,65,2026-09-09-s1
2026-09-09 14:18:40+00:00,bench-02,2149,57.4,1,auto,-46.1,3709631,35,65,2026-09-09-s1
2026-09-09 14:18:50+00:00,bench-02,2142,58.2,1,auto,-45.6,3719630,35,65,2026-09-09-s1
2026-09-09 14:19:00+00:00,bench-02,2140,58.5,1,auto,-44.7,3729630,35,65,2026-09-09-s1
2026-09-09 14:19:10+00:00,bench-02,2160,57.5,1,auto,-45.5,3739627,35,65,2026-09-09-s1
2026-09-09 14:19:20+00:00,bench-02,2135,57.8,1,auto,-45.2,3749624,35,65,2026-09-09-s1
2026-09-09 14:19:30+00:00,bench-02,2167,57.9,1,auto,-44.3,3759626,35,65,2026-09-09-s1
2026-09-09 14:19:40+00:00,bench-02,2149,58.0,1,auto,-45.6,3769628,35,65,2026-09-09-s1
2026-09-09 14:19:50+00:00,bench-02,2154,58.2,1,auto,-45.5,3779627,35,65,2026-09-09-s1
2026-09-09 14:20:00+00:00,bench-02,2142,57.9,1,auto,-45.6,3789622,35,65,2026-09-09-s1
2026-09-09 14:20:10+00:00,bench-02,2138,58.9,1,auto,-44.8,3799626,35,65,2026-09-09-s1
2026-09-09 14:20:20+00:00,bench-02,2139,58.2,1,auto,-45.7,3809630,35,65,2026-09-09-s1
2026-09-09 14:20:30+00:00,bench-02,2130,58.6,1,auto,-45.9,3819634,35,65,2026-09-09-s1
2026-09-09 14:20:40+00:00,bench-02,2132,58.5,1,auto,-46.3,3829632,35,65,2026-09-09-s1
2026-09-09 14:20:50+00:00,bench-02,2158,58.5,1,auto,-47.1,3839634,35,65,2026-09-09-s1
2026-09-09 14:21:00+00:00,bench-02,2109,58.6,1,auto,-48.0,3849630,35,65,2026-09-09-s1
2026-09-09 14:21:10+00:00,bench-02,2125,59.3,1,auto,-47.7,3859631,35,65,2026-09-09-s1
2026-09-09 14:21:20+00:00,bench-02,2120,58.4,1,auto,-48.5,3869632,35,65,2026-09-09-s1
2026-09-09 14:21:30+00:00,bench-02,2136,58.8,1,auto,-47.5,3879628,35,65,2026-09-09-s1
2026-09-09 14:21:40+00:00,bench-02,2144,57.8,1,auto,-46.5,3889628,35,65,2026-09-09-s1
2026-09-09 14:21:50+00:00,bench-02,2130,58.3,1,auto,-46.5,3899630,35,65,2026-09-09-s1
2026-09-09 14:22:00+00:00,bench-02,2144,58.3,1,auto,-44.7,3909629,35,65,2026-09-09-s1
2026-09-09 14:22:10+00:00,bench-02,2126,59.1,1,auto,-45.7,3919627,35,65,2026-09-09-s1
2026-09-09 14:22:20+00:00,bench-02,2128,58.2,1,auto,-45.0,3929631,35,65,2026-09-09-s1
2026-09-09 14:22:30+00:00,bench-02,2142,59.4,1,auto,-45.2,3939631,35,65,2026-09-09-s1
2026-09-09 14:22:40+00:00,bench-02,2119,58.9,1,auto,-43.6,3949629,35,65,2026-09-09-s1
2026-09-09 14:22:50+00:00,bench-02,2109,58.8,1,auto,-43.0,3959625,35,65,2026-09-09-s1
2026-09-09 14:23:00+00:00,bench-02,2111,59.2,1,auto,-42.9,3969625,35,65,2026-09-09-s1
2026-09-09 14:23:10+00:00,bench-02,2106,58.9,1,auto,-42.3,3979622,35,65,2026-09-09-s1
2026-09-09 14:23:20+00:00,bench-02,2148,58.9,1,auto,-42.4,3989622,35,65,2026-09-09-s1
2026-09-09 14:23:30+00:00,bench-02,2108,59.4,1,auto,-43.8,3999626,35,65,2026-09-09-s1
2026-09-09 14:23:40+00:00,bench-02,2143,59.3,1,auto,-43.2,4009622,35,65,2026-09-09-s1
2026-09-09 14:23:50+00:00,bench-02,2142,58.8,1,auto,-42.7,4019626,35,65,2026-09-09-s1
2026-09-09 14:24:00+00:00,bench-02,2140,58.8,1,auto,-43.0,4029623,35,65,2026-09-09-s1
2026-09-09 14:24:10+00:00,bench-02,2134,59.5,1,auto,-41.7,4039621,35,65,2026-09-09-s1
2026-09-09 14:24:20+00:00,bench-02,2119,58.9,1,auto,-41.3,4049625,35,65,2026-09-09-s1
2026-09-09 14:24:30+00:00,bench-02,2116,58.9,1,auto,-42.2,4059623,35,65,2026-09-09-s1
2026-09-09 14:24:40+00:00,bench-02,2128,59.6,1,auto,-41.4,4069621,35,65,2026-09-09-s1
2026-09-09 14:24:50+00:00,bench-02,2105,59.1,1,auto,-39.2,4079625,35,65,2026-09-09-s1
2026-09-09 14:25:00+00:00,bench-02,2129,60.4,1,auto,-38.9,4089620,35,65,2026-09-09-s1
2026-09-09 14:25:10+00:00,bench-02,2104,59.9,1,auto,-38.5,4099617,35,65,2026-09-09-s1
2026-09-09 14:25:20+00:00,bench-02,2105,60.1,1,auto,-38.2,4109612,35,65,2026-09-09-s1
2026-09-09 14:25:30+00:00,bench-02,2124,59.7,1,auto,-39.9,4119609,35,65,2026-09-09-s1
2026-09-09 14:25:40+00:00,bench-02,2105,59.3,1,auto,-40.8,4129605,35,65,2026-09-09-s1
2026-09-09 14:25:50+00:00,bench-02,2119,59.8,1,auto,-40.9,4139605,35,65,2026-09-09-s1
2026-09-09 14:26:00+00:00,bench-02,2131,59.8,1,auto,-41.5,4149609,35,65,2026-09-09-s1
2026-09-09 14:26:10+00:00,bench-02,2098,59.8,1,auto,-42.4,4159612,35,65,2026-09-09-s1
2026-09-09 14:26:20+00:00,bench-02,2128,59.0,1,auto,-42.2,4169609,35,65,2026-09-09-s1
2026-09-09 14:26:30+00:00,bench-02,2118,59.9,1,auto,-42.3,4179606,35,65,2026-09-09-s1
2026-09-09 14:26:40+00:00,bench-02,2085,60.3,1,auto,-41.4,4189604,35,65,2026-09-09-s1
2026-09-09 14:26:50+00:00,bench-02,2113,59.5,1,auto,-40.6,4199599,35,65,2026-09-09-s1
2026-09-09 14:27:00+00:00,bench-02,2113,60.2,1,auto,-42.9,4209594,35,65,2026-09-09-s1
2026-09-09 14:27:10+00:00,bench-02,2110,59.8,1,auto,-42.0,4219593,35,65,2026-09-09-s1
2026-09-09 14:27:20+00:00,bench-02,2122,59.6,1,auto,-42.3,4229593,35,65,2026-09-09-s1
2026-09-09 14:27:30+00:00,bench-02,2108,60.0,1,auto,-42.6,4239591,35,65,2026-09-09-s1
2026-09-09 14:27:40+00:00,bench-02,2115,60.1,1,auto,-39.8,4249587,35,65,2026-09-09-s1
2026-09-09 14:27:50+00:00,bench-02,2117,59.9,1,auto,-41.8,4259584,35,65,2026-09-09-s1
2026-09-09 14:28:00+00:00,bench-02,2115,59.7,1,auto,-41.0,4269586,35,65,2026-09-09-s1
2026-09-09 14:28:10+00:00,bench-02,2093,60.1,1,auto,-38.8,4279587,35,65,2026-09-09-s1
2026-09-09 14:28:20+00:00,bench-02,2133,59.6,1,auto,-38.9,4289588,35,65,2026-09-09-s1
2026-09-09 14:28:30+00:00,bench-02,2119,59.9,1,auto,-38.8,4299585,35,65,2026-09-09-s1
2026-09-09 14:28:40+00:00,bench-02,2115,59.8,1,auto,-38.1,4309586,35,65,2026-09-09-s1
2026-09-09 14:28:50+00:00,bench-02,2140,59.4,1,auto,-37.1,4319582,35,65,2026-09-09-s1
2026-09-09 14:29:00+00:00,bench-02,2105,59.6,1,auto,-39.8,4329577,35,65,2026-09-09-s1
2026-09-09 14:29:10+00:00,bench-02,2125,59.5,1,auto,-38.9,4339576,35,65,2026-09-09-s1
2026-09-09 14:29:20+00:00,bench-02,2116,59.7,1,auto,-40.1,4349573,35,65,2026-09-09-s1
2026-09-09 14:29:30+00:00,bench-02,2107,59.9,1,auto,-41.1,4359571,35,65,2026-09-09-s1
2026-09-09 14:29:40+00:00,bench-02,2086,60.4,1,auto,-42.6,4369566,35,65,2026-09-09-s1
2026-09-09 14:29:50+00:00,bench-02,2109,59.5,1,auto,-44.2,4379565,35,65,2026-09-09-s1
2026-09-09 14:30:00+00:00,bench-02,2113,59.9,1,auto,-43.2,4389567,35,65,2026-09-09-s1
2026-09-09 14:30:10+00:00,bench-02,2108,60.3,1,auto,-42.8,4399563,35,65,2026-09-09-s1
2026-09-09 14:30:20+00:00,bench-02,2112,60.3,1,auto,-43.8,4409561,35,65,2026-09-09-s1
2026-09-09 14:30:30+00:00,bench-02,2079,60.6,1,auto,-44.5,4419563,35,65,2026-09-09-s1
2026-09-09 14:30:40+00:00,bench-02,2111,60.0,1,auto,-43.3,4429558,35,65,2026-09-09-s1
2026-09-09 14:30:50+00:00,bench-02,2104,60.1,1,auto,-43.2,4439553,35,65,2026-09-09-s1
2026-09-09 14:31:00+00:00,bench-02,2093,60.3,1,auto,-43.0,4449554,35,65,2026-09-09-s1
2026-09-09 14:31:10+00:00,bench-02,2120,59.4,1,auto,-43.6,4459555,35,65,2026-09-09-s1
2026-09-09 14:31:20+00:00,bench-02,2106,60.2,1,auto,-46.0,4469553,35,65,2026-09-09-s1
2026-09-09 14:31:30+00:00,bench-02,2106,60.3,1,auto,-46.7,4479549,35,65,2026-09-09-s1
2026-09-09 14:31:40+00:00,bench-02,2100,60.8,1,auto,-47.5,4489549,35,65,2026-09-09-s1
2026-09-09 14:31:50+00:00,bench-02,2113,60.3,1,auto,-46.5,4499547,35,65,2026-09-09-s1
2026-09-09 14:32:00+00:00,bench-02,2119,59.6,1,auto,-46.6,4509549,35,65,2026-09-09-s1
2026-09-09 14:32:10+00:00,bench-02,2112,59.8,1,auto,-48.2,4519545,35,65,2026-09-09-s1
2026-09-09 14:32:20+00:00,bench-02,2087,60.6,1,auto,-48.9,4529543,35,65,2026-09-09-s1
2026-09-09 14:32:30+00:00,bench-02,2099,59.6,1,auto,-49.7,4539539,35,65,2026-09-09-s1
2026-09-09 14:32:40+00:00,bench-02,2102,60.2,1,auto,-50.1,4549534,35,65,2026-09-09-s1
2026-09-09 14:32:50+00:00,bench-02,2091,60.5,1,auto,-50.2,4559537,35,65,2026-09-09-s1
2026-09-09 14:33:00+00:00,bench-02,2082,60.8,1,auto,-50.9,4569538,35,65,2026-09-09-s1
2026-09-09 14:33:10+00:00,bench-02,2074,60.6,1,auto,-50.1,4579540,35,65,2026-09-09-s1
2026-09-09 14:33:20+00:00,bench-02,2090,60.3,1,auto,-48.0,4589535,35,65,2026-09-09-s1
2026-09-09 14:33:30+00:00,bench-02,2079,60.4,1,auto,-49.2,4599532,35,65,2026-09-09-s1
2026-09-09 14:33:40+00:00,bench-02,2106,60.5,1,auto,-48.8,4609536,35,65,2026-09-09-s1
2026-09-09 14:33:50+00:00,bench-02,2108,60.0,1,auto,-48.3,4619531,35,65,2026-09-09-s1
2026-09-09 14:34:00+00:00,bench-02,2094,59.9,1,auto,-48.0,4629526,35,65,2026-09-09-s1
2026-09-09 14:34:10+00:00,bench-02,2098,61.0,1,auto,-48.5,4639522,35,65,2026-09-09-s1
2026-09-09 14:34:20+00:00,bench-02,2117,59.8,1,auto,-50.3,4649523,35,65,2026-09-09-s1
2026-09-09 14:34:30+00:00,bench-02,2114,60.1,1,auto,-51.1,4659518,35,65,2026-09-09-s1
2026-09-09 14:34:40+00:00,bench-02,2116,60.4,1,auto,-51.7,4669514,35,65,2026-09-09-s1
2026-09-09 14:34:50+00:00,bench-02,2074,60.6,1,auto,-53.1,4679517,35,65,2026-09-09-s1
2026-09-09 14:35:00+00:00,bench-02,2114,60.6,1,auto,-53.2,4689514,35,65,2026-09-09-s1
2026-09-09 14:35:10+00:00,bench-02,2104,60.5,1,auto,-55.1,4699516,35,65,2026-09-09-s1
2026-09-09 14:35:20+00:00,bench-02,2103,59.9,1,auto,-53.9,4709516,35,65,2026-09-09-s1
2026-09-09 14:35:30+00:00,bench-02,2087,60.6,1,auto,-53.3,4719513,35,65,2026-09-09-s1
2026-09-09 14:35:40+00:00,bench-02,2069,60.4,1,auto,-53.7,4729514,35,65,2026-09-09-s1
2026-09-09 14:35:50+00:00,bench-02,2096,60.1,1,auto,-54.1,4739518,35,65,2026-09-09-s1
2026-09-09 14:36:00+00:00,bench-02,2092,60.7,1,auto,-52.8,4749521,35,65,2026-09-09-s1
2026-09-09 14:36:10+00:00,bench-02,2097,60.4,1,auto,-51.6,4759523,35,65,2026-09-09-s1
2026-09-09 14:36:20+00:00,bench-02,2111,60.4,1,auto,-50.7,4769518,35,65,2026-09-09-s1
2026-09-09 14:36:30+00:00,bench-02,2125,59.9,1,auto,-51.9,4779520,35,65,2026-09-09-s1
2026-09-09 14:36:40+00:00,bench-02,2122,59.3,1,auto,-51.7,4789522,35,65,2026-09-09-s1
2026-09-09 14:36:50+00:00,bench-02,2111,60.2,1,auto,-50.6,4799518,35,65,2026-09-09-s1
2026-09-09 14:37:00+00:00,bench-02,2094,60.5,1,auto,-51.3,4809518,35,65,2026-09-09-s1
2026-09-09 14:37:10+00:00,bench-02,2106,60.5,1,auto,-51.1,4819519,35,65,2026-09-09-s1
2026-09-09 14:37:20+00:00,bench-02,2103,60.4,1,auto,-52.3,4829515,35,65,2026-09-09-s1
2026-09-09 14:37:30+00:00,bench-02,2097,59.9,1,auto,-52.8,4839517,35,65,2026-09-09-s1
2026-09-09 14:37:40+00:00,bench-02,2112,59.8,1,auto,-49.9,4849513,35,65,2026-09-09-s1
2026-09-09 14:37:50+00:00,bench-02,2100,60.1,1,auto,-52.6,4859515,35,65,2026-09-09-s1
2026-09-09 14:38:00+00:00,bench-02,2119,59.6,1,auto,-52.4,4869518,35,65,2026-09-09-s1
2026-09-09 14:38:10+00:00,bench-02,2106,59.9,1,auto,-53.8,4879518,35,65,2026-09-09-s1
2026-09-09 14:38:20+00:00,bench-02,2090,60.8,1,auto,-55.6,4889513,35,65,2026-09-09-s1
2026-09-09 14:38:30+00:00,bench-02,2109,60.8,1,auto,-56.5,4899513,35,65,2026-09-09-s1
2026-09-09 14:38:40+00:00,bench-02,2119,59.6,1,auto,-56.0,4909513,35,65,2026-09-09-s1
2026-09-09 14:38:50+00:00,bench-02,2116,59.7,1,auto,-54.6,4919511,35,65,2026-09-09-s1
2026-09-09 14:39:00+00:00,bench-02,2119,59.7,1,auto,-55.7,4929511,35,65,2026-09-09-s1
2026-09-09 14:39:20+00:00,bench-02,2107,60.8,1,auto,-55.7,4949507,35,65,2026-09-09-s1
2026-09-09 14:39:30+00:00,bench-02,2111,60.3,1,auto,-55.5,4959510,35,65,2026-09-09-s1
2026-09-09 14:39:40+00:00,bench-02,2089,60.0,1,auto,-55.6,4969513,35,65,2026-09-09-s1
2026-09-09 14:39:50+00:00,bench-02,2081,60.9,1,auto,-54.5,4979511,35,65,2026-09-09-s1
2026-09-09 14:40:00+00:00,bench-02,2107,60.4,1,auto,-52.8,4989508,35,65,2026-09-09-s1
2026-09-09 14:40:10+00:00,bench-02,2090,60.4,1,auto,-54.8,4999511,35,65,2026-09-09-s1
2026-09-09 14:40:20+00:00,bench-02,2114,59.4,1,auto,-53.5,5009506,35,65,2026-09-09-s1
2026-09-09 14:40:30+00:00,bench-02,2075,60.3,1,auto,-53.6,5019506,35,65,2026-09-09-s1
2026-09-09 14:40:40+00:00,bench-02,2101,60.0,1,auto,-55.0,5029505,35,65,2026-09-09-s1
2026-09-09 14:40:50+00:00,bench-02,2092,60.1,1,auto,-54.7,5039506,35,65,2026-09-09-s1
2026-09-09 14:41:00+00:00,bench-02,2095,60.6,1,auto,-54.2,5049503,35,65,2026-09-09-s1
2026-09-09 14:41:10+00:00,bench-02,2103,59.8,1,auto,-54.1,5059498,35,65,2026-09-09-s1
2026-09-09 14:41:20+00:00,bench-02,2124,59.8,1,auto,-52.6,5069500,35,65,2026-09-09-s1
2026-09-09 14:41:30+00:00,bench-02,2088,60.9,1,auto,-53.1,5079504,35,65,2026-09-09-s1
2026-09-09 14:41:40+00:00,bench-02,2115,60.4,1,auto,-54.0,5089500,35,65,2026-09-09-s1
2026-09-09 14:41:50+00:00,bench-02,2102,60.4,1,auto,-54.2,5099498,35,65,2026-09-09-s1
2026-09-09 14:42:00+00:00,bench-02,2136,59.6,1,auto,-53.3,5109495,35,65,2026-09-09-s1
2026-09-09 14:42:10+00:00,bench-02,2093,60.5,1,auto,-52.6,5119490,35,65,2026-09-09-s1
2026-09-09 14:42:20+00:00,bench-02,2109,60.6,1,auto,-50.8,5129494,35,65,2026-09-09-s1
2026-09-09 14:42:30+00:00,bench-02,2106,60.6,1,auto,-51.0,5139490,35,65,2026-09-09-s1
2026-09-09 14:42:40+00:00,bench-02,2085,61.2,1,auto,-49.1,5149492,35,65,2026-09-09-s1
2026-09-09 14:42:50+00:00,bench-02,2103,60.5,1,auto,-50.0,5159493,35,65,2026-09-09-s1
2026-09-09 14:43:00+00:00,bench-02,2104,60.8,1,auto,-52.4,5169490,35,65,2026-09-09-s1
2026-09-09 14:43:10+00:00,bench-02,2088,60.4,1,auto,-53.9,5179486,35,65,2026-09-09-s1
2026-09-09 14:43:20+00:00,bench-02,2111,61.2,1,auto,-54.6,5189481,35,65,2026-09-09-s1
2026-09-09 14:43:30+00:00,bench-02,2094,60.4,1,auto,-56.2,5199480,35,65,2026-09-09-s1
2026-09-09 14:43:40+00:00,bench-02,2093,60.8,1,auto,-56.4,5209479,35,65,2026-09-09-s1
2026-09-09 14:43:50+00:00,bench-02,2111,60.1,1,auto,-55.0,5219479,35,65,2026-09-09-s1
2026-09-09 14:44:00+00:00,bench-02,2118,60.2,1,auto,-52.5,5229483,35,65,2026-09-09-s1
2026-09-09 14:44:10+00:00,bench-02,2094,60.5,1,auto,-52.9,5239484,35,65,2026-09-09-s1
2026-09-09 14:44:20+00:00,bench-02,2134,59.8,1,auto,-50.4,5249483,35,65,2026-09-09-s1
2026-09-09 14:44:30+00:00,bench-02,2056,61.3,1,auto,-50.8,5259486,35,65,2026-09-09-s1
2026-09-09 14:44:40+00:00,bench-02,2084,60.4,1,auto,-49.9,5269483,35,65,2026-09-09-s1
2026-09-09 14:44:50+00:00,bench-02,2101,60.9,1,auto,-48.5,5279487,35,65,2026-09-09-s1
2026-09-09 14:45:00+00:00,bench-02,2103,60.8,1,auto,-49.2,5289482,35,65,2026-09-09-s1
2026-09-09 14:45:10+00:00,bench-02,2097,60.0,1,auto,-47.7,5299481,35,65,2026-09-09-s1
2026-09-09 14:45:20+00:00,bench-02,2099,61.3,1,auto,-48.7,5309479,35,65,2026-09-09-s1
2026-09-09 14:45:30+00:00,bench-02,2084,60.3,1,manual,-48.4,5319478,35,65,2026-09-09-s1
2026-09-09 14:45:40+00:00,bench-02,2097,60.4,1,manual,-47.3,5329478,35,65,2026-09-09-s1
2026-09-09 14:45:50+00:00,bench-02,2097,60.9,1,manual,-47.5,5339481,35,65,2026-09-09-s1
2026-09-09 14:46:00+00:00,bench-02,2119,60.0,0,manual,-45.6,5349483,35,65,2026-09-09-s1
2026-09-09 14:46:10+00:00,bench-02,2121,59.3,0,manual,-47.9,5359480,35,65,2026-09-09-s1
2026-09-09 14:46:20+00:00,bench-02,2170,58.4,0,manual,-47.6,5369481,35,65,2026-09-09-s1
2026-09-09 14:46:30+00:00,bench-02,2114,58.9,1,manual,-47.8,5379482,35,65,2026-09-09-s1
2026-09-09 14:46:40+00:00,bench-02,2131,59.0,1,manual,-50.3,5389478,35,65,2026-09-09-s1
2026-09-09 14:46:50+00:00,bench-02,2140,59.1,1,manual,-50.0,5399477,35,65,2026-09-09-s1
2026-09-09 14:47:00+00:00,bench-02,2148,58.6,1,manual,-49.0,5409472,35,65,2026-09-09-s1
2026-09-09 14:47:10+00:00,bench-02,2134,58.9,1,manual,-48.2,5419473,35,65,2026-09-09-s1
2026-09-09 14:47:20+00:00,bench-02,2128,59.2,1,manual,-46.4,5429471,35,65,2026-09-09-s1
2026-09-09 14:47:30+00:00,bench-02,2144,59.4,1,manual,-45.4,5439466,35,65,2026-09-09-s1
2026-09-09 14:47:40+00:00,bench-02,2088,58.8,1,manual,-46.3,5449470,35,65,2026-09-09-s1
2026-09-09 14:47:50+00:00,bench-02,2119,59.0,1,manual,-46.3,5459465,35,65,2026-09-09-s1
2026-09-09 14:48:00+00:00,bench-02,2114,59.3,1,manual,-47.0,5469464,35,65,2026-09-09-s1
2026-09-09 14:48:10+00:00,bench-02,2138,59.3,1,manual,-48.9,5479467,35,65,2026-09-09-s1
2026-09-09 14:48:20+00:00,bench-02,2143,59.2,1,manual,-47.0,5489466,35,65,2026-09-09-s1
2026-09-09 14:48:30+00:00,bench-02,2142,59.3,1,auto,-47.0,5499464,35,65,2026-09-09-s1
2026-09-09 14:48:40+00:00,bench-02,2116,58.6,1,auto,-48.1,5509466,35,65,2026-09-09-s1
2026-09-09 14:48:50+00:00,bench-02,2138,58.9,1,auto,-47.7,5519469,35,65,2026-09-09-s1
2026-09-09 14:49:00+00:00,bench-02,2115,59.0,1,auto,-47.6,5529470,35,65,2026-09-09-s1
2026-09-09 14:49:10+00:00,bench-02,2136,58.8,1,auto,-44.4,5539474,35,65,2026-09-09-s1
2026-09-09 14:49:20+00:00,bench-02,2139,58.9,1,auto,-46.0,5549476,35,65,2026-09-09-s1
2026-09-09 14:49:30+00:00,bench-02,2105,59.6,1,auto,-45.8,5559473,35,65,2026-09-09-s1
2026-09-09 14:49:40+00:00,bench-02,2107,59.0,1,auto,-46.0,5569472,35,65,2026-09-09-s1
2026-09-09 14:49:50+00:00,bench-02,2098,59.7,1,auto,-45.5,5579469,35,65,2026-09-09-s1
2026-09-09 14:50:00+00:00,bench-02,2126,59.8,1,auto,-44.9,5589472,35,65,2026-09-09-s1
2026-09-09 14:50:10+00:00,bench-02,2130,59.8,1,auto,-45.7,5599475,35,65,2026-09-09-s1
2026-09-09 14:50:20+00:00,bench-02,2121,59.3,1,auto,-45.2,5609472,35,65,2026-09-09-s1
2026-09-09 14:50:30+00:00,bench-02,2149,58.5,1,auto,-44.9,5619467,35,65,2026-09-09-s1
2026-09-09 14:50:40+00:00,bench-02,2151,59.2,1,auto,-45.7,5629463,35,65,2026-09-09-s1
2026-09-09 14:50:50+00:00,bench-02,2106,59.4,1,auto,-44.8,5639459,35,65,2026-09-09-s1
2026-09-09 14:51:00+00:00,bench-02,2105,59.4,1,auto,-45.7,5649457,35,65,2026-09-09-s1
2026-09-09 14:51:10+00:00,bench-02,2093,59.6,1,auto,-44.5,5659452,35,65,2026-09-09-s1
2026-09-09 14:51:20+00:00,bench-02,2142,58.9,1,auto,-44.0,5669454,35,65,2026-09-09-s1
2026-09-09 14:51:30+00:00,bench-02,2121,59.7,1,auto,-42.3,5679454,35,65,2026-09-09-s1
2026-09-09 14:51:40+00:00,bench-02,2124,59.6,1,auto,-41.1,5689458,35,65,2026-09-09-s1
2026-09-09 14:51:50+00:00,bench-02,2115,59.6,1,auto,-40.7,5699459,35,65,2026-09-09-s1
2026-09-09 14:52:00+00:00,bench-02,2108,60.5,1,auto,-40.4,5709457,35,65,2026-09-09-s1
2026-09-09 14:52:10+00:00,bench-02,2124,59.1,1,auto,-44.8,5719460,35,65,2026-09-09-s1
2026-09-09 14:52:20+00:00,bench-02,2126,59.1,1,auto,-45.4,5729462,35,65,2026-09-09-s1
2026-09-09 14:52:30+00:00,bench-02,2124,59.0,1,auto,-46.4,5739462,35,65,2026-09-09-s1
2026-09-09 14:52:40+00:00,bench-02,2104,59.8,1,auto,-45.5,5749462,35,65,2026-09-09-s1
2026-09-09 14:52:50+00:00,bench-02,2130,59.0,1,auto,-47.3,5759460,35,65,2026-09-09-s1
2026-09-09 14:53:00+00:00,bench-02,2109,60.1,1,auto,-47.2,5769459,35,65,2026-09-09-s1
2026-09-09 14:53:10+00:00,bench-02,2090,60.2,1,auto,-47.6,5779459,35,65,2026-09-09-s1
2026-09-09 14:53:20+00:00,bench-02,2112,59.9,1,auto,-48.9,5789462,35,65,2026-09-09-s1
2026-09-09 14:53:30+00:00,bench-02,2123,59.3,1,auto,-48.4,5799457,35,65,2026-09-09-s1
2026-09-09 14:53:40+00:00,bench-02,2113,59.4,1,auto,-48.6,5809453,35,65,2026-09-09-s1
2026-09-09 14:53:50+00:00,bench-02,2125,59.4,1,auto,-48.0,5819454,35,65,2026-09-09-s1
2026-09-09 14:54:00+00:00,bench-02,2086,59.9,1,auto,-47.9,5829452,35,65,2026-09-09-s1
2026-09-09 14:54:10+00:00,bench-02,2120,59.6,1,auto,-47.8,5839450,35,65,2026-09-09-s1
2026-09-09 14:54:20+00:00,bench-02,2108,60.3,1,auto,-48.5,5849451,35,65,2026-09-09-s1
2026-09-09 14:54:30+00:00,bench-02,2122,59.9,1,auto,-48.4,5859447,35,65,2026-09-09-s1
2026-09-09 14:54:40+00:00,bench-02,2095,60.3,1,auto,-51.6,5869444,35,65,2026-09-09-s1
2026-09-09 14:54:50+00:00,bench-02,2112,60.5,1,auto,-51.0,5879441,35,65,2026-09-09-s1
2026-09-09 14:55:00+00:00,bench-02,2101,60.5,1,auto,-49.9,5889441,35,65,2026-09-09-s1
2026-09-09 14:55:10+00:00,bench-02,2117,59.9,1,auto,-50.7,5899441,35,65,2026-09-09-s1
2026-09-09 14:55:20+00:00,bench-02,2080,60.4,1,auto,-50.3,5909444,35,65,2026-09-09-s1
2026-09-09 14:55:30+00:00,bench-02,2100,60.7,1,auto,-52.2,5919448,35,65,2026-09-09-s1
2026-09-09 14:55:40+00:00,bench-02,2121,60.0,1,auto,-54.7,5929445,35,65,2026-09-09-s1
2026-09-09 14:55:50+00:00,bench-02,2105,60.4,1,auto,-53.5,5939446,35,65,2026-09-09-s1
2026-09-09 14:56:00+00:00,bench-02,2082,60.8,1,auto,-53.9,5949442,35,65,2026-09-09-s1
2026-09-09 14:56:10+00:00,bench-02,2110,60.3,1,auto,-54.4,5959440,35,65,2026-09-09-s1
2026-09-09 14:56:20+00:00,bench-02,2112,60.7,1,auto,-55.1,5969439,35,65,2026-09-09-s1
2026-09-09 14:56:30+00:00,bench-02,2108,60.8,1,auto,-56.0,5979442,35,65,2026-09-09-s1
2026-09-09 14:56:40+00:00,bench-02,2084,61.5,1,auto,-54.0,5989442,35,65,2026-09-09-s1
2026-09-09 14:56:50+00:00,bench-02,2085,61.7,1,auto,-52.4,5999444,35,65,2026-09-09-s1
2026-09-09 14:57:00+00:00,bench-02,2101,60.3,1,auto,-50.3,6009444,35,65,2026-09-09-s1
2026-09-09 14:57:10+00:00,bench-02,2115,60.5,1,auto,-52.1,6019447,35,65,2026-09-09-s1
2026-09-09 14:57:20+00:00,bench-02,2076,61.4,1,auto,-52.2,6029447,35,65,2026-09-09-s1
2026-09-09 14:57:30+00:00,bench-02,2096,61.2,1,auto,-51.0,6039448,35,65,2026-09-09-s1
2026-09-09 14:57:40+00:00,bench-02,2091,60.9,1,auto,-52.1,6049452,35,65,2026-09-09-s1
2026-09-09 14:57:50+00:00,bench-02,2080,61.0,1,auto,-52.2,6059454,35,65,2026-09-09-s1
2026-09-09 14:58:00+00:00,bench-02,2127,60.1,1,auto,-50.0,6069453,35,65,2026-09-09-s1
2026-09-09 14:58:10+00:00,bench-02,2120,60.5,1,auto,-50.3,6079451,35,65,2026-09-09-s1
2026-09-09 14:58:20+00:00,bench-02,2090,60.1,1,auto,-49.4,6089447,35,65,2026-09-09-s1
2026-09-09 14:58:30+00:00,bench-02,2101,60.8,1,auto,-49.7,6099442,35,65,2026-09-09-s1
2026-09-09 14:58:40+00:00,bench-02,2070,61.4,1,auto,-50.9,6109445,35,65,2026-09-09-s1
2026-09-09 14:58:50+00:00,bench-02,2087,60.7,1,auto,-51.9,6119443,35,65,2026-09-09-s1
2026-09-09 14:59:00+00:00,bench-02,2111,60.4,1,auto,-53.6,6129442,35,65,2026-09-09-s1
2026-09-09 14:59:10+00:00,bench-02,2095,61.2,1,auto,-52.5,6139444,35,65,2026-09-09-s1
2026-09-09 14:59:20+00:00,bench-02,2081,61.1,1,auto,-51.9,6149447,35,65,2026-09-09-s1
2026-09-09 14:59:30+00:00,bench-02,2080,61.0,1,auto,-53.2,6159444,35,65,2026-09-09-s1
2026-09-09 14:59:40+00:00,bench-02,2096,60.8,1,auto,-53.4,6169444,35,65,2026-09-09-s1
2026-09-09 14:59:50+00:00,bench-02,2100,60.7,1,auto,-52.6,6179445,35,65,2026-09-09-s1
2026-09-09 15:00:00+00:00,bench-02,2088,60.9,1,auto,-53.0,6189440,35,65,2026-09-09-s1
2026-09-09 15:00:10+00:00,bench-02,2125,60.4,1,auto,-52.8,6199436,35,65,2026-09-09-s1
2026-09-09 15:00:20+00:00,bench-02,2114,60.5,1,auto,-52.9,6209433,35,65,2026-09-09-s1
2026-09-09 15:00:30+00:00,bench-02,2085,61.7,1,auto,-50.6,6219428,35,65,2026-09-09-s1
2026-09-09 15:00:40+00:00,bench-02,2073,60.9,1,auto,-51.5,6229429,35,65,2026-09-09-s1
2026-09-09 15:00:50+00:00,bench-02,2054,61.4,1,auto,-52.0,6239426,35,65,2026-09-09-s1
2026-09-09 15:01:00+00:00,bench-02,2066,61.4,1,auto,-49.9,6249428,35,65,2026-09-09-s1
2026-09-09 15:01:10+00:00,bench-02,2078,61.6,1,auto,-50.3,6259426,35,65,2026-09-09-s1
2026-09-09 15:01:20+00:00,bench-02,2069,61.9,1,auto,-49.9,6269427,35,65,2026-09-09-s1
2026-09-09 15:01:30+00:00,bench-02,2098,61.4,1,auto,-51.5,6279431,35,65,2026-09-09-s1
2026-09-09 15:01:40+00:00,bench-02,2083,60.7,1,auto,-53.8,6289428,35,65,2026-09-09-s1
2026-09-09 15:01:50+00:00,bench-02,2066,62.3,1,auto,-55.3,6299425,35,65,2026-09-09-s1
2026-09-10 10:00:00+00:00,bench-02,2274,51.4,0,auto,-46.6,9995,35,65,2026-09-10-s1
2026-09-10 10:00:10+00:00,bench-02,2274,50.2,0,auto,-45.1,19990,35,65,2026-09-10-s1
2026-09-10 10:00:20+00:00,bench-02,2305,50.1,0,auto,-45.9,29991,35,65,2026-09-10-s1
2026-09-10 10:00:30+00:00,bench-02,2326,48.8,0,auto,-45.9,39992,35,65,2026-09-10-s1
2026-09-10 10:00:40+00:00,bench-02,2336,48.9,0,auto,-45.1,49989,35,65,2026-09-10-s1
2026-09-10 10:00:50+00:00,bench-02,2343,48.0,0,auto,-43.3,59990,35,65,2026-09-10-s1
2026-09-10 10:01:00+00:00,bench-02,2388,47.1,0,auto,-44.5,69993,35,65,2026-09-10-s1
2026-09-10 10:01:10+00:00,bench-02,2336,47.4,0,auto,-42.4,79993,35,65,2026-09-10-s1
2026-09-10 10:01:20+00:00,bench-02,2329,47.3,0,auto,-39.4,89994,35,65,2026-09-10-s1
2026-09-10 10:01:30+00:00,bench-02,2381,46.4,0,auto,-40.9,99997,35,65,2026-09-10-s1
2026-09-10 10:01:40+00:00,bench-02,2380,46.0,0,auto,-39.6,109997,35,65,2026-09-10-s1
2026-09-10 10:01:50+00:00,bench-02,2376,45.6,0,auto,-39.1,119997,35,65,2026-09-10-s1
2026-09-10 10:02:00+00:00,bench-02,2389,45.4,0,auto,-39.2,129999,35,65,2026-09-10-s1
2026-09-10 10:02:10+00:00,bench-02,2391,45.0,0,auto,-40.8,140003,35,65,2026-09-10-s1
2026-09-10 10:02:20+00:00,bench-02,2388,44.2,0,auto,-39.5,150001,35,65,2026-09-10-s1
2026-09-10 10:02:30+00:00,bench-02,2444,43.3,0,auto,-40.1,160001,35,65,2026-09-10-s1
2026-09-10 10:02:40+00:00,bench-02,2444,43.0,0,auto,-40.3,170002,35,65,2026-09-10-s1
2026-09-10 10:02:50+00:00,bench-02,2468,42.2,0,auto,-39.8,180006,35,65,2026-09-10-s1
2026-09-10 10:03:00+00:00,bench-02,2444,42.3,0,auto,-40.4,190002,35,65,2026-09-10-s1
2026-09-10 10:03:10+00:00,bench-02,2469,41.8,0,auto,-38.8,199999,35,65,2026-09-10-s1
2026-09-10 10:03:20+00:00,bench-02,2474,41.7,0,auto,-39.3,210002,35,65,2026-09-10-s1
2026-09-10 10:03:30+00:00,bench-02,2477,41.2,0,auto,-38.5,220003,35,65,2026-09-10-s1
2026-09-10 10:03:40+00:00,bench-02,2500,40.7,0,auto,-37.3,230002,35,65,2026-09-10-s1
2026-09-10 10:03:50+00:00,bench-02,2498,40.2,0,auto,-35.0,239998,35,65,2026-09-10-s1
2026-09-10 10:04:00+00:00,bench-02,2486,40.3,0,auto,-35.0,249995,35,65,2026-09-10-s1
2026-09-10 10:04:10+00:00,bench-02,2499,39.2,0,auto,-36.2,259992,35,65,2026-09-10-s1
2026-09-10 10:04:20+00:00,bench-02,2523,39.1,0,auto,-35.4,269996,35,65,2026-09-10-s1
2026-09-10 10:04:30+00:00,bench-02,2506,38.7,0,auto,-35.4,279998,35,65,2026-09-10-s1
2026-09-10 10:04:40+00:00,bench-02,2485,38.8,0,auto,-37.0,289999,35,65,2026-09-10-s1
2026-09-10 10:04:50+00:00,bench-02,2545,37.0,0,auto,-39.5,299999,35,65,2026-09-10-s1
2026-09-10 10:05:00+00:00,bench-02,2565,37.4,0,auto,-39.0,310002,35,65,2026-09-10-s1
2026-09-10 10:05:10+00:00,bench-02,2537,37.5,0,auto,-38.2,319999,35,65,2026-09-10-s1
2026-09-10 10:05:20+00:00,bench-02,2572,36.2,0,auto,-36.5,329995,35,65,2026-09-10-s1
2026-09-10 10:05:30+00:00,bench-02,2563,36.2,0,auto,-36.8,339996,35,65,2026-09-10-s1
2026-09-10 10:05:40+00:00,bench-02,2544,36.8,0,auto,-37.4,349994,35,65,2026-09-10-s1
2026-09-10 10:05:50+00:00,bench-02,2567,35.8,0,auto,-38.6,359997,35,65,2026-09-10-s1
2026-09-10 10:06:00+00:00,bench-02,2572,36.1,0,auto,-37.9,369998,35,65,2026-09-10-s1
2026-09-10 10:06:10+00:00,bench-02,2587,35.4,0,auto,-38.9,380001,35,65,2026-09-10-s1
2026-09-10 10:06:20+00:00,bench-02,2597,34.9,0,auto,-37.6,390001,35,65,2026-09-10-s1
2026-09-10 10:06:30+00:00,bench-02,2550,36.3,1,auto,-37.2,400002,35,65,2026-09-10-s1
2026-09-10 10:06:40+00:00,bench-02,2579,35.6,1,auto,-35.9,410003,35,65,2026-09-10-s1
2026-09-10 10:06:50+00:00,bench-02,2577,35.5,1,auto,-35.3,420007,35,65,2026-09-10-s1
2026-09-10 10:07:00+00:00,bench-02,2566,35.9,1,auto,-35.0,430008,35,65,2026-09-10-s1
2026-09-10 10:07:10+00:00,bench-02,2561,36.8,1,auto,-35.7,440007,35,65,2026-09-10-s1
2026-09-10 10:07:20+00:00,bench-02,2536,37.3,1,auto,-36.5,450003,35,65,2026-09-10-s1
2026-09-10 10:07:30+00:00,bench-02,2544,37.1,1,auto,-36.6,460006,35,65,2026-09-10-s1
2026-09-10 10:07:40+00:00,bench-02,2539,37.5,1,auto,-35.5,470001,35,65,2026-09-10-s1
2026-09-10 10:07:50+00:00,bench-02,2509,37.9,1,auto,-35.2,480001,35,65,2026-09-10-s1
2026-09-10 10:08:00+00:00,bench-02,2536,38.0,1,auto,-35.0,489997,35,65,2026-09-10-s1
2026-09-10 10:08:10+00:00,bench-02,2536,37.5,1,auto,-35.0,499999,35,65,2026-09-10-s1
2026-09-10 10:08:20+00:00,bench-02,2552,38.4,1,auto,-35.5,509999,35,65,2026-09-10-s1
2026-09-10 10:08:30+00:00,bench-02,2525,38.8,1,auto,-35.0,520003,35,65,2026-09-10-s1
2026-09-10 10:08:40+00:00,bench-02,2544,38.4,1,auto,-35.0,530002,35,65,2026-09-10-s1
2026-09-10 10:08:50+00:00,bench-02,2503,39.1,1,auto,-35.0,539998,35,65,2026-09-10-s1
2026-09-10 10:09:00+00:00,bench-02,2523,38.8,1,auto,-35.1,549998,35,65,2026-09-10-s1
2026-09-10 10:09:10+00:00,bench-02,2522,39.0,1,auto,-35.0,560000,35,65,2026-09-10-s1
2026-09-10 10:09:20+00:00,bench-02,2486,39.8,1,auto,-35.0,570002,35,65,2026-09-10-s1
2026-09-10 10:09:30+00:00,bench-02,2498,39.4,1,auto,-35.1,580006,35,65,2026-09-10-s1
2026-09-10 10:09:40+00:00,bench-02,2493,39.8,1,auto,-35.0,590008,35,65,2026-09-10-s1
2026-09-10 10:09:50+00:00,bench-02,2492,40.6,1,auto,-35.0,600007,35,65,2026-09-10-s1
2026-09-10 10:10:00+00:00,bench-02,2471,40.5,1,auto,-36.9,610011,35,65,2026-09-10-s1
2026-09-10 10:10:10+00:00,bench-02,2478,40.9,1,auto,-35.0,620006,35,65,2026-09-10-s1
2026-09-10 10:10:20+00:00,bench-02,2490,40.4,1,auto,-36.2,630008,35,65,2026-09-10-s1
2026-09-10 10:10:30+00:00,bench-02,2457,41.0,1,auto,-38.5,640004,35,65,2026-09-10-s1
2026-09-10 10:10:40+00:00,bench-02,2483,41.1,1,auto,-38.5,650003,35,65,2026-09-10-s1
2026-09-10 10:10:50+00:00,bench-02,2447,42.2,1,auto,-39.8,659999,35,65,2026-09-10-s1
2026-09-10 10:11:00+00:00,bench-02,2424,43.2,1,auto,-39.2,670001,35,65,2026-09-10-s1
2026-09-10 10:11:10+00:00,bench-02,2451,42.0,1,auto,-39.2,680001,35,65,2026-09-10-s1
2026-09-10 10:11:20+00:00,bench-02,2441,42.6,1,auto,-37.9,690003,35,65,2026-09-10-s1
2026-09-10 10:11:30+00:00,bench-02,2433,42.0,1,auto,-37.4,700004,35,65,2026-09-10-s1
2026-09-10 10:11:40+00:00,bench-02,2411,43.5,1,auto,-36.6,710004,35,65,2026-09-10-s1
2026-09-10 10:11:50+00:00,bench-02,2437,43.4,1,auto,-36.0,719999,35,65,2026-09-10-s1
2026-09-10 10:12:00+00:00,bench-02,2434,42.9,1,auto,-36.9,729995,35,65,2026-09-10-s1
2026-09-10 10:12:10+00:00,bench-02,2457,42.7,1,auto,-37.4,739999,35,65,2026-09-10-s1
2026-09-10 10:12:20+00:00,bench-02,2431,43.1,1,auto,-35.0,750003,35,65,2026-09-10-s1
2026-09-10 10:12:30+00:00,bench-02,2412,43.4,1,auto,-35.0,760005,35,65,2026-09-10-s1
2026-09-10 10:12:40+00:00,bench-02,2397,44.3,1,auto,-35.0,770002,35,65,2026-09-10-s1
2026-09-10 10:12:50+00:00,bench-02,2417,44.0,1,auto,-36.9,779997,35,65,2026-09-10-s1
2026-09-10 10:13:00+00:00,bench-02,2428,44.0,1,auto,-36.3,789993,35,65,2026-09-10-s1
2026-09-10 10:13:10+00:00,bench-02,2413,44.7,1,auto,-35.0,799994,35,65,2026-09-10-s1
2026-09-10 10:13:20+00:00,bench-02,2389,45.1,1,auto,-35.4,809998,35,65,2026-09-10-s1
2026-09-10 10:13:30+00:00,bench-02,2401,44.3,1,auto,-35.0,819999,35,65,2026-09-10-s1
2026-09-10 10:13:40+00:00,bench-02,2406,45.0,1,auto,-35.0,830002,35,65,2026-09-10-s1
2026-09-10 10:13:50+00:00,bench-02,2405,44.8,1,auto,-35.0,840006,35,65,2026-09-10-s1
2026-09-10 10:14:00+00:00,bench-02,2389,44.9,1,auto,-35.0,850009,35,65,2026-09-10-s1
2026-09-10 10:14:10+00:00,bench-02,2371,46.0,1,auto,-35.0,860012,35,65,2026-09-10-s1
2026-09-10 10:14:20+00:00,bench-02,2368,45.5,1,auto,-35.0,870016,35,65,2026-09-10-s1
2026-09-10 10:14:30+00:00,bench-02,2376,46.7,1,auto,-35.0,880018,35,65,2026-09-10-s1
2026-09-10 10:14:40+00:00,bench-02,2391,45.1,1,auto,-35.5,890022,35,65,2026-09-10-s1
2026-09-10 10:14:50+00:00,bench-02,2366,46.9,1,auto,-35.5,900018,35,65,2026-09-10-s1
2026-09-10 10:15:00+00:00,bench-02,2355,46.5,1,auto,-36.7,910019,35,65,2026-09-10-s1
2026-09-10 10:15:10+00:00,bench-02,2363,46.0,1,auto,-36.5,920021,35,65,2026-09-10-s1
2026-09-10 10:15:20+00:00,bench-02,2378,46.2,1,auto,-36.6,930017,35,65,2026-09-10-s1
2026-09-10 10:15:30+00:00,bench-02,2360,46.7,1,auto,-38.8,940012,35,65,2026-09-10-s1
2026-09-10 10:15:40+00:00,bench-02,2341,47.8,1,auto,-37.9,950014,35,65,2026-09-10-s1
2026-09-10 10:15:50+00:00,bench-02,2344,46.9,1,auto,-39.3,960010,35,65,2026-09-10-s1
2026-09-10 10:16:00+00:00,bench-02,2327,47.2,1,auto,-40.1,970009,35,65,2026-09-10-s1
2026-09-10 10:16:10+00:00,bench-02,2346,48.1,1,auto,-37.9,980008,35,65,2026-09-10-s1
2026-09-10 10:16:20+00:00,bench-02,2338,47.6,1,auto,-37.8,990009,35,65,2026-09-10-s1
2026-09-10 10:16:30+00:00,bench-02,2350,47.2,1,auto,-37.4,1000013,35,65,2026-09-10-s1
2026-09-10 10:16:40+00:00,bench-02,2345,47.5,1,auto,-37.4,1010017,35,65,2026-09-10-s1
2026-09-10 10:16:50+00:00,bench-02,2325,47.7,1,auto,-36.7,1020018,35,65,2026-09-10-s1
2026-09-10 10:17:00+00:00,bench-02,2334,48.1,1,auto,-38.0,1030019,35,65,2026-09-10-s1
2026-09-10 10:17:10+00:00,bench-02,2352,47.4,1,auto,-37.6,1040017,35,65,2026-09-10-s1
2026-09-10 10:17:20+00:00,bench-02,2323,48.5,1,auto,-38.0,1050016,35,65,2026-09-10-s1
2026-09-10 10:17:30+00:00,bench-02,2343,48.4,1,auto,-37.1,1060014,35,65,2026-09-10-s1
2026-09-10 10:17:40+00:00,bench-02,2309,48.7,1,auto,-36.7,1070009,35,65,2026-09-10-s1
2026-09-10 10:17:50+00:00,bench-02,2327,48.8,1,auto,-38.0,1080009,35,65,2026-09-10-s1
2026-09-10 10:18:00+00:00,bench-02,2311,48.3,1,auto,-38.2,1090005,35,65,2026-09-10-s1
2026-09-10 10:18:10+00:00,bench-02,2312,48.6,1,auto,-37.0,1100003,35,65,2026-09-10-s1
2026-09-10 10:18:20+00:00,bench-02,2318,48.5,1,auto,-35.5,1110002,35,65,2026-09-10-s1
2026-09-10 10:18:30+00:00,bench-02,2321,48.7,1,auto,-35.0,1120004,35,65,2026-09-10-s1
2026-09-10 10:18:40+00:00,bench-02,2290,49.7,1,auto,-35.0,1130003,35,65,2026-09-10-s1
2026-09-10 10:18:50+00:00,bench-02,2289,49.7,1,auto,-37.2,1140003,35,65,2026-09-10-s1
2026-09-10 10:19:00+00:00,bench-02,2328,49.3,1,auto,-37.3,1150000,35,65,2026-09-10-s1
2026-09-10 10:19:10+00:00,bench-02,2311,50.2,1,auto,-38.3,1160000,35,65,2026-09-10-s1
2026-09-10 10:19:20+00:00,bench-02,2329,49.4,1,auto,-35.4,1170000,35,65,2026-09-10-s1
2026-09-10 10:19:30+00:00,bench-02,2310,49.9,1,auto,-37.5,1180002,35,65,2026-09-10-s1
2026-09-10 10:19:40+00:00,bench-02,2305,50.6,1,auto,-36.1,1190001,35,65,2026-09-10-s1
2026-09-10 10:19:50+00:00,bench-02,2322,49.0,1,auto,-35.9,1199998,35,65,2026-09-10-s1
2026-09-10 10:20:00+00:00,bench-02,2283,50.7,1,auto,-35.0,1209996,35,65,2026-09-10-s1
2026-09-10 10:20:10+00:00,bench-02,2315,50.0,1,auto,-36.2,1219993,35,65,2026-09-10-s1
2026-09-10 10:20:20+00:00,bench-02,2277,49.6,1,auto,-37.5,1229992,35,65,2026-09-10-s1
2026-09-10 10:20:30+00:00,bench-02,2295,50.5,1,auto,-36.0,1239993,35,65,2026-09-10-s1
2026-09-10 10:20:40+00:00,bench-02,2287,50.2,1,auto,-35.7,1249995,35,65,2026-09-10-s1
2026-09-10 10:20:50+00:00,bench-02,2295,50.1,1,auto,-35.7,1259990,35,65,2026-09-10-s1
2026-09-10 10:21:00+00:00,bench-02,2301,50.1,1,auto,-36.9,1269989,35,65,2026-09-10-s1
2026-09-10 10:21:10+00:00,bench-02,2273,50.3,1,auto,-37.4,1279989,35,65,2026-09-10-s1
2026-09-10 10:21:20+00:00,bench-02,2309,50.5,1,auto,-39.3,1289993,35,65,2026-09-10-s1
2026-09-10 10:21:30+00:00,bench-02,2282,50.9,1,auto,-41.3,1299995,35,65,2026-09-10-s1
2026-09-10 10:21:40+00:00,bench-02,2290,50.2,1,auto,-41.3,1309999,35,65,2026-09-10-s1
2026-09-10 10:21:50+00:00,bench-02,2298,51.0,1,auto,-41.4,1319998,35,65,2026-09-10-s1
2026-09-10 10:22:00+00:00,bench-02,2295,51.2,1,auto,-40.1,1329994,35,65,2026-09-10-s1
2026-09-10 10:22:10+00:00,bench-02,2270,51.1,1,auto,-39.3,1339998,35,65,2026-09-10-s1
2026-09-10 10:22:20+00:00,bench-02,2263,51.8,1,auto,-40.4,1349995,35,65,2026-09-10-s1
2026-09-10 10:22:30+00:00,bench-02,2290,50.9,1,auto,-40.6,1359993,35,65,2026-09-10-s1
2026-09-10 10:22:40+00:00,bench-02,2266,51.4,1,auto,-40.6,1369997,35,65,2026-09-10-s1
2026-09-10 10:22:50+00:00,bench-02,2254,51.9,1,auto,-40.5,1379997,35,65,2026-09-10-s1
2026-09-10 10:23:00+00:00,bench-02,2306,50.7,1,auto,-41.3,1389995,35,65,2026-09-10-s1
2026-09-10 10:23:10+00:00,bench-02,2303,51.2,1,auto,-41.1,1399999,35,65,2026-09-10-s1
2026-09-10 10:23:20+00:00,bench-02,2275,51.1,1,auto,-41.3,1409998,35,65,2026-09-10-s1
2026-09-10 10:23:30+00:00,bench-02,2271,52.0,1,auto,-41.6,1420002,35,65,2026-09-10-s1
2026-09-10 10:23:40+00:00,bench-02,2256,52.1,1,auto,-43.0,1430006,35,65,2026-09-10-s1
2026-09-10 10:23:50+00:00,bench-02,2249,52.1,1,auto,-42.0,1440002,35,65,2026-09-10-s1
2026-09-10 10:24:00+00:00,bench-02,2259,51.9,1,auto,-41.9,1450002,35,65,2026-09-10-s1
2026-09-10 10:24:10+00:00,bench-02,2235,52.8,1,auto,-44.1,1460005,35,65,2026-09-10-s1
2026-09-10 10:24:20+00:00,bench-02,2263,52.0,1,auto,-44.1,1470003,35,65,2026-09-10-s1
2026-09-10 10:24:30+00:00,bench-02,2258,51.9,1,auto,-44.6,1480005,35,65,2026-09-10-s1
2026-09-10 10:24:40+00:00,bench-02,2252,52.5,1,auto,-47.0,1490004,35,65,2026-09-10-s1
2026-09-10 10:24:50+00:00,bench-02,2250,52.4,1,auto,-46.1,1500006,35,65,2026-09-10-s1
2026-09-10 10:25:00+00:00,bench-02,2267,52.7,1,auto,-44.7,1510009,35,65,2026-09-10-s1
2026-09-10 10:25:10+00:00,bench-02,2214,52.9,1,auto,-44.0,1520007,35,65,2026-09-10-s1
2026-09-10 10:25:20+00:00,bench-02,2254,52.8,1,auto,-43.5,1530010,35,65,2026-09-10-s1
2026-09-10 10:25:30+00:00,bench-02,2232,52.8,1,auto,-41.8,1540009,35,65,2026-09-10-s1
2026-09-10 10:25:40+00:00,bench-02,2244,52.6,1,auto,-39.8,1550006,35,65,2026-09-10-s1
2026-09-10 10:25:50+00:00,bench-02,2250,53.2,1,auto,-40.7,1560002,35,65,2026-09-10-s1
2026-09-10 10:26:00+00:00,bench-02,2236,52.8,1,auto,-41.4,1570000,35,65,2026-09-10-s1
2026-09-10 10:26:10+00:00,bench-02,2248,53.4,1,auto,-41.4,1580000,35,65,2026-09-10-s1
2026-09-10 10:26:20+00:00,bench-02,2247,52.8,1,auto,-41.5,1589999,35,65,2026-09-10-s1
2026-09-10 10:26:30+00:00,bench-02,2232,52.8,1,auto,-39.1,1599994,35,65,2026-09-10-s1
2026-09-10 10:26:40+00:00,bench-02,2244,52.4,1,auto,-39.6,1609991,35,65,2026-09-10-s1
2026-09-10 10:26:50+00:00,bench-02,2242,52.8,1,auto,-38.1,1619995,35,65,2026-09-10-s1
2026-09-10 10:27:00+00:00,bench-02,2251,52.9,1,auto,-37.8,1629993,35,65,2026-09-10-s1
2026-09-10 10:27:10+00:00,bench-02,2238,53.3,1,auto,-37.4,1639989,35,65,2026-09-10-s1
2026-09-10 10:27:20+00:00,bench-02,2236,53.3,1,auto,-38.4,1649986,35,65,2026-09-10-s1
2026-09-10 10:27:30+00:00,bench-02,2237,53.7,1,auto,-39.0,1659983,35,65,2026-09-10-s1
2026-09-10 10:27:40+00:00,bench-02,2250,54.0,1,auto,-38.0,1669979,35,65,2026-09-10-s1
2026-09-10 10:27:50+00:00,bench-02,2228,53.1,1,auto,-37.2,1679974,35,65,2026-09-10-s1
2026-09-10 10:28:00+00:00,bench-02,2211,53.1,1,auto,-36.9,1689974,35,65,2026-09-10-s1
2026-09-10 10:28:10+00:00,bench-02,2243,53.2,1,auto,-35.8,1699978,35,65,2026-09-10-s1
2026-09-10 10:28:20+00:00,bench-02,2248,54.0,1,auto,-35.2,1709977,35,65,2026-09-10-s1
2026-09-10 10:28:30+00:00,bench-02,2240,53.5,1,auto,-35.0,1719975,35,65,2026-09-10-s1
2026-09-10 10:28:40+00:00,bench-02,2235,54.1,1,auto,-35.0,1729976,35,65,2026-09-10-s1
2026-09-10 10:28:50+00:00,bench-02,2224,53.8,1,auto,-35.0,1739971,35,65,2026-09-10-s1
2026-09-10 10:29:00+00:00,bench-02,2226,54.0,1,auto,-35.0,1749967,35,65,2026-09-10-s1
2026-09-10 10:29:10+00:00,bench-02,2241,53.6,1,auto,-35.0,1759970,35,65,2026-09-10-s1
2026-09-10 10:29:20+00:00,bench-02,2197,54.6,1,auto,-36.8,1769973,35,65,2026-09-10-s1
2026-09-10 10:29:30+00:00,bench-02,2240,53.3,1,auto,-38.8,1779968,35,65,2026-09-10-s1
2026-09-10 10:29:40+00:00,bench-02,2229,53.7,1,auto,-39.2,1789970,35,65,2026-09-10-s1
2026-09-10 10:29:50+00:00,bench-02,2229,53.8,1,auto,-38.5,1799972,35,65,2026-09-10-s1
2026-09-10 10:30:00+00:00,bench-02,2206,54.6,1,auto,-37.7,1809973,35,65,2026-09-10-s1
2026-09-10 10:30:10+00:00,bench-02,2256,53.6,1,auto,-37.1,1819968,35,65,2026-09-10-s1
2026-09-10 10:30:20+00:00,bench-02,2218,54.0,1,auto,-39.5,1829972,35,65,2026-09-10-s1
2026-09-10 10:30:30+00:00,bench-02,2215,54.3,1,auto,-39.5,1839973,35,65,2026-09-10-s1
2026-09-10 10:30:40+00:00,bench-02,2222,54.6,1,auto,-38.7,1849976,35,65,2026-09-10-s1
2026-09-10 10:30:50+00:00,bench-02,2186,54.8,1,auto,-37.3,1859976,35,65,2026-09-10-s1
2026-09-10 10:31:00+00:00,bench-02,2220,54.0,1,auto,-39.4,1869976,35,65,2026-09-10-s1
2026-09-10 10:31:10+00:00,bench-02,2219,54.0,1,auto,-39.6,1879974,35,65,2026-09-10-s1
2026-09-10 10:31:20+00:00,bench-02,2221,54.6,1,auto,-39.9,1889977,35,65,2026-09-10-s1
2026-09-10 10:31:30+00:00,bench-02,2206,54.2,1,auto,-40.0,1899981,35,65,2026-09-10-s1
2026-09-10 10:31:40+00:00,bench-02,2193,54.4,1,auto,-40.8,1909978,35,65,2026-09-10-s1
2026-09-10 10:31:50+00:00,bench-02,2229,53.8,1,auto,-43.0,1919976,35,65,2026-09-10-s1
2026-09-10 10:32:00+00:00,bench-02,2202,54.9,1,auto,-45.4,1929980,35,65,2026-09-10-s1
2026-09-10 10:32:10+00:00,bench-02,2216,54.6,1,auto,-44.4,1939982,35,65,2026-09-10-s1
2026-09-10 10:32:20+00:00,bench-02,2207,55.4,1,auto,-45.2,1949977,35,65,2026-09-10-s1
2026-09-10 10:32:30+00:00,bench-02,2216,54.3,1,auto,-45.1,1959978,35,65,2026-09-10-s1
2026-09-10 10:32:40+00:00,bench-02,2195,55.5,1,auto,-43.2,1969974,35,65,2026-09-10-s1
2026-09-10 10:32:50+00:00,bench-02,2173,55.3,1,auto,-42.9,1979977,35,65,2026-09-10-s1
2026-09-10 10:33:00+00:00,bench-02,2189,55.0,1,auto,-42.2,1989977,35,65,2026-09-10-s1
2026-09-10 10:33:10+00:00,bench-02,2215,55.2,1,auto,-41.7,1999976,35,65,2026-09-10-s1
2026-09-10 10:33:20+00:00,bench-02,2168,55.6,1,auto,-41.0,2009974,35,65,2026-09-10-s1
2026-09-10 10:33:30+00:00,bench-02,2209,55.2,1,auto,-42.3,2019974,35,65,2026-09-10-s1
2026-09-10 10:33:40+00:00,bench-02,2219,54.6,1,auto,-41.6,2029978,35,65,2026-09-10-s1
2026-09-10 10:33:50+00:00,bench-02,2202,55.3,1,auto,-42.9,2039981,35,65,2026-09-10-s1
2026-09-10 10:34:00+00:00,bench-02,2201,55.3,1,auto,-42.5,2049979,35,65,2026-09-10-s1
2026-09-10 10:34:10+00:00,bench-02,2204,55.7,1,auto,-43.7,2059979,35,65,2026-09-10-s1
2026-09-10 10:34:20+00:00,bench-02,2196,55.7,1,auto,-43.7,2069980,35,65,2026-09-10-s1
2026-09-10 10:34:30+00:00,bench-02,2216,54.6,1,auto,-42.8,2079983,35,65,2026-09-10-s1
2026-09-10 10:34:40+00:00,bench-02,2209,55.2,1,auto,-42.6,2089979,35,65,2026-09-10-s1
2026-09-10 10:34:50+00:00,bench-02,2236,54.4,1,auto,-41.0,2099977,35,65,2026-09-10-s1
2026-09-10 10:35:00+00:00,bench-02,2196,55.2,1,auto,-40.1,2109976,35,65,2026-09-10-s1
2026-09-10 10:35:10+00:00,bench-02,2164,55.9,1,auto,-43.1,2119975,35,65,2026-09-10-s1
2026-09-10 10:35:20+00:00,bench-02,2186,55.9,1,auto,-43.2,2129978,35,65,2026-09-10-s1
2026-09-10 10:35:30+00:00,bench-02,2190,55.4,1,auto,-44.3,2139974,35,65,2026-09-10-s1
2026-09-10 10:35:40+00:00,bench-02,2191,55.9,1,auto,-43.2,2149973,35,65,2026-09-10-s1
2026-09-10 10:35:50+00:00,bench-02,2163,56.0,1,auto,-44.4,2159973,35,65,2026-09-10-s1
2026-09-10 10:36:00+00:00,bench-02,2203,55.4,1,auto,-42.7,2169973,35,65,2026-09-10-s1
2026-09-10 10:36:20+00:00,bench-02,2195,55.6,1,auto,-43.6,2189973,35,65,2026-09-10-s1
2026-09-10 10:36:30+00:00,bench-02,2188,56.0,1,auto,-43.9,2199973,35,65,2026-09-10-s1
2026-09-10 10:36:40+00:00,bench-02,2188,55.4,1,auto,-43.6,2209972,35,65,2026-09-10-s1
2026-09-10 10:36:50+00:00,bench-02,2166,56.6,1,auto,-45.5,2219974,35,65,2026-09-10-s1
2026-09-10 10:37:00+00:00,bench-02,2177,56.4,1,auto,-46.4,2229970,35,65,2026-09-10-s1
2026-09-10 10:37:10+00:00,bench-02,2193,55.9,1,auto,-46.8,2239969,35,65,2026-09-10-s1
2026-09-10 10:37:20+00:00,bench-02,2167,55.7,1,auto,-48.1,2249966,35,65,2026-09-10-s1
2026-09-10 10:37:30+00:00,bench-02,2168,56.0,1,auto,-46.9,2259965,35,65,2026-09-10-s1
2026-09-10 10:37:40+00:00,bench-02,2207,56.1,1,auto,-47.1,2269966,35,65,2026-09-10-s1
2026-09-10 10:37:50+00:00,bench-02,2187,55.9,1,auto,-45.8,2279964,35,65,2026-09-10-s1
2026-09-10 10:38:00+00:00,bench-02,2180,55.6,1,auto,-46.2,2289968,35,65,2026-09-10-s1
2026-09-10 10:38:10+00:00,bench-02,2186,56.4,1,auto,-46.7,2299964,35,65,2026-09-10-s1
2026-09-10 10:38:20+00:00,bench-02,2198,56.1,1,auto,-44.8,2309967,35,65,2026-09-10-s1
2026-09-10 10:38:30+00:00,bench-02,2169,55.7,1,auto,-44.2,2319971,35,65,2026-09-10-s1
2026-09-10 10:38:40+00:00,bench-02,2171,56.1,1,auto,-43.7,2329968,35,65,2026-09-10-s1
2026-09-10 10:38:50+00:00,bench-02,2194,55.9,1,auto,-42.0,2339965,35,65,2026-09-10-s1
2026-09-10 10:39:00+00:00,bench-02,2162,55.8,1,auto,-42.8,2349963,35,65,2026-09-10-s1
2026-09-10 10:39:10+00:00,bench-02,2192,56.0,1,auto,-42.1,2359962,35,65,2026-09-10-s1
2026-09-10 10:39:20+00:00,bench-02,2183,55.2,1,auto,-41.0,2369966,35,65,2026-09-10-s1
2026-09-10 10:39:30+00:00,bench-02,2190,55.7,1,auto,-39.6,2379964,35,65,2026-09-10-s1
2026-09-10 10:39:40+00:00,bench-02,2205,56.0,1,auto,-38.6,2389968,35,65,2026-09-10-s1
2026-09-10 10:39:50+00:00,bench-02,2196,55.8,1,auto,-39.1,2399971,35,65,2026-09-10-s1
2026-09-10 10:40:00+00:00,bench-02,2184,56.0,1,auto,-38.9,2409967,35,65,2026-09-10-s1
2026-09-10 10:40:10+00:00,bench-02,2172,56.0,1,auto,-39.1,2419963,35,65,2026-09-10-s1
2026-09-10 10:40:20+00:00,bench-02,2180,55.9,1,auto,-39.2,2429958,35,65,2026-09-10-s1
2026-09-10 10:40:30+00:00,bench-02,2180,56.6,1,auto,-38.5,2439959,35,65,2026-09-10-s1
2026-09-10 10:40:40+00:00,bench-02,2201,55.4,1,auto,-38.8,2449963,35,65,2026-09-10-s1
2026-09-10 10:40:50+00:00,bench-02,2201,55.4,1,auto,-37.6,2459959,35,65,2026-09-10-s1
2026-09-10 10:41:00+00:00,bench-02,2193,56.2,1,auto,-37.3,2469957,35,65,2026-09-10-s1
2026-09-10 10:41:10+00:00,bench-02,2169,56.1,1,auto,-37.2,2479959,35,65,2026-09-10-s1
2026-09-10 10:41:20+00:00,bench-02,2177,56.3,1,auto,-38.0,2489962,35,65,2026-09-10-s1
2026-09-10 10:41:30+00:00,bench-02,2162,56.1,1,auto,-37.5,2499965,35,65,2026-09-10-s1
2026-09-10 10:41:40+00:00,bench-02,2172,56.5,1,auto,-37.7,2509960,35,65,2026-09-10-s1
2026-09-10 10:41:50+00:00,bench-02,2192,56.2,1,auto,-35.9,2519955,35,65,2026-09-10-s1
2026-09-10 10:42:00+00:00,bench-02,2163,55.8,1,auto,-36.3,2529952,35,65,2026-09-10-s1
2026-09-10 10:42:10+00:00,bench-02,2168,56.8,1,auto,-37.5,2539953,35,65,2026-09-10-s1
2026-09-10 10:42:20+00:00,bench-02,2199,56.3,1,auto,-37.1,2549952,35,65,2026-09-10-s1
2026-09-10 10:42:30+00:00,bench-02,2171,56.5,1,auto,-35.0,2559951,35,65,2026-09-10-s1
2026-09-10 10:42:40+00:00,bench-02,2168,56.2,1,auto,-35.0,2569954,35,65,2026-09-10-s1
2026-09-10 10:42:50+00:00,bench-02,2170,56.4,1,auto,-36.3,2579953,35,65,2026-09-10-s1
2026-09-10 10:43:00+00:00,bench-02,2190,56.4,1,auto,-39.5,2589949,35,65,2026-09-10-s1
2026-09-10 10:43:10+00:00,bench-02,2189,55.3,1,auto,-40.4,2599953,35,65,2026-09-10-s1
2026-09-10 10:43:20+00:00,bench-02,2179,56.6,1,auto,-38.9,2609957,35,65,2026-09-10-s1
2026-09-10 10:43:30+00:00,bench-02,2194,56.1,1,auto,-36.5,2619959,35,65,2026-09-10-s1
2026-09-10 10:43:40+00:00,bench-02,2178,55.9,1,auto,-37.7,2629960,35,65,2026-09-10-s1
2026-09-10 10:43:50+00:00,bench-02,2162,56.5,1,auto,-39.8,2639963,35,65,2026-09-10-s1
2026-09-10 10:44:00+00:00,bench-02,2204,56.0,1,auto,-40.7,2649958,35,65,2026-09-10-s1
2026-09-10 10:44:10+00:00,bench-02,2206,55.4,1,auto,-41.5,2659958,35,65,2026-09-10-s1
2026-09-10 10:44:20+00:00,bench-02,2179,56.5,1,auto,-41.9,2669957,35,65,2026-09-10-s1
2026-09-10 10:44:30+00:00,bench-02,2194,56.1,1,auto,-41.2,2679956,35,65,2026-09-10-s1
2026-09-10 10:44:40+00:00,bench-02,2198,56.5,1,auto,-40.4,2689955,35,65,2026-09-10-s1
2026-09-10 10:44:50+00:00,bench-02,2165,56.8,1,auto,-40.7,2699951,35,65,2026-09-10-s1
2026-09-10 10:45:00+00:00,bench-02,2184,56.0,1,auto,-41.6,2709954,35,65,2026-09-10-s1
2026-09-10 10:45:10+00:00,bench-02,2177,56.4,1,auto,-41.3,2719954,35,65,2026-09-10-s1
2026-09-10 10:45:30+00:00,bench-02,2166,57.1,1,auto,-40.7,2739953,35,65,2026-09-10-s1
2026-09-10 10:45:40+00:00,bench-02,2161,56.9,1,auto,-39.6,2749951,35,65,2026-09-10-s1
2026-09-10 10:45:50+00:00,bench-02,2158,56.7,1,auto,-39.4,2759955,35,65,2026-09-10-s1
2026-09-10 10:46:00+00:00,bench-02,2158,56.5,1,auto,-39.9,2769952,35,65,2026-09-10-s1
2026-09-10 10:46:10+00:00,bench-02,2179,56.6,1,auto,-39.7,2779947,35,65,2026-09-10-s1
2026-09-10 10:46:20+00:00,bench-02,2155,57.1,1,auto,-39.9,2789951,35,65,2026-09-10-s1
2026-09-10 10:46:30+00:00,bench-02,2176,56.7,1,manual,-40.5,2799954,35,65,2026-09-10-s1
2026-09-10 10:46:40+00:00,bench-02,2163,57.0,1,manual,-39.9,2809949,35,65,2026-09-10-s1
2026-09-10 10:46:50+00:00,bench-02,2180,56.6,1,manual,-40.6,2819947,35,65,2026-09-10-s1
2026-09-10 10:47:00+00:00,bench-02,2157,57.3,1,manual,-40.4,2829942,35,65,2026-09-10-s1
2026-09-10 10:47:10+00:00,bench-02,2171,56.5,1,manual,-40.2,2839937,35,65,2026-09-10-s1
2026-09-10 10:47:20+00:00,bench-02,2161,56.8,1,manual,-40.1,2849937,35,65,2026-09-10-s1
2026-09-10 10:47:30+00:00,bench-02,2175,57.3,1,manual,-39.8,2859941,35,65,2026-09-10-s1
2026-09-10 10:47:40+00:00,bench-02,2173,56.9,1,manual,-39.9,2869944,35,65,2026-09-10-s1
2026-09-10 10:47:50+00:00,bench-02,2177,56.6,1,manual,-39.8,2879946,35,65,2026-09-10-s1
2026-09-10 10:48:00+00:00,bench-02,2177,57.0,1,manual,-40.2,2889945,35,65,2026-09-10-s1
2026-09-10 10:48:10+00:00,bench-02,2156,57.4,1,manual,-40.5,2899947,35,65,2026-09-10-s1
2026-09-10 10:48:20+00:00,bench-02,2163,57.3,1,manual,-41.5,2909948,35,65,2026-09-10-s1
2026-09-10 10:48:30+00:00,bench-02,2131,57.1,1,manual,-41.5,2919952,35,65,2026-09-10-s1
2026-09-10 10:48:40+00:00,bench-02,2164,56.7,1,manual,-42.1,2929949,35,65,2026-09-10-s1
2026-09-10 10:48:50+00:00,bench-02,2167,57.2,1,manual,-42.2,2939950,35,65,2026-09-10-s1
2026-09-10 10:49:00+00:00,bench-02,2150,57.5,1,manual,-43.7,2949952,35,65,2026-09-10-s1
2026-09-10 10:49:10+00:00,bench-02,2182,56.1,1,manual,-44.5,2959948,35,65,2026-09-10-s1
2026-09-10 10:49:20+00:00,bench-02,2152,57.5,1,manual,-46.1,2969949,35,65,2026-09-10-s1
2026-09-10 10:49:30+00:00,bench-02,2150,57.2,1,manual,-45.6,2979952,35,65,2026-09-10-s1
2026-09-10 10:49:40+00:00,bench-02,2169,57.1,1,auto,-45.4,2989954,35,65,2026-09-10-s1
2026-09-10 10:49:50+00:00,bench-02,2167,57.6,1,auto,-45.3,2999949,35,65,2026-09-10-s1
2026-09-10 10:50:00+00:00,bench-02,2172,57.2,1,auto,-43.9,3009952,35,65,2026-09-10-s1
2026-09-10 10:50:10+00:00,bench-02,2179,56.7,1,auto,-44.0,3019948,35,65,2026-09-10-s1
2026-09-10 10:50:20+00:00,bench-02,2163,57.1,1,auto,-45.7,3029947,35,65,2026-09-10-s1
2026-09-10 10:50:30+00:00,bench-02,2159,56.9,1,auto,-45.3,3039949,35,65,2026-09-10-s1
2026-09-10 10:50:40+00:00,bench-02,2152,57.1,1,auto,-46.9,3049952,35,65,2026-09-10-s1
2026-09-10 10:50:50+00:00,bench-02,2172,56.7,1,auto,-46.9,3059956,35,65,2026-09-10-s1
2026-09-10 10:51:00+00:00,bench-02,2151,57.1,1,auto,-49.8,3069958,35,65,2026-09-10-s1
2026-09-10 10:51:10+00:00,bench-02,2175,56.9,1,auto,-48.7,3079953,35,65,2026-09-10-s1
2026-09-10 10:51:20+00:00,bench-02,2185,56.0,1,auto,-47.4,3089952,35,65,2026-09-10-s1
2026-09-10 10:51:30+00:00,bench-02,2173,57.0,1,auto,-46.9,3099953,35,65,2026-09-10-s1
2026-09-10 10:51:40+00:00,bench-02,2171,56.6,1,auto,-47.9,3109951,35,65,2026-09-10-s1
2026-09-10 10:51:50+00:00,bench-02,2149,57.2,1,auto,-45.6,3119948,35,65,2026-09-10-s1
2026-09-10 10:52:00+00:00,bench-02,2166,57.4,1,auto,-45.7,3129946,35,65,2026-09-10-s1
2026-09-10 10:52:10+00:00,bench-02,2196,57.0,1,auto,-45.0,3139941,35,65,2026-09-10-s1
2026-09-10 10:52:20+00:00,bench-02,2176,56.7,1,auto,-44.2,3149944,35,65,2026-09-10-s1
2026-09-10 10:52:30+00:00,bench-02,2190,56.9,1,auto,-44.3,3159946,35,65,2026-09-10-s1
2026-09-10 10:52:40+00:00,bench-02,2154,57.9,1,auto,-44.5,3169947,35,65,2026-09-10-s1
2026-09-10 10:52:50+00:00,bench-02,2170,56.4,1,auto,-43.4,3179950,35,65,2026-09-10-s1
2026-09-10 10:53:00+00:00,bench-02,2181,56.8,1,auto,-43.5,3189951,35,65,2026-09-10-s1
2026-09-10 10:53:10+00:00,bench-02,2182,56.2,1,auto,-42.3,3199946,35,65,2026-09-10-s1
2026-09-10 10:53:20+00:00,bench-02,2143,57.1,1,auto,-42.2,3209945,35,65,2026-09-10-s1
2026-09-10 10:53:30+00:00,bench-02,2156,57.4,1,auto,-39.9,3219947,35,65,2026-09-10-s1
2026-09-10 10:53:40+00:00,bench-02,2164,57.1,1,auto,-40.7,3229947,35,65,2026-09-10-s1
2026-09-10 10:53:50+00:00,bench-02,2140,57.0,1,auto,-41.3,3239946,35,65,2026-09-10-s1
2026-09-10 10:54:00+00:00,bench-02,2175,56.9,1,auto,-42.0,3249947,35,65,2026-09-10-s1
2026-09-10 10:54:10+00:00,bench-02,2155,57.3,1,auto,-42.1,3259946,35,65,2026-09-10-s1
2026-09-10 10:54:20+00:00,bench-02,2175,56.8,1,auto,-43.6,3269950,35,65,2026-09-10-s1
2026-09-10 10:54:30+00:00,bench-02,2155,56.9,1,auto,-43.6,3279951,35,65,2026-09-10-s1
2026-09-10 10:54:40+00:00,bench-02,2170,57.4,1,auto,-44.8,3289947,35,65,2026-09-10-s1
2026-09-10 10:54:50+00:00,bench-02,2152,57.8,1,auto,-45.8,3299951,35,65,2026-09-10-s1
2026-09-10 10:55:00+00:00,bench-02,2157,57.3,1,auto,-44.9,3309951,35,65,2026-09-10-s1
2026-09-10 10:55:10+00:00,bench-02,2164,57.3,1,auto,-45.1,3319949,35,65,2026-09-10-s1
2026-09-10 10:55:20+00:00,bench-02,2163,57.2,1,auto,-45.3,3329950,35,65,2026-09-10-s1
2026-09-10 10:55:30+00:00,bench-02,2168,57.6,1,auto,-44.1,3339950,35,65,2026-09-10-s1
2026-09-10 10:55:40+00:00,bench-02,2152,57.6,1,auto,-44.2,3349945,35,65,2026-09-10-s1
2026-09-10 10:55:50+00:00,bench-02,2143,57.9,1,auto,-44.6,3359949,35,65,2026-09-10-s1
2026-09-10 10:56:00+00:00,bench-02,2163,57.2,1,auto,-46.2,3369947,35,65,2026-09-10-s1
2026-09-10 10:56:10+00:00,bench-02,2139,57.5,1,auto,-46.3,3379944,35,65,2026-09-10-s1
2026-09-10 10:56:20+00:00,bench-02,2158,57.6,1,auto,-46.4,3389941,35,65,2026-09-10-s1
2026-09-10 10:56:30+00:00,bench-02,2138,57.9,1,auto,-47.7,3399945,35,65,2026-09-10-s1
2026-09-10 10:56:40+00:00,bench-02,2157,57.6,1,auto,-49.0,3409944,35,65,2026-09-10-s1
2026-09-10 10:56:50+00:00,bench-02,2149,57.6,1,auto,-49.7,3419941,35,65,2026-09-10-s1
2026-09-10 10:57:00+00:00,bench-02,2140,58.4,1,auto,-49.7,3429941,35,65,2026-09-10-s1
2026-09-10 10:57:10+00:00,bench-02,2165,57.8,1,auto,-50.6,3439940,35,65,2026-09-10-s1
2026-09-10 10:57:20+00:00,bench-02,2169,57.3,1,auto,-51.3,3449935,35,65,2026-09-10-s1
2026-09-10 10:57:30+00:00,bench-02,2137,58.1,1,auto,-51.8,3459935,35,65,2026-09-10-s1
2026-09-10 10:57:40+00:00,bench-02,2148,58.0,1,auto,-53.2,3469930,35,65,2026-09-10-s1
2026-09-10 10:57:50+00:00,bench-02,2169,56.8,1,auto,-52.6,3479925,35,65,2026-09-10-s1
2026-09-10 10:58:00+00:00,bench-02,2189,57.1,1,auto,-54.9,3489924,35,65,2026-09-10-s1
2026-09-10 10:58:10+00:00,bench-02,2131,58.1,1,auto,-54.9,3499922,35,65,2026-09-10-s1
2026-09-10 10:58:20+00:00,bench-02,2157,57.6,1,auto,-56.4,3509917,35,65,2026-09-10-s1
2026-09-10 10:58:30+00:00,bench-02,2153,57.3,1,auto,-58.1,3519914,35,65,2026-09-10-s1
2026-09-10 10:58:40+00:00,bench-02,2172,57.2,1,auto,-60.7,3529914,35,65,2026-09-10-s1
2026-09-10 10:58:50+00:00,bench-02,2138,57.9,1,auto,-58.6,3539918,35,65,2026-09-10-s1
2026-09-10 10:59:00+00:00,bench-02,2179,57.7,1,auto,-59.3,3549915,35,65,2026-09-10-s1
2026-09-10 10:59:10+00:00,bench-02,2156,57.2,1,auto,-57.0,3559915,35,65,2026-09-10-s1
2026-09-10 10:59:20+00:00,bench-02,2177,57.4,1,auto,-55.9,3569913,35,65,2026-09-10-s1
2026-09-10 10:59:30+00:00,bench-02,2148,57.8,1,auto,-55.2,3579916,35,65,2026-09-10-s1
2026-09-10 10:59:40+00:00,bench-02,2168,56.8,1,auto,-56.0,3589914,35,65,2026-09-10-s1
2026-09-10 10:59:50+00:00,bench-02,2150,57.4,1,auto,-56.8,3599918,35,65,2026-09-10-s1
2026-09-10 11:00:00+00:00,bench-02,2149,57.5,1,auto,-55.5,3609917,35,65,2026-09-10-s1
2026-09-10 11:00:10+00:00,bench-02,2173,56.9,1,auto,-57.2,3619912,35,65,2026-09-10-s1
2026-09-10 11:00:20+00:00,bench-02,2158,57.6,1,auto,-56.9,3629907,35,65,2026-09-10-s1
2026-09-10 11:00:30+00:00,bench-02,2159,57.8,1,auto,-54.8,3639911,35,65,2026-09-10-s1
2026-09-10 11:00:40+00:00,bench-02,2180,56.7,1,auto,-56.1,3649912,35,65,2026-09-10-s1
2026-09-10 11:00:50+00:00,bench-02,2150,57.3,1,auto,-55.2,3659913,35,65,2026-09-10-s1
2026-09-10 11:01:00+00:00,bench-02,2148,58.0,1,auto,-55.1,3669916,35,65,2026-09-10-s1
2026-09-10 11:01:10+00:00,bench-02,2138,57.5,1,auto,-57.1,3679917,35,65,2026-09-10-s1
2026-09-10 11:01:20+00:00,bench-02,2165,57.7,1,auto,-58.3,3689913,35,65,2026-09-10-s1
2026-09-10 11:01:30+00:00,bench-02,2151,57.0,1,auto,-58.9,3699911,35,65,2026-09-10-s1
2026-09-10 11:01:40+00:00,bench-02,2137,57.7,1,auto,-61.0,3709911,35,65,2026-09-10-s1
2026-09-10 11:01:50+00:00,bench-02,2145,57.4,1,auto,-59.4,3719909,35,65,2026-09-10-s1
2026-09-10 11:02:00+00:00,bench-02,2158,57.6,1,auto,-61.0,3729907,35,65,2026-09-10-s1
2026-09-10 11:02:10+00:00,bench-02,2155,57.7,1,auto,-60.0,3739903,35,65,2026-09-10-s1
2026-09-10 11:02:20+00:00,bench-02,2174,57.0,1,auto,-59.4,3749905,35,65,2026-09-10-s1
2026-09-10 11:02:30+00:00,bench-02,2149,57.5,1,auto,-58.6,3759904,35,65,2026-09-10-s1
2026-09-10 11:02:40+00:00,bench-02,2171,57.2,1,auto,-57.7,3769899,35,65,2026-09-10-s1
2026-09-10 11:02:50+00:00,bench-02,2146,57.1,1,auto,-60.3,3779898,35,65,2026-09-10-s1
2026-09-10 11:03:00+00:00,bench-02,2175,56.7,1,auto,-59.7,3789901,35,65,2026-09-10-s1
2026-09-10 11:03:10+00:00,bench-02,2167,57.7,1,auto,-59.7,3799899,35,65,2026-09-10-s1
2026-09-10 11:03:20+00:00,bench-02,2165,57.2,1,auto,-59.1,3809898,35,65,2026-09-10-s1
2026-09-10 11:03:30+00:00,bench-02,2172,57.0,1,auto,-58.8,3819896,35,65,2026-09-10-s1
2026-09-10 11:03:40+00:00,bench-02,2173,57.1,1,auto,-60.7,3829898,35,65,2026-09-10-s1
2026-09-10 11:03:50+00:00,bench-02,2159,57.3,1,auto,-59.2,3839898,35,65,2026-09-10-s1
2026-09-10 11:04:00+00:00,bench-02,2136,57.4,1,auto,-59.8,3849897,35,65,2026-09-10-s1
2026-09-10 11:04:10+00:00,bench-02,2163,57.4,1,auto,-61.0,3859896,35,65,2026-09-10-s1
2026-09-10 11:04:20+00:00,bench-02,2163,56.9,1,auto,-61.3,3869898,35,65,2026-09-10-s1
2026-09-10 11:04:30+00:00,bench-02,2166,56.6,1,auto,-62.2,3879902,35,65,2026-09-10-s1
2026-09-10 11:04:40+00:00,bench-02,2163,57.4,1,auto,-63.1,3889903,35,65,2026-09-10-s1
2026-09-10 11:04:50+00:00,bench-02,2181,57.1,1,auto,-60.0,3899904,35,65,2026-09-10-s1
2026-09-10 11:05:00+00:00,bench-02,2144,57.5,1,auto,-60.1,3909907,35,65,2026-09-10-s1
2026-09-10 11:05:10+00:00,bench-02,2165,57.5,1,auto,-61.0,3919907,35,65,2026-09-10-s1
2026-09-10 11:05:20+00:00,bench-02,2146,57.9,1,auto,-61.2,3929903,35,65,2026-09-10-s1
2026-09-10 11:05:30+00:00,bench-02,2157,57.8,1,auto,-60.6,3939901,35,65,2026-09-10-s1
2026-09-10 11:05:40+00:00,bench-02,2177,57.1,1,auto,-62.4,3949905,35,65,2026-09-10-s1
2026-09-10 11:05:50+00:00,bench-02,2174,57.4,1,auto,-62.9,3959905,35,65,2026-09-10-s1
2026-09-10 11:06:00+00:00,bench-02,2160,57.5,1,auto,-62.6,3969907,35,65,2026-09-10-s1
2026-09-10 11:06:10+00:00,bench-02,2156,57.5,1,auto,-62.0,3979907,35,65,2026-09-10-s1
2026-09-10 11:06:20+00:00,bench-02,2145,57.8,1,auto,-60.6,3989907,35,65,2026-09-10-s1
2026-09-10 11:06:30+00:00,bench-02,2126,57.5,1,auto,-59.0,3999903,35,65,2026-09-10-s1
2026-09-10 11:06:40+00:00,bench-02,2175,57.0,1,auto,-58.9,4009901,35,65,2026-09-10-s1
2026-09-10 11:06:50+00:00,bench-02,2184,56.8,1,auto,-57.6,4019897,35,65,2026-09-10-s1
2026-09-10 11:07:00+00:00,bench-02,2148,57.7,1,auto,-61.1,4029899,35,65,2026-09-10-s1
2026-09-10 11:07:10+00:00,bench-02,2175,57.1,1,auto,-60.9,4039894,35,65,2026-09-10-s1
2026-09-10 11:07:20+00:00,bench-02,2153,57.8,1,auto,-61.1,4049897,35,65,2026-09-10-s1
2026-09-10 11:07:30+00:00,bench-02,2161,57.1,1,auto,-61.3,4059899,35,65,2026-09-10-s1
2026-09-10 11:07:40+00:00,bench-02,2160,57.4,1,auto,-61.5,4069894,35,65,2026-09-10-s1
2026-09-10 11:07:50+00:00,bench-02,2126,57.5,1,auto,-60.1,4079893,35,65,2026-09-10-s1
2026-09-10 11:08:00+00:00,bench-02,2152,57.5,1,auto,-60.9,4089896,35,65,2026-09-10-s1
2026-09-10 11:08:10+00:00,bench-02,2177,57.0,1,auto,-63.4,4099896,35,65,2026-09-10-s1
2026-09-10 11:08:20+00:00,bench-02,2140,57.8,1,auto,-64.2,4109895,35,65,2026-09-10-s1
2026-09-10 11:08:30+00:00,bench-02,2169,56.6,1,auto,-63.3,4119893,35,65,2026-09-10-s1
2026-09-10 11:08:40+00:00,bench-02,2123,57.3,1,auto,-63.9,4129896,35,65,2026-09-10-s1
2026-09-10 11:08:50+00:00,bench-02,2165,57.4,1,auto,-64.6,4139891,35,65,2026-09-10-s1
2026-09-10 11:09:00+00:00,bench-02,2153,57.4,1,auto,-64.2,4149887,35,65,2026-09-10-s1
2026-09-10 11:09:10+00:00,bench-02,2135,57.4,1,auto,-64.1,4159889,35,65,2026-09-10-s1
2026-09-10 11:09:20+00:00,bench-02,2175,56.9,1,auto,-63.7,4169893,35,65,2026-09-10-s1
2026-09-10 11:09:30+00:00,bench-02,2195,56.8,1,auto,-61.1,4179892,35,65,2026-09-10-s1
2026-09-10 11:09:40+00:00,bench-02,2151,57.1,1,auto,-62.1,4189895,35,65,2026-09-10-s1
2026-09-10 11:09:50+00:00,bench-02,2167,57.7,1,auto,-61.6,4199890,35,65,2026-09-10-s1
2026-09-10 11:10:00+00:00,bench-02,2139,58.0,1,auto,-61.5,4209886,35,65,2026-09-10-s1
2026-09-10 11:10:10+00:00,bench-02,2154,57.4,1,auto,-62.8,4219889,35,65,2026-09-10-s1
2026-09-10 11:10:20+00:00,bench-02,2153,57.6,1,auto,-62.7,4229887,35,65,2026-09-10-s1
2026-09-10 11:10:30+00:00,bench-02,2153,57.6,1,auto,-63.1,4239890,35,65,2026-09-10-s1
2026-09-10 11:10:40+00:00,bench-02,2170,57.2,1,auto,-64.1,4249892,35,65,2026-09-10-s1
2026-09-10 11:10:50+00:00,bench-02,2179,56.8,1,auto,-64.8,4259887,35,65,2026-09-10-s1
2026-09-10 11:11:00+00:00,bench-02,2167,57.0,1,auto,-66.4,4269887,35,65,2026-09-10-s1
2026-09-10 11:11:10+00:00,bench-02,2162,56.8,1,auto,-66.1,4279884,35,65,2026-09-10-s1
2026-09-10 11:11:20+00:00,bench-02,2175,57.2,1,auto,-64.9,4289882,35,65,2026-09-10-s1
2026-09-10 11:11:30+00:00,bench-02,2153,57.0,1,auto,-63.0,4299877,35,65,2026-09-10-s1
2026-09-10 11:11:40+00:00,bench-02,2150,57.5,1,auto,-64.2,4309878,35,65,2026-09-10-s1
2026-09-10 11:11:50+00:00,bench-02,2162,56.8,1,auto,-62.5,4319878,35,65,2026-09-10-s1
2026-09-10 11:12:00+00:00,bench-02,2177,57.3,1,auto,-63.8,4329881,35,65,2026-09-10-s1
2026-09-10 11:12:10+00:00,bench-02,2160,56.3,1,auto,-65.6,4339880,35,65,2026-09-10-s1
2026-09-10 11:12:20+00:00,bench-02,2176,56.6,1,auto,-67.3,4349881,35,65,2026-09-10-s1
2026-09-10 11:12:30+00:00,bench-02,2162,57.2,1,auto,-66.9,4359885,35,65,2026-09-10-s1
2026-09-10 11:12:40+00:00,bench-02,2190,57.0,1,auto,-66.6,4369885,35,65,2026-09-10-s1
2026-09-10 11:12:50+00:00,bench-02,2153,57.6,1,auto,-66.1,4379880,35,65,2026-09-10-s1
2026-09-10 11:13:00+00:00,bench-02,2174,57.0,1,auto,-66.4,4389883,35,65,2026-09-10-s1
2026-09-10 11:13:10+00:00,bench-02,2170,57.1,1,auto,-67.9,4399878,35,65,2026-09-10-s1
2026-09-10 11:13:20+00:00,bench-02,2187,56.1,1,auto,-67.1,4409875,35,65,2026-09-10-s1
2026-09-10 11:13:30+00:00,bench-02,2165,56.5,1,auto,-68.5,4419879,35,65,2026-09-10-s1
2026-09-10 11:13:40+00:00,bench-02,2161,57.0,1,auto,-67.8,4429877,35,65,2026-09-10-s1
2026-09-10 11:13:50+00:00,bench-02,2168,56.7,1,auto,-68.9,4439873,35,65,2026-09-10-s1
2026-09-10 11:14:00+00:00,bench-02,2157,56.7,1,auto,-68.4,4449871,35,65,2026-09-10-s1
2026-09-10 11:14:10+00:00,bench-02,2179,57.3,1,auto,-69.4,4459868,35,65,2026-09-10-s1
2026-09-10 11:14:20+00:00,bench-02,2188,56.7,1,auto,-68.2,4469865,35,65,2026-09-10-s1
2026-09-10 11:14:30+00:00,bench-02,2156,56.7,1,auto,-67.3,4479865,35,65,2026-09-10-s1
2026-09-10 11:14:40+00:00,bench-02,2180,56.2,1,auto,-66.8,4489865,35,65,2026-09-10-s1
2026-09-10 11:14:50+00:00,bench-02,2152,57.0,1,auto,-68.6,4499869,35,65,2026-09-10-s1
2026-09-10 11:15:00+00:00,bench-02,2164,57.3,1,auto,-68.2,4509867,35,65,2026-09-10-s1
2026-09-10 11:15:10+00:00,bench-02,2169,56.5,1,auto,-69.3,4519868,35,65,2026-09-10-s1
2026-09-10 11:15:20+00:00,bench-02,2175,57.6,1,auto,-67.7,4529863,35,65,2026-09-10-s1
2026-09-10 11:15:30+00:00,bench-02,2212,56.2,1,auto,-67.4,4539860,35,65,2026-09-10-s1
2026-09-10 11:15:40+00:00,bench-02,4095,-20.0,1,auto,-67.5,4549860,35,65,2026-09-10-s1
2026-09-10 11:15:50+00:00,bench-02,2163,56.5,1,auto,-67.7,4559862,35,65,2026-09-10-s1
2026-09-10 11:16:00+00:00,bench-02,2161,57.2,1,auto,-66.8,4569857,35,65,2026-09-10-s1
2026-09-10 11:16:10+00:00,bench-02,2190,56.4,1,auto,-66.2,4579858,35,65,2026-09-10-s1
2026-09-10 11:16:20+00:00,bench-02,2170,56.7,1,auto,-65.2,4589857,35,65,2026-09-10-s1
2026-09-10 11:16:30+00:00,bench-02,2169,56.6,1,auto,-64.2,4599853,35,65,2026-09-10-s1
2026-09-10 11:16:40+00:00,bench-02,2167,56.9,1,auto,-62.8,4609849,35,65,2026-09-10-s1
2026-09-10 11:16:50+00:00,bench-02,2188,56.2,1,auto,-63.2,4619844,35,65,2026-09-10-s1
2026-09-10 11:17:00+00:00,bench-02,2157,57.3,1,auto,-65.0,4629841,35,65,2026-09-10-s1
2026-09-10 11:17:10+00:00,bench-02,2170,56.7,1,auto,-66.0,4639840,35,65,2026-09-10-s1
2026-09-10 11:17:20+00:00,bench-02,2153,57.6,1,auto,-64.7,4649842,35,65,2026-09-10-s1
2026-09-10 11:17:30+00:00,bench-02,2143,57.6,1,auto,-65.4,4659844,35,65,2026-09-10-s1
2026-09-10 11:17:40+00:00,bench-02,2176,57.1,1,auto,-65.0,4669840,35,65,2026-09-10-s1
2026-09-10 11:17:50+00:00,bench-02,2165,57.1,1,auto,-64.1,4679839,35,65,2026-09-10-s1
2026-09-10 11:18:00+00:00,bench-02,2164,57.7,1,auto,-66.1,4689836,35,65,2026-09-10-s1
2026-09-10 11:18:10+00:00,bench-02,2175,57.1,1,auto,-67.1,4699833,35,65,2026-09-10-s1
2026-09-10 11:18:20+00:00,bench-02,2164,57.7,1,auto,-66.1,4709835,35,65,2026-09-10-s1
2026-09-10 11:18:30+00:00,bench-02,2158,56.7,1,auto,-64.5,4719834,35,65,2026-09-10-s1
2026-09-10 11:18:40+00:00,bench-02,2175,56.8,1,auto,-64.0,4729832,35,65,2026-09-10-s1
2026-09-10 11:18:50+00:00,bench-02,2170,57.0,1,auto,-65.9,4739828,35,65,2026-09-10-s1
2026-09-10 11:19:00+00:00,bench-02,2185,57.1,1,auto,-66.0,4749832,35,65,2026-09-10-s1
2026-09-10 11:19:10+00:00,bench-02,2194,57.0,1,auto,-66.0,4759834,35,65,2026-09-10-s1
2026-09-10 11:19:20+00:00,bench-02,2154,56.7,1,auto,-65.3,4769837,35,65,2026-09-10-s1
2026-09-10 11:19:30+00:00,bench-02,2176,56.7,1,auto,-65.9,4779839,35,65,2026-09-10-s1
2026-09-10 11:19:40+00:00,bench-02,2159,57.1,1,auto,-66.4,4789840,35,65,2026-09-10-s1
2026-09-10 11:19:50+00:00,bench-02,2161,56.8,1,auto,-66.9,4799844,35,65,2026-09-10-s1
2026-09-10 11:20:00+00:00,bench-02,2164,56.8,1,auto,-67.6,4809840,35,65,2026-09-10-s1
2026-09-10 11:20:10+00:00,bench-02,2170,56.9,1,auto,-68.3,4819836,35,65,2026-09-10-s1
2026-09-10 11:20:20+00:00,bench-02,2157,56.6,1,auto,-69.5,4829840,35,65,2026-09-10-s1
2026-09-10 11:20:30+00:00,bench-02,2174,56.7,1,auto,-68.7,4839841,35,65,2026-09-10-s1
2026-09-10 11:20:40+00:00,bench-02,2152,57.5,1,auto,-69.1,4849840,35,65,2026-09-10-s1
2026-09-10 11:20:50+00:00,bench-02,2184,56.7,1,auto,-69.2,4859844,35,65,2026-09-10-s1
2026-09-10 11:21:00+00:00,bench-02,2165,57.2,1,auto,-67.7,4869840,35,65,2026-09-10-s1
2026-09-10 11:21:10+00:00,bench-02,2166,57.1,1,auto,-67.8,4879840,35,65,2026-09-10-s1
2026-09-10 11:21:20+00:00,bench-02,2166,57.4,1,auto,-67.3,4889838,35,65,2026-09-10-s1
2026-09-10 11:21:30+00:00,bench-02,2191,56.3,0,manual,-66.3,4899840,35,65,2026-09-10-s1
2026-09-10 11:21:40+00:00,bench-02,2187,56.0,0,manual,-66.5,4909838,35,65,2026-09-10-s1
2026-09-10 11:21:50+00:00,bench-02,2206,55.4,0,manual,-65.1,4919839,35,65,2026-09-10-s1
2026-09-10 11:22:00+00:00,bench-02,2220,54.6,0,manual,-64.6,4929837,35,65,2026-09-10-s1
2026-09-10 11:22:10+00:00,bench-02,2228,54.3,0,manual,-64.1,4939834,35,65,2026-09-10-s1
2026-09-10 11:22:20+00:00,bench-02,2228,53.9,1,manual,-63.3,4949836,35,65,2026-09-10-s1
2026-09-10 11:22:30+00:00,bench-02,4095,-20.0,1,manual,-62.7,4959835,35,65,2026-09-10-s1
2026-09-10 11:22:40+00:00,bench-02,2243,54.1,0,manual,-64.3,4969834,35,65,2026-09-10-s1
2026-09-10 11:22:50+00:00,bench-02,2222,53.3,0,manual,-65.0,4979829,35,65,2026-09-10-s1
2026-09-10 11:23:00+00:00,bench-02,2280,52.5,0,manual,-65.8,4989827,35,65,2026-09-10-s1
2026-09-10 11:23:10+00:00,bench-02,2236,52.1,0,manual,-66.5,4999830,35,65,2026-09-10-s1
2026-09-10 11:23:20+00:00,bench-02,2275,51.9,0,manual,-66.6,5009826,35,65,2026-09-10-s1
2026-09-10 11:23:30+00:00,bench-02,2292,50.8,0,manual,-67.5,5019822,35,65,2026-09-10-s1
2026-09-10 11:23:40+00:00,bench-02,2296,50.3,1,manual,-69.0,5029824,35,65,2026-09-10-s1
2026-09-10 11:23:50+00:00,bench-02,2291,51.1,1,manual,-67.2,5039826,35,65,2026-09-10-s1
2026-09-10 11:24:00+00:00,bench-02,2293,50.5,1,manual,-65.8,5049827,35,65,2026-09-10-s1
2026-09-10 11:24:10+00:00,bench-02,2296,50.3,1,manual,-68.0,5059830,35,65,2026-09-10-s1
2026-09-10 11:24:20+00:00,bench-02,2286,51.1,1,manual,-70.0,5069826,35,65,2026-09-10-s1
2026-09-10 11:24:30+00:00,bench-02,2259,51.5,1,manual,-68.7,5079827,35,65,2026-09-10-s1
2026-09-10 11:24:40+00:00,bench-02,2267,51.8,1,manual,-69.3,5089825,35,65,2026-09-10-s1
2026-09-10 11:24:50+00:00,bench-02,2276,51.6,1,manual,-70.4,5099821,35,65,2026-09-10-s1
2026-09-10 11:25:00+00:00,bench-02,2292,51.2,1,manual,-68.9,5109820,35,65,2026-09-10-s1
2026-09-10 11:25:10+00:00,bench-02,2254,51.3,1,manual,-67.8,5119819,35,65,2026-09-10-s1
2026-09-10 11:25:20+00:00,bench-02,2273,51.6,1,auto,-67.6,5129817,35,65,2026-09-10-s1
2026-09-10 11:25:30+00:00,bench-02,2269,51.3,1,auto,-64.1,5139818,35,65,2026-09-10-s1
2026-09-10 11:25:40+00:00,bench-02,2276,51.2,1,auto,-63.7,5149818,35,65,2026-09-10-s1
2026-09-10 11:25:50+00:00,bench-02,2275,51.5,1,auto,-63.0,5159816,35,65,2026-09-10-s1
2026-09-10 11:26:00+00:00,bench-02,2284,51.7,1,auto,-65.1,5169819,35,65,2026-09-10-s1
2026-09-10 11:26:10+00:00,bench-02,2250,52.6,1,auto,-66.1,5179815,35,65,2026-09-10-s1
2026-09-10 11:26:20+00:00,bench-02,2249,52.9,1,auto,-64.1,5189816,35,65,2026-09-10-s1
2026-09-10 11:26:30+00:00,bench-02,2261,52.0,1,auto,-64.5,5199815,35,65,2026-09-10-s1
2026-09-10 11:26:40+00:00,bench-02,2278,52.4,1,auto,-64.8,5209814,35,65,2026-09-10-s1
2026-09-10 11:26:50+00:00,bench-02,2273,52.0,1,auto,-64.8,5219810,35,65,2026-09-10-s1
2026-09-10 11:27:00+00:00,bench-02,2281,51.7,1,auto,-65.6,5229810,35,65,2026-09-10-s1
2026-09-10 11:27:10+00:00,bench-02,2261,52.3,1,auto,-67.1,5239809,35,65,2026-09-10-s1
2026-09-10 11:27:20+00:00,bench-02,2261,53.2,1,auto,-68.8,5249812,35,65,2026-09-10-s1
2026-09-10 11:27:30+00:00,bench-02,2235,52.0,1,auto,-71.6,5259814,35,65,2026-09-10-s1
2026-09-10 11:27:40+00:00,bench-02,2260,52.0,1,auto,-71.4,5269814,35,65,2026-09-10-s1
2026-09-10 11:27:50+00:00,bench-02,2241,53.2,1,auto,-72.1,5279810,35,65,2026-09-10-s1
2026-09-10 11:28:00+00:00,bench-02,2239,52.9,1,auto,-72.7,5289814,35,65,2026-09-10-s1
2026-09-10 11:28:10+00:00,bench-02,2220,53.8,1,auto,-71.5,5299813,35,65,2026-09-10-s1
2026-09-10 11:28:20+00:00,bench-02,2244,53.1,1,auto,-70.5,5309816,35,65,2026-09-10-s1
2026-09-10 11:28:30+00:00,bench-02,2235,53.3,1,auto,-70.7,5319814,35,65,2026-09-10-s1
2026-09-10 11:28:40+00:00,bench-02,2235,53.4,1,auto,-70.8,5329814,35,65,2026-09-10-s1
2026-09-10 11:28:50+00:00,bench-02,2243,52.9,1,auto,-70.7,5339809,35,65,2026-09-10-s1
2026-09-10 11:29:00+00:00,bench-02,2249,53.1,1,auto,-71.4,5349807,35,65,2026-09-10-s1
2026-09-10 11:29:10+00:00,bench-02,2240,52.5,1,auto,-71.4,5359804,35,65,2026-09-10-s1
2026-09-10 11:29:20+00:00,bench-02,2234,53.2,1,auto,-71.0,5369801,35,65,2026-09-10-s1
2026-09-10 11:29:30+00:00,bench-02,2238,53.7,1,auto,-70.7,5379799,35,65,2026-09-10-s1
2026-09-10 11:29:40+00:00,bench-02,2231,53.4,1,auto,-70.2,5389797,35,65,2026-09-10-s1
2026-09-10 11:29:50+00:00,bench-02,2257,53.6,1,auto,-72.9,5399801,35,65,2026-09-10-s1
2026-09-10 11:30:00+00:00,bench-02,2229,53.5,1,auto,-74.2,5409797,35,65,2026-09-10-s1
2026-09-10 11:30:10+00:00,bench-02,2251,52.6,1,auto,-73.2,5419800,35,65,2026-09-10-s1
2026-09-10 11:30:20+00:00,bench-02,2246,53.7,1,auto,-72.8,5429800,35,65,2026-09-10-s1
2026-09-10 11:30:30+00:00,bench-02,2205,53.4,1,auto,-72.4,5439797,35,65,2026-09-10-s1
2026-09-10 11:30:40+00:00,bench-02,2238,53.7,1,auto,-71.4,5449800,35,65,2026-09-10-s1
2026-09-10 11:30:50+00:00,bench-02,2221,53.3,1,auto,-71.2,5459803,35,65,2026-09-10-s1
2026-09-10 11:31:00+00:00,bench-02,2231,53.1,1,auto,-70.3,5469800,35,65,2026-09-10-s1
2026-09-10 11:31:10+00:00,bench-02,2245,53.8,1,auto,-70.7,5479801,35,65,2026-09-10-s1
2026-09-10 11:31:20+00:00,bench-02,2225,54.3,1,auto,-70.8,5489797,35,65,2026-09-10-s1
2026-09-10 11:31:30+00:00,bench-02,2223,52.9,1,auto,-68.9,5499796,35,65,2026-09-10-s1
2026-09-10 11:31:40+00:00,bench-02,2241,54.5,1,auto,-67.9,5509796,35,65,2026-09-10-s1
2026-09-10 11:31:50+00:00,bench-02,2244,53.6,1,auto,-66.5,5519795,35,65,2026-09-10-s1
2026-09-10 11:32:00+00:00,bench-02,2236,54.1,1,auto,-66.1,5529792,35,65,2026-09-10-s1
2026-09-10 11:32:10+00:00,bench-02,2234,53.6,1,auto,-67.1,5539788,35,65,2026-09-10-s1
2026-09-10 11:32:20+00:00,bench-02,2233,53.9,1,auto,-66.3,5549786,35,65,2026-09-10-s1
2026-09-10 11:32:30+00:00,bench-02,2220,54.4,1,auto,-65.9,5559782,35,65,2026-09-10-s1
2026-09-10 11:32:40+00:00,bench-02,2224,53.4,1,auto,-65.0,5569782,35,65,2026-09-10-s1
2026-09-10 11:32:50+00:00,bench-02,2218,53.6,1,auto,-65.1,5579782,35,65,2026-09-10-s1
2026-09-10 11:33:00+00:00,bench-02,2222,53.7,1,auto,-62.4,5589782,35,65,2026-09-10-s1
2026-09-10 11:33:10+00:00,bench-02,2234,54.1,1,auto,-62.8,5599781,35,65,2026-09-10-s1
2026-09-10 11:33:20+00:00,bench-02,2236,53.9,1,auto,-62.3,5609776,35,65,2026-09-10-s1
2026-09-10 11:33:30+00:00,bench-02,2215,54.0,1,auto,-61.8,5619780,35,65,2026-09-10-s1
2026-09-10 11:33:40+00:00,bench-02,2215,54.6,1,auto,-63.1,5629784,35,65,2026-09-10-s1
2026-09-10 11:33:50+00:00,bench-02,2220,54.1,1,auto,-61.4,5639788,35,65,2026-09-10-s1
2026-09-10 11:34:00+00:00,bench-02,2213,54.3,1,auto,-61.5,5649789,35,65,2026-09-10-s1
2026-09-10 11:34:10+00:00,bench-02,2212,54.6,1,auto,-61.3,5659785,35,65,2026-09-10-s1
2026-09-10 11:34:20+00:00,bench-02,2229,54.6,1,auto,-61.1,5669783,35,65,2026-09-10-s1
2026-09-10 11:34:30+00:00,bench-02,2235,54.3,1,auto,-60.5,5679778,35,65,2026-09-10-s1
2026-09-10 11:34:40+00:00,bench-02,2195,54.9,1,auto,-60.8,5689778,35,65,2026-09-10-s1
2026-09-10 11:34:50+00:00,bench-02,2187,54.9,1,auto,-60.9,5699780,35,65,2026-09-10-s1
2026-09-10 11:35:00+00:00,bench-02,2215,54.4,1,auto,-61.6,5709776,35,65,2026-09-10-s1
2026-09-10 11:35:10+00:00,bench-02,2231,54.5,1,auto,-61.9,5719777,35,65,2026-09-10-s1
2026-09-10 11:35:20+00:00,bench-02,2218,54.8,1,auto,-62.0,5729778,35,65,2026-09-10-s1
2026-09-10 11:35:30+00:00,bench-02,2238,54.2,1,auto,-61.7,5739774,35,65,2026-09-10-s1
2026-09-10 11:35:40+00:00,bench-02,2243,54.1,1,auto,-62.4,5749778,35,65,2026-09-10-s1
2026-09-10 11:35:50+00:00,bench-02,2223,54.4,1,auto,-63.1,5759781,35,65,2026-09-10-s1
2026-09-10 11:36:00+00:00,bench-02,2206,55.0,1,auto,-64.3,5769785,35,65,2026-09-10-s1
2026-09-10 11:36:10+00:00,bench-02,2218,54.6,1,auto,-64.0,5779780,35,65,2026-09-10-s1
2026-09-10 11:36:20+00:00,bench-02,2204,54.6,1,auto,-62.5,5789782,35,65,2026-09-10-s1
2026-09-10 11:36:30+00:00,bench-02,2204,54.5,1,auto,-60.6,5799785,35,65,2026-09-10-s1
2026-09-10 11:36:40+00:00,bench-02,2192,55.2,1,auto,-62.6,5809788,35,65,2026-09-10-s1
2026-09-10 11:36:50+00:00,bench-02,2218,54.2,1,auto,-61.5,5819786,35,65,2026-09-10-s1
2026-09-10 11:37:00+00:00,bench-02,2209,54.7,1,auto,-62.0,5829782,35,65,2026-09-10-s1
2026-09-10 11:37:10+00:00,bench-02,2213,54.5,1,auto,-63.0,5839785,35,65,2026-09-10-s1
2026-09-10 11:37:20+00:00,bench-02,2187,55.3,1,auto,-61.8,5849784,35,65,2026-09-10-s1
2026-09-10 11:37:30+00:00,bench-02,2205,54.8,1,auto,-60.7,5859788,35,65,2026-09-10-s1
2026-09-10 11:37:40+00:00,bench-02,2226,54.3,1,auto,-59.5,5869784,35,65,2026-09-10-s1
2026-09-10 11:37:50+00:00,bench-02,2182,55.1,1,auto,-59.0,5879782,35,65,2026-09-10-s1
2026-09-10 11:38:00+00:00,bench-02,2216,54.6,1,auto,-60.2,5889786,35,65,2026-09-10-s1
2026-09-10 11:38:10+00:00,bench-02,2201,54.6,1,auto,-60.6,5899782,35,65,2026-09-10-s1
2026-09-10 11:38:20+00:00,bench-02,2199,55.0,1,auto,-61.2,5909780,35,65,2026-09-10-s1
2026-09-10 11:38:30+00:00,bench-02,2198,54.6,1,auto,-59.2,5919777,35,65,2026-09-10-s1
2026-09-10 11:38:40+00:00,bench-02,2211,54.5,1,auto,-60.4,5929776,35,65,2026-09-10-s1
2026-09-10 11:38:50+00:00,bench-02,2199,54.7,1,auto,-59.2,5939778,35,65,2026-09-10-s1
2026-09-10 11:39:00+00:00,bench-02,2219,54.4,1,auto,-57.5,5949775,35,65,2026-09-10-s1
2026-09-10 11:39:10+00:00,bench-02,2237,53.9,1,auto,-56.8,5959774,35,65,2026-09-10-s1
2026-09-10 11:39:20+00:00,bench-02,2210,54.6,1,auto,-56.3,5969778,35,65,2026-09-10-s1
2026-09-10 11:39:30+00:00,bench-02,2228,54.6,1,auto,-55.7,5979782,35,65,2026-09-10-s1
2026-09-10 11:39:40+00:00,bench-02,2195,54.9,1,auto,-57.0,5989782,35,65,2026-09-10-s1
2026-09-10 11:39:50+00:00,bench-02,2204,55.3,1,auto,-57.0,5999777,35,65,2026-09-10-s1
2026-09-10 11:40:00+00:00,bench-02,2201,55.0,1,auto,-57.2,6009779,35,65,2026-09-10-s1
2026-09-10 11:40:10+00:00,bench-02,2203,54.5,1,auto,-56.1,6019777,35,65,2026-09-10-s1
2026-09-10 11:40:20+00:00,bench-02,2208,54.8,1,auto,-55.5,6029781,35,65,2026-09-10-s1
2026-09-10 11:40:30+00:00,bench-02,2192,54.6,1,auto,-56.2,6039777,35,65,2026-09-10-s1
2026-09-10 11:40:40+00:00,bench-02,2181,55.4,1,auto,-57.0,6049780,35,65,2026-09-10-s1
2026-09-10 11:40:50+00:00,bench-02,2198,54.7,1,auto,-57.6,6059777,35,65,2026-09-10-s1
2026-09-10 11:41:00+00:00,bench-02,2210,54.8,1,auto,-57.5,6069777,35,65,2026-09-10-s1
2026-09-10 11:41:10+00:00,bench-02,2205,54.8,1,auto,-58.8,6079779,35,65,2026-09-10-s1
2026-09-10 11:41:20+00:00,bench-02,2221,55.0,1,auto,-57.6,6089782,35,65,2026-09-10-s1
2026-09-10 11:41:30+00:00,bench-02,2192,55.1,1,auto,-56.6,6099785,35,65,2026-09-10-s1
2026-09-10 11:41:40+00:00,bench-02,2216,54.6,1,auto,-57.0,6109783,35,65,2026-09-10-s1
2026-09-10 11:41:50+00:00,bench-02,2179,56.3,1,auto,-57.8,6119780,35,65,2026-09-10-s1
2026-09-10 11:42:00+00:00,bench-02,2205,55.4,1,auto,-58.8,6129781,35,65,2026-09-10-s1
2026-09-10 11:42:10+00:00,bench-02,2203,55.1,1,auto,-58.3,6139779,35,65,2026-09-10-s1
2026-09-10 11:42:20+00:00,bench-02,2198,55.0,1,auto,-58.3,6149783,35,65,2026-09-10-s1
2026-09-10 11:42:30+00:00,bench-02,2220,54.7,1,auto,-58.4,6159778,35,65,2026-09-10-s1
2026-09-10 11:42:40+00:00,bench-02,2210,55.4,1,auto,-61.1,6169781,35,65,2026-09-10-s1
2026-09-10 11:42:50+00:00,bench-02,2193,55.0,1,auto,-61.3,6179779,35,65,2026-09-10-s1
2026-09-10 11:43:00+00:00,bench-02,2192,55.3,1,auto,-61.8,6189775,35,65,2026-09-10-s1
2026-09-10 11:43:10+00:00,bench-02,2161,55.5,1,auto,-60.6,6199772,35,65,2026-09-10-s1
2026-09-10 11:43:20+00:00,bench-02,2206,55.4,1,auto,-61.3,6209768,35,65,2026-09-10-s1
2026-09-10 11:43:30+00:00,bench-02,2184,55.3,1,auto,-60.0,6219772,35,65,2026-09-10-s1
2026-09-10 11:43:40+00:00,bench-02,2182,55.7,1,auto,-60.0,6229770,35,65,2026-09-10-s1
2026-09-10 11:43:50+00:00,bench-02,2197,55.6,1,auto,-57.8,6239766,35,65,2026-09-10-s1
2026-09-10 11:44:00+00:00,bench-02,2178,56.3,1,auto,-57.8,6249770,35,65,2026-09-10-s1
2026-09-10 11:44:10+00:00,bench-02,2185,55.4,1,auto,-58.0,6259774,35,65,2026-09-10-s1
2026-09-10 11:44:20+00:00,bench-02,2191,55.8,1,auto,-57.0,6269776,35,65,2026-09-10-s1
2026-09-10 11:44:30+00:00,bench-02,2181,56.3,1,auto,-57.9,6279773,35,65,2026-09-10-s1
2026-09-10 11:44:40+00:00,bench-02,2149,56.1,1,auto,-56.5,6289770,35,65,2026-09-10-s1
2026-09-10 11:44:50+00:00,bench-02,2211,56.2,1,auto,-56.5,6299774,35,65,2026-09-10-s1
2026-09-10 11:45:00+00:00,bench-02,2215,55.5,1,auto,-55.1,6309777,35,65,2026-09-10-s1
2026-09-10 11:45:10+00:00,bench-02,2171,56.0,1,auto,-53.2,6319774,35,65,2026-09-10-s1
2026-09-10 11:45:20+00:00,bench-02,2179,55.7,1,auto,-54.3,6329771,35,65,2026-09-10-s1
2026-09-10 11:45:30+00:00,bench-02,2181,56.4,1,auto,-52.4,6339774,35,65,2026-09-10-s1
2026-09-10 11:45:40+00:00,bench-02,2205,55.2,1,auto,-51.8,6349770,35,65,2026-09-10-s1
2026-09-10 11:45:50+00:00,bench-02,2185,55.7,1,auto,-52.2,6359772,35,65,2026-09-10-s1
2026-09-10 11:46:00+00:00,bench-02,2189,56.3,1,auto,-50.7,6369768,35,65,2026-09-10-s1
2026-09-10 11:46:10+00:00,bench-02,2206,55.5,1,auto,-51.2,6379766,35,65,2026-09-10-s1
2026-09-10 11:46:20+00:00,bench-02,2187,56.0,1,auto,-51.0,6389763,35,65,2026-09-10-s1
2026-09-10 11:46:30+00:00,bench-02,2184,56.5,1,auto,-49.8,6399759,35,65,2026-09-10-s1
2026-09-10 11:46:40+00:00,bench-02,2192,55.8,1,auto,-49.7,6409757,35,65,2026-09-10-s1
2026-09-10 11:46:50+00:00,bench-02,2181,55.6,1,auto,-50.9,6419755,35,65,2026-09-10-s1
2026-09-10 11:47:00+00:00,bench-02,2190,55.8,1,auto,-52.5,6429758,35,65,2026-09-10-s1
2026-09-10 11:47:10+00:00,bench-02,2192,56.2,1,auto,-51.4,6439753,35,65,2026-09-10-s1
2026-09-10 11:47:20+00:00,bench-02,2182,55.6,1,auto,-51.5,6449755,35,65,2026-09-10-s1
2026-09-10 11:47:30+00:00,bench-02,2171,56.3,1,auto,-51.6,6459753,35,65,2026-09-10-s1
2026-09-10 11:47:40+00:00,bench-02,2177,56.3,1,auto,-51.8,6469750,35,65,2026-09-10-s1
2026-09-10 11:47:50+00:00,bench-02,2169,56.3,1,auto,-51.6,6479745,35,65,2026-09-10-s1
2026-09-10 11:48:00+00:00,bench-02,2177,56.0,1,auto,-51.6,6489748,35,65,2026-09-10-s1
2026-09-10 11:48:10+00:00,bench-02,2168,57.2,1,auto,-50.8,6499744,35,65,2026-09-10-s1
2026-09-10 11:48:20+00:00,bench-02,2148,57.2,1,auto,-51.6,6509744,35,65,2026-09-10-s1
2026-09-10 11:48:30+00:00,bench-02,2217,56.2,1,auto,-52.2,6519743,35,65,2026-09-10-s1
2026-09-10 11:48:40+00:00,bench-02,2183,56.7,1,auto,-53.3,6529746,35,65,2026-09-10-s1
2026-09-10 11:48:50+00:00,bench-02,2171,56.5,1,auto,-55.9,6539745,35,65,2026-09-10-s1
2026-09-10 11:49:00+00:00,bench-02,2170,56.8,1,auto,-55.3,6549743,35,65,2026-09-10-s1
2026-09-10 11:49:10+00:00,bench-02,2193,55.9,1,auto,-54.8,6559747,35,65,2026-09-10-s1
2026-09-10 11:49:20+00:00,bench-02,2175,56.7,1,auto,-54.3,6569745,35,65,2026-09-10-s1
2026-09-10 11:49:30+00:00,bench-02,2192,56.2,1,auto,-54.6,6579744,35,65,2026-09-10-s1
2026-09-10 11:49:40+00:00,bench-02,2213,55.3,1,auto,-53.4,6589747,35,65,2026-09-10-s1
2026-09-10 11:49:50+00:00,bench-02,2181,56.4,1,auto,-55.4,6599742,35,65,2026-09-10-s1
2026-09-10 11:50:00+00:00,bench-02,2176,56.1,1,auto,-55.5,6609744,35,65,2026-09-10-s1
2026-09-10 11:50:10+00:00,bench-02,2193,56.4,1,auto,-57.6,6619745,35,65,2026-09-10-s1
2026-09-10 11:50:20+00:00,bench-02,2179,56.6,1,auto,-57.3,6629743,35,65,2026-09-10-s1
2026-09-10 11:50:30+00:00,bench-02,2195,56.6,1,auto,-56.8,6639741,35,65,2026-09-10-s1
2026-09-10 11:50:40+00:00,bench-02,2187,56.3,1,auto,-57.0,6649736,35,65,2026-09-10-s1
2026-09-10 11:50:50+00:00,bench-02,2176,56.8,1,auto,-55.9,6659731,35,65,2026-09-10-s1
2026-09-10 11:51:00+00:00,bench-02,2175,56.0,1,auto,-55.7,6669729,35,65,2026-09-10-s1
2026-09-10 11:51:10+00:00,bench-02,2166,56.4,1,auto,-57.7,6679727,35,65,2026-09-10-s1
2026-09-10 11:51:20+00:00,bench-02,2197,55.8,1,auto,-57.4,6689722,35,65,2026-09-10-s1
2026-09-10 11:51:30+00:00,bench-02,2172,56.7,1,auto,-58.7,6699719,35,65,2026-09-10-s1
2026-09-10 11:51:40+00:00,bench-02,2153,57.2,1,auto,-60.8,6709719,35,65,2026-09-10-s1
2026-09-10 11:51:50+00:00,bench-02,2154,57.2,1,auto,-58.9,6719718,35,65,2026-09-10-s1
2026-09-10 11:52:00+00:00,bench-02,2177,56.7,1,auto,-60.0,6729715,35,65,2026-09-10-s1
2026-09-10 11:52:10+00:00,bench-02,2173,56.5,1,auto,-59.1,6739711,35,65,2026-09-10-s1
2026-09-10 11:52:20+00:00,bench-02,2173,56.8,1,auto,-58.5,6749711,35,65,2026-09-10-s1
2026-09-10 11:52:30+00:00,bench-02,2171,56.7,1,auto,-57.9,6759714,35,65,2026-09-10-s1
2026-09-10 11:52:40+00:00,bench-02,2169,56.4,1,auto,-58.1,6769710,35,65,2026-09-10-s1
2026-09-10 11:52:50+00:00,bench-02,2161,56.9,1,auto,-55.9,6779711,35,65,2026-09-10-s1
2026-09-10 11:53:00+00:00,bench-02,2184,57.4,1,auto,-56.9,6789708,35,65,2026-09-10-s1
2026-09-10 11:53:10+00:00,bench-02,2149,56.6,1,auto,-57.7,6799707,35,65,2026-09-10-s1
2026-09-10 11:53:20+00:00,bench-02,2173,56.9,1,auto,-56.5,6809708,35,65,2026-09-10-s1
2026-09-10 11:53:30+00:00,bench-02,2185,56.2,1,auto,-58.1,6819710,35,65,2026-09-10-s1
2026-09-10 11:53:40+00:00,bench-02,2162,56.8,1,auto,-58.9,6829707,35,65,2026-09-10-s1
2026-09-10 11:53:50+00:00,bench-02,2149,56.7,1,auto,-61.3,6839703,35,65,2026-09-10-s1
2026-09-10 11:54:00+00:00,bench-02,2173,56.9,1,auto,-58.5,6849707,35,65,2026-09-10-s1
2026-09-10 11:54:10+00:00,bench-02,2178,56.6,1,auto,-57.5,6859710,35,65,2026-09-10-s1
2026-09-10 11:54:20+00:00,bench-02,2174,56.7,1,auto,-54.5,6869706,35,65,2026-09-10-s1
2026-09-10 11:54:30+00:00,bench-02,2179,56.7,1,auto,-52.8,6879710,35,65,2026-09-10-s1
2026-09-10 11:54:40+00:00,bench-02,2179,56.5,1,auto,-52.5,6889713,35,65,2026-09-10-s1
2026-09-10 11:54:50+00:00,bench-02,2175,56.4,1,auto,-52.8,6899715,35,65,2026-09-10-s1
2026-09-10 11:55:00+00:00,bench-02,2170,56.9,1,auto,-53.4,6909716,35,65,2026-09-10-s1
2026-09-10 11:55:10+00:00,bench-02,2159,57.1,1,auto,-53.5,6919720,35,65,2026-09-10-s1
2026-09-10 11:55:20+00:00,bench-02,2190,56.4,1,auto,-53.8,6929716,35,65,2026-09-10-s1
2026-09-10 11:55:30+00:00,bench-02,2145,56.8,1,auto,-55.9,6939711,35,65,2026-09-10-s1
2026-09-10 11:55:40+00:00,bench-02,2148,57.2,1,auto,-58.0,6949714,35,65,2026-09-10-s1
2026-09-10 11:55:50+00:00,bench-02,2141,57.7,1,auto,-57.9,6959709,35,65,2026-09-10-s1
2026-09-10 11:56:00+00:00,bench-02,2150,57.3,1,auto,-57.8,6969707,35,65,2026-09-10-s1
2026-09-10 11:56:10+00:00,bench-02,2162,56.8,1,auto,-55.5,6979711,35,65,2026-09-10-s1
2026-09-10 11:56:20+00:00,bench-02,2165,57.2,1,auto,-54.2,6989707,35,65,2026-09-10-s1
2026-09-10 11:56:30+00:00,bench-02,2162,56.1,1,auto,-53.5,6999707,35,65,2026-09-10-s1
2026-09-10 11:56:40+00:00,bench-02,2185,57.0,1,auto,-52.8,7009706,35,65,2026-09-10-s1
2026-09-10 11:56:50+00:00,bench-02,2161,57.0,1,auto,-54.2,7019704,35,65,2026-09-10-s1
2026-09-10 11:57:00+00:00,bench-02,2173,56.7,1,auto,-52.9,7029702,35,65,2026-09-10-s1
2026-09-10 11:57:10+00:00,bench-02,2176,56.4,1,auto,-52.2,7039706,35,65,2026-09-10-s1
2026-09-10 11:57:20+00:00,bench-02,2171,56.9,1,auto,-52.4,7049707,35,65,2026-09-10-s1
2026-09-10 11:57:30+00:00,bench-02,2158,56.8,1,auto,-50.9,7059708,35,65,2026-09-10-s1
2026-09-10 11:57:40+00:00,bench-02,2171,57.3,1,auto,-51.2,7069703,35,65,2026-09-10-s1
2026-09-10 11:57:50+00:00,bench-02,2181,57.1,1,auto,-51.3,7079700,35,65,2026-09-10-s1
2026-09-10 11:58:00+00:00,bench-02,2150,57.5,1,auto,-50.5,7089702,35,65,2026-09-10-s1
2026-09-10 11:58:20+00:00,bench-02,2171,57.3,1,auto,-49.7,7109706,35,65,2026-09-10-s1
2026-09-10 11:58:30+00:00,bench-02,2177,56.9,1,auto,-52.4,7119705,35,65,2026-09-10-s1
2026-09-10 11:58:40+00:00,bench-02,2158,57.1,1,auto,-53.8,7129703,35,65,2026-09-10-s1
2026-09-10 11:59:00+00:00,bench-02,2155,56.9,1,auto,-56.3,7149706,35,65,2026-09-10-s1
2026-09-10 11:59:10+00:00,bench-02,2157,57.6,1,auto,-56.7,7159709,35,65,2026-09-10-s1
2026-09-10 11:59:20+00:00,bench-02,2164,57.4,1,auto,-55.9,7169712,35,65,2026-09-10-s1
2026-09-10 11:59:30+00:00,bench-02,2155,57.6,1,auto,-56.7,7179715,35,65,2026-09-10-s1
2026-09-10 11:59:40+00:00,bench-02,2179,56.6,1,auto,-58.2,7189715,35,65,2026-09-10-s1
2026-09-10 11:59:50+00:00,bench-02,2171,56.9,1,auto,-57.4,7199710,35,65,2026-09-10-s1
2026-09-10 12:00:00+00:00,bench-02,2175,57.1,1,auto,-57.9,7209709,35,65,2026-09-10-s1
2026-09-10 12:00:10+00:00,bench-02,2182,57.0,1,auto,-59.3,7219708,35,65,2026-09-10-s1
2026-09-10 12:00:20+00:00,bench-02,2170,56.9,1,auto,-59.3,7229709,35,65,2026-09-10-s1
2026-09-10 12:00:30+00:00,bench-02,2162,57.2,1,auto,-59.5,7239706,35,65,2026-09-10-s1
2026-09-10 12:00:40+00:00,bench-02,2181,56.9,1,auto,-60.5,7249706,35,65,2026-09-10-s1
2026-09-10 12:00:50+00:00,bench-02,2181,56.5,1,auto,-59.0,7259708,35,65,2026-09-10-s1
2026-09-10 12:01:00+00:00,bench-02,2169,57.1,1,auto,-60.1,7269706,35,65,2026-09-10-s1
2026-09-10 12:01:10+00:00,bench-02,2180,56.6,1,auto,-59.1,7279706,35,65,2026-09-10-s1
2026-09-10 12:01:20+00:00,bench-02,2169,57.0,1,auto,-58.5,7289701,35,65,2026-09-10-s1
2026-09-10 12:01:30+00:00,bench-02,2168,57.1,1,auto,-59.0,7299703,35,65,2026-09-10-s1
2026-09-10 12:01:40+00:00,bench-02,2143,57.7,1,auto,-59.1,7309702,35,65,2026-09-10-s1
2026-09-10 12:01:50+00:00,bench-02,2167,57.1,1,auto,-58.9,7319703,35,65,2026-09-10-s1
2026-09-10 12:02:00+00:00,bench-02,2160,56.8,1,auto,-58.9,7329699,35,65,2026-09-10-s1
2026-09-10 12:02:10+00:00,bench-02,2159,56.6,1,auto,-58.5,7339699,35,65,2026-09-10-s1
2026-09-10 12:02:20+00:00,bench-02,2178,56.4,1,auto,-58.7,7349699,35,65,2026-09-10-s1
2026-09-10 12:02:30+00:00,bench-02,2169,56.9,1,auto,-58.9,7359701,35,65,2026-09-10-s1
2026-09-10 12:02:40+00:00,bench-02,2184,56.5,1,auto,-59.7,7369698,35,65,2026-09-10-s1
2026-09-10 12:02:50+00:00,bench-02,2177,57.3,1,auto,-58.8,7379699,35,65,2026-09-10-s1
2026-09-10 12:03:00+00:00,bench-02,2188,56.6,1,auto,-58.1,7389697,35,65,2026-09-10-s1
2026-09-10 12:03:10+00:00,bench-02,2181,56.8,1,auto,-58.7,7399692,35,65,2026-09-10-s1
2026-09-10 12:03:20+00:00,bench-02,2145,57.0,1,auto,-60.8,7409690,35,65,2026-09-10-s1
2026-09-10 12:03:30+00:00,bench-02,2170,56.8,1,auto,-61.0,7419692,35,65,2026-09-10-s1
2026-09-10 12:03:40+00:00,bench-02,2181,56.6,1,auto,-63.3,7429696,35,65,2026-09-10-s1
2026-09-10 12:03:50+00:00,bench-02,2191,56.4,1,auto,-63.4,7439694,35,65,2026-09-10-s1
2026-09-10 12:04:00+00:00,bench-02,2166,56.7,1,auto,-63.4,7449695,35,65,2026-09-10-s1
2026-09-10 12:04:10+00:00,bench-02,2193,56.8,1,auto,-62.0,7459695,35,65,2026-09-10-s1
2026-09-10 12:04:20+00:00,bench-02,2163,57.2,1,auto,-60.6,7469690,35,65,2026-09-10-s1
2026-09-10 12:04:30+00:00,bench-02,2188,56.2,1,auto,-60.6,7479686,35,65,2026-09-10-s1
2026-09-10 12:04:40+00:00,bench-02,2185,56.4,1,auto,-61.9,7489687,35,65,2026-09-10-s1
2026-09-10 12:04:50+00:00,bench-02,2173,56.4,1,auto,-60.9,7499691,35,65,2026-09-10-s1
2026-09-10 12:05:00+00:00,bench-02,2179,56.1,1,auto,-62.0,7509695,35,65,2026-09-10-s1
2026-09-10 12:05:10+00:00,bench-02,2175,56.6,1,auto,-61.2,7519692,35,65,2026-09-10-s1
2026-09-10 12:05:20+00:00,bench-02,2165,57.1,1,auto,-60.7,7529694,35,65,2026-09-10-s1
2026-09-10 12:05:30+00:00,bench-02,2175,56.0,1,auto,-61.0,7539696,35,65,2026-09-10-s1
2026-09-10 12:05:40+00:00,bench-02,2116,58.1,1,auto,-60.9,7549692,35,65,2026-09-10-s1
2026-09-10 12:05:50+00:00,bench-02,2177,56.8,1,auto,-60.7,7559695,35,65,2026-09-10-s1
2026-09-10 12:06:00+00:00,bench-02,2158,57.1,1,auto,-60.4,7569698,35,65,2026-09-10-s1
2026-09-10 12:06:10+00:00,bench-02,2179,56.3,1,auto,-60.3,7579694,35,65,2026-09-10-s1
2026-09-10 12:06:20+00:00,bench-02,2185,56.2,1,auto,-61.0,7589693,35,65,2026-09-10-s1
2026-09-10 12:06:30+00:00,bench-02,2166,56.5,1,auto,-60.9,7599690,35,65,2026-09-10-s1
2026-09-10 12:06:40+00:00,bench-02,2184,56.5,1,auto,-60.1,7609694,35,65,2026-09-10-s1
2026-09-10 12:06:50+00:00,bench-02,2160,56.7,1,auto,-59.7,7619698,35,65,2026-09-10-s1
2026-09-10 12:07:00+00:00,bench-02,2166,56.9,1,auto,-62.0,7629694,35,65,2026-09-10-s1
2026-09-10 12:07:10+00:00,bench-02,2164,56.7,1,auto,-63.5,7639693,35,65,2026-09-10-s1
2026-09-10 12:07:20+00:00,bench-02,2161,56.9,1,auto,-61.4,7649694,35,65,2026-09-10-s1
2026-09-10 12:07:30+00:00,bench-02,2205,56.6,1,auto,-64.2,7659695,35,65,2026-09-10-s1
2026-09-10 12:07:40+00:00,bench-02,2161,56.9,1,auto,-65.4,7669691,35,65,2026-09-10-s1
2026-09-10 12:07:50+00:00,bench-02,2156,56.6,1,auto,-66.0,7679694,35,65,2026-09-10-s1
2026-09-10 12:08:00+00:00,bench-02,2185,56.1,1,auto,-64.2,7689689,35,65,2026-09-10-s1
2026-09-10 12:08:10+00:00,bench-02,2172,56.8,1,auto,-64.7,7699685,35,65,2026-09-10-s1
2026-09-10 12:08:20+00:00,bench-02,2151,57.3,1,auto,-65.5,7709681,35,65,2026-09-10-s1
2026-09-10 12:08:30+00:00,bench-02,2166,57.1,1,auto,-65.6,7719680,35,65,2026-09-10-s1
2026-09-10 12:08:40+00:00,bench-02,2168,57.0,1,auto,-64.3,7729677,35,65,2026-09-10-s1
2026-09-10 12:08:50+00:00,bench-02,2157,57.7,1,auto,-63.2,7739675,35,65,2026-09-10-s1
2026-09-10 12:09:00+00:00,bench-02,2160,57.3,1,auto,-62.3,7749676,35,65,2026-09-10-s1
2026-09-10 12:09:10+00:00,bench-02,2179,56.6,1,auto,-61.5,7759674,35,65,2026-09-10-s1
2026-09-10 12:09:20+00:00,bench-02,2181,56.3,1,auto,-61.4,7769672,35,65,2026-09-10-s1
2026-09-10 12:09:30+00:00,bench-02,2158,56.6,1,auto,-62.8,7779676,35,65,2026-09-10-s1
2026-09-10 12:09:40+00:00,bench-02,2149,56.9,1,auto,-61.8,7789676,35,65,2026-09-10-s1
2026-09-10 12:09:50+00:00,bench-02,2192,56.7,1,auto,-61.9,7799673,35,65,2026-09-10-s1
2026-09-10 12:10:00+00:00,bench-02,2168,56.6,1,auto,-64.2,7809673,35,65,2026-09-10-s1
2026-09-10 12:10:10+00:00,bench-02,2173,56.7,1,auto,-63.3,7819669,35,65,2026-09-10-s1
2026-09-10 12:10:20+00:00,bench-02,2175,56.8,1,auto,-64.5,7829670,35,65,2026-09-10-s1
2026-09-10 12:10:30+00:00,bench-02,2153,57.3,1,auto,-64.8,7839669,35,65,2026-09-10-s1
2026-09-10 12:10:40+00:00,bench-02,2163,56.9,1,auto,-68.0,7849667,35,65,2026-09-10-s1
2026-09-10 12:10:50+00:00,bench-02,2192,56.7,1,auto,-68.8,7859662,35,65,2026-09-10-s1
2026-09-10 12:11:00+00:00,bench-02,2178,56.5,1,auto,-68.2,7869665,35,65,2026-09-10-s1
2026-09-10 12:11:10+00:00,bench-02,2211,55.8,1,auto,-69.2,7879664,35,65,2026-09-10-s1
2026-09-10 12:11:20+00:00,bench-02,2171,56.5,1,auto,-69.7,7889662,35,65,2026-09-10-s1
2026-09-10 12:11:30+00:00,bench-02,2182,57.1,1,auto,-69.0,7899661,35,65,2026-09-10-s1
2026-09-10 12:11:40+00:00,bench-02,2167,57.4,1,auto,-69.5,7909657,35,65,2026-09-10-s1
2026-09-10 12:11:50+00:00,bench-02,2163,56.7,1,auto,-69.2,7919660,35,65,2026-09-10-s1
2026-09-10 12:12:00+00:00,bench-02,2165,57.1,1,auto,-70.5,7929660,35,65,2026-09-10-s1
2026-09-10 12:12:10+00:00,bench-02,2164,57.1,1,auto,-68.7,7939660,35,65,2026-09-10-s1
2026-09-10 12:12:20+00:00,bench-02,2199,56.8,1,auto,-70.2,7949659,35,65,2026-09-10-s1
2026-09-10 12:12:30+00:00,bench-02,2154,57.6,1,auto,-69.4,7959662,35,65,2026-09-10-s1
2026-09-10 12:12:40+00:00,bench-02,2166,57.2,1,auto,-67.1,7969664,35,65,2026-09-10-s1
2026-09-10 12:12:50+00:00,bench-02,2155,57.3,1,auto,-66.3,7979667,35,65,2026-09-10-s1
2026-09-10 12:13:00+00:00,bench-02,2165,57.4,1,auto,-67.9,7989662,35,65,2026-09-10-s1
2026-09-10 12:13:10+00:00,bench-02,2158,56.9,1,auto,-67.9,7999659,35,65,2026-09-10-s1
2026-09-10 12:13:20+00:00,bench-02,2168,57.9,1,auto,-66.1,8009660,35,65,2026-09-10-s1
2026-09-10 12:13:30+00:00,bench-02,2161,57.3,1,auto,-66.6,8019657,35,65,2026-09-10-s1
2026-09-10 12:13:40+00:00,bench-02,2164,57.2,1,auto,-67.1,8029658,35,65,2026-09-10-s1
2026-09-10 12:13:50+00:00,bench-02,2191,56.0,1,auto,-67.4,8039662,35,65,2026-09-10-s1
2026-09-10 12:14:00+00:00,bench-02,2188,57.0,1,auto,-67.5,8049658,35,65,2026-09-10-s1
2026-09-10 12:14:10+00:00,bench-02,2145,57.0,1,auto,-67.9,8059654,35,65,2026-09-10-s1
2026-09-10 12:14:20+00:00,bench-02,2165,57.4,1,auto,-67.6,8069658,35,65,2026-09-10-s1
2026-09-10 12:14:30+00:00,bench-02,2161,56.7,1,auto,-65.9,8079662,35,65,2026-09-10-s1
2026-09-10 12:14:40+00:00,bench-02,2175,56.8,1,auto,-66.9,8089659,35,65,2026-09-10-s1
2026-09-10 12:14:50+00:00,bench-02,2184,56.5,1,auto,-66.2,8099655,35,65,2026-09-10-s1
2026-09-10 12:15:00+00:00,bench-02,2151,57.3,1,auto,-65.5,8109657,35,65,2026-09-10-s1
2026-09-10 12:15:10+00:00,bench-02,2165,57.1,1,auto,-63.8,8119661,35,65,2026-09-10-s1
2026-09-10 12:15:20+00:00,bench-02,2164,56.7,1,auto,-64.8,8129657,35,65,2026-09-10-s1
2026-09-10 12:15:30+00:00,bench-02,2160,56.9,1,auto,-63.3,8139661,35,65,2026-09-10-s1
2026-09-10 12:15:40+00:00,bench-02,2155,57.2,1,auto,-64.4,8149660,35,65,2026-09-10-s1
2026-09-10 12:15:50+00:00,bench-02,2175,56.7,1,auto,-63.6,8159662,35,65,2026-09-10-s1
2026-09-10 12:16:00+00:00,bench-02,2163,56.9,1,auto,-63.8,8169664,35,65,2026-09-10-s1
2026-09-10 12:16:10+00:00,bench-02,2170,56.6,1,auto,-63.8,8179663,35,65,2026-09-10-s1
2026-09-10 12:16:20+00:00,bench-02,2191,56.5,1,auto,-64.2,8189666,35,65,2026-09-10-s1
2026-09-10 12:16:30+00:00,bench-02,2170,56.9,1,auto,-64.1,8199665,35,65,2026-09-10-s1
2026-09-10 12:16:40+00:00,bench-02,2196,56.9,1,auto,-66.1,8209664,35,65,2026-09-10-s1
2026-09-10 12:16:50+00:00,bench-02,2149,57.0,1,auto,-66.0,8219659,35,65,2026-09-10-s1
2026-09-10 12:17:00+00:00,bench-02,2176,56.4,1,auto,-63.6,8229659,35,65,2026-09-10-s1
2026-09-10 12:17:10+00:00,bench-02,2151,57.3,1,auto,-64.4,8239661,35,65,2026-09-10-s1
2026-09-10 12:17:20+00:00,bench-02,2141,57.7,1,auto,-63.6,8249656,35,65,2026-09-10-s1
2026-09-10 12:17:30+00:00,bench-02,2184,56.3,1,auto,-63.1,8259659,35,65,2026-09-10-s1
2026-09-10 12:17:40+00:00,bench-02,2180,56.4,1,auto,-62.8,8269659,35,65,2026-09-10-s1
2026-09-10 12:17:50+00:00,bench-02,2150,57.1,1,auto,-64.5,8279658,35,65,2026-09-10-s1
2026-09-10 12:18:00+00:00,bench-02,2182,56.9,1,auto,-63.5,8289658,35,65,2026-09-10-s1
2026-09-10 12:18:10+00:00,bench-02,2195,56.3,1,auto,-63.0,8299657,35,65,2026-09-10-s1
2026-09-10 12:18:20+00:00,bench-02,2183,56.4,1,auto,-61.9,8309654,35,65,2026-09-10-s1
2026-09-10 12:18:30+00:00,bench-02,2178,57.3,1,auto,-61.8,8319653,35,65,2026-09-10-s1
2026-09-10 12:18:40+00:00,bench-02,2159,56.6,1,auto,-60.0,8329648,35,65,2026-09-10-s1
2026-09-10 12:18:50+00:00,bench-02,2170,56.6,1,auto,-59.7,8339652,35,65,2026-09-10-s1
2026-09-10 12:19:00+00:00,bench-02,2201,56.3,1,auto,-62.4,8349653,35,65,2026-09-10-s1
2026-09-10 12:19:10+00:00,bench-02,2169,56.8,1,auto,-62.6,8359653,35,65,2026-09-10-s1
2026-09-10 12:19:20+00:00,bench-02,2182,55.8,1,auto,-64.8,8369650,35,65,2026-09-10-s1
2026-09-10 12:19:30+00:00,bench-02,2183,56.5,1,auto,-65.7,8379650,35,65,2026-09-10-s1
2026-09-10 12:19:40+00:00,bench-02,2173,56.9,1,auto,-65.3,8389650,35,65,2026-09-10-s1
2026-09-10 12:19:50+00:00,bench-02,2158,56.0,1,auto,-65.7,8399645,35,65,2026-09-10-s1
2026-09-11 14:05:00+00:00,bench-02,2320,48.7,0,auto,-47.0,10000,35,65,2026-09-11-s1
2026-09-11 14:05:10+00:00,bench-02,2332,48.3,0,auto,-48.1,20003,35,65,2026-09-11-s1
2026-09-11 14:05:20+00:00,bench-02,2338,48.0,0,auto,-50.0,30005,35,65,2026-09-11-s1
2026-09-11 14:05:30+00:00,bench-02,2342,47.5,0,auto,-50.0,40009,35,65,2026-09-11-s1
2026-09-11 14:05:40+00:00,bench-02,2343,47.4,0,auto,-50.2,50011,35,65,2026-09-11-s1
2026-09-11 14:05:50+00:00,bench-02,2341,46.8,0,auto,-49.7,60013,35,65,2026-09-11-s1
2026-09-11 14:06:00+00:00,bench-02,2340,45.8,0,auto,-49.0,70011,35,65,2026-09-11-s1
2026-09-11 14:06:10+00:00,bench-02,2380,45.5,0,auto,-51.2,80011,35,65,2026-09-11-s1
2026-09-11 14:06:20+00:00,bench-02,2406,44.3,0,auto,-51.6,90012,35,65,2026-09-11-s1
2026-09-11 14:06:30+00:00,bench-02,2430,44.1,0,auto,-52.1,100015,35,65,2026-09-11-s1
2026-09-11 14:06:40+00:00,bench-02,2404,44.2,0,auto,-51.6,110017,35,65,2026-09-11-s1
2026-09-11 14:06:50+00:00,bench-02,2420,43.6,0,auto,-53.1,120015,35,65,2026-09-11-s1
2026-09-11 14:07:00+00:00,bench-02,2434,43.3,0,auto,-52.7,130013,35,65,2026-09-11-s1
2026-09-11 14:07:10+00:00,bench-02,2434,43.1,0,auto,-50.6,140011,35,65,2026-09-11-s1
2026-09-11 14:07:20+00:00,bench-02,2457,42.7,0,auto,-49.3,150007,35,65,2026-09-11-s1
2026-09-11 14:07:30+00:00,bench-02,2443,41.9,0,auto,-50.1,160004,35,65,2026-09-11-s1
2026-09-11 14:07:40+00:00,bench-02,2468,41.8,0,auto,-51.1,170000,35,65,2026-09-11-s1
2026-09-11 14:07:50+00:00,bench-02,2486,41.4,0,auto,-51.5,179999,35,65,2026-09-11-s1
2026-09-11 14:08:00+00:00,bench-02,2478,40.8,0,auto,-51.8,189995,35,65,2026-09-11-s1
2026-09-11 14:08:10+00:00,bench-02,2484,40.7,0,auto,-51.3,199991,35,65,2026-09-11-s1
2026-09-11 14:08:20+00:00,bench-02,2485,40.2,0,auto,-52.2,209991,35,65,2026-09-11-s1
2026-09-11 14:08:30+00:00,bench-02,2492,39.7,0,auto,-53.1,219991,35,65,2026-09-11-s1
2026-09-11 14:08:40+00:00,bench-02,2512,38.9,0,auto,-52.9,229991,35,65,2026-09-11-s1
2026-09-11 14:08:50+00:00,bench-02,2493,38.9,0,auto,-52.2,239994,35,65,2026-09-11-s1
2026-09-11 14:09:00+00:00,bench-02,2514,39.0,0,auto,-53.7,249997,35,65,2026-09-11-s1
2026-09-11 14:09:10+00:00,bench-02,2554,37.8,0,auto,-52.1,259998,35,65,2026-09-11-s1
2026-09-11 14:09:20+00:00,bench-02,2526,37.8,0,auto,-50.8,269997,35,65,2026-09-11-s1
2026-09-11 14:09:30+00:00,bench-02,2524,37.9,0,auto,-50.3,279993,35,65,2026-09-11-s1
2026-09-11 14:09:40+00:00,bench-02,2552,36.5,0,auto,-50.6,289989,35,65,2026-09-11-s1
2026-09-11 14:09:50+00:00,bench-02,2564,36.7,0,auto,-52.1,299985,35,65,2026-09-11-s1
2026-09-11 14:10:00+00:00,bench-02,2591,35.9,0,auto,-51.9,309984,35,65,2026-09-11-s1
2026-09-11 14:10:10+00:00,bench-02,2591,35.5,0,auto,-50.6,319983,35,65,2026-09-11-s1
2026-09-11 14:10:20+00:00,bench-02,2552,36.5,0,auto,-51.1,329985,35,65,2026-09-11-s1
2026-09-11 14:10:30+00:00,bench-02,2597,35.3,0,auto,-49.1,339982,35,65,2026-09-11-s1
2026-09-11 14:10:40+00:00,bench-02,2578,34.4,0,auto,-48.9,349978,35,65,2026-09-11-s1
2026-09-11 14:10:50+00:00,bench-02,2585,35.3,1,auto,-49.9,359980,35,65,2026-09-11-s1
2026-09-11 14:11:00+00:00,bench-02,2592,35.0,1,auto,-48.6,369980,35,65,2026-09-11-s1
2026-09-11 14:11:10+00:00,bench-02,2601,35.0,1,auto,-50.0,379977,35,65,2026-09-11-s1
2026-09-11 14:11:20+00:00,bench-02,0,120.0,1,auto,-49.7,389977,35,65,2026-09-11-s1
2026-09-11 14:11:30+00:00,bench-02,2553,36.8,1,auto,-48.8,399978,35,65,2026-09-11-s1
2026-09-11 14:11:40+00:00,bench-02,2554,37.2,1,auto,-50.9,409978,35,65,2026-09-11-s1
2026-09-11 14:11:50+00:00,bench-02,2581,35.8,1,auto,-50.0,419980,35,65,2026-09-11-s1
2026-09-11 14:12:00+00:00,bench-02,2541,37.5,1,auto,-51.1,429980,35,65,2026-09-11-s1
2026-09-11 14:12:10+00:00,bench-02,2547,37.8,1,auto,-51.0,439983,35,65,2026-09-11-s1
2026-09-11 14:12:20+00:00,bench-02,2523,37.6,1,auto,-52.0,449982,35,65,2026-09-11-s1
2026-09-11 14:12:30+00:00,bench-02,2523,38.2,1,auto,-50.7,459986,35,65,2026-09-11-s1
2026-09-11 14:12:40+00:00,bench-02,2519,38.6,1,auto,-49.9,469981,35,65,2026-09-11-s1
2026-09-11 14:12:50+00:00,bench-02,2533,38.1,1,auto,-49.3,479982,35,65,2026-09-11-s1
2026-09-11 14:13:00+00:00,bench-02,2541,39.1,1,auto,-45.4,489977,35,65,2026-09-11-s1
2026-09-11 14:13:10+00:00,bench-02,2519,39.2,1,auto,-44.2,499981,35,65,2026-09-11-s1
2026-09-11 14:13:20+00:00,bench-02,2503,39.2,1,auto,-45.2,509985,35,65,2026-09-11-s1
2026-09-11 14:13:30+00:00,bench-02,2489,40.3,1,auto,-45.7,519980,35,65,2026-09-11-s1
2026-09-11 14:13:40+00:00,bench-02,2517,39.6,1,auto,-44.4,529982,35,65,2026-09-11-s1
2026-09-11 14:13:50+00:00,bench-02,2473,40.0,1,auto,-43.3,539983,35,65,2026-09-11-s1
2026-09-11 14:14:00+00:00,bench-02,2471,41.1,1,auto,-42.3,549980,35,65,2026-09-11-s1
2026-09-11 14:14:10+00:00,bench-02,2492,40.5,1,auto,-41.9,559980,35,65,2026-09-11-s1
2026-09-11 14:14:20+00:00,bench-02,2478,40.6,1,auto,-41.6,569980,35,65,2026-09-11-s1
2026-09-11 14:14:30+00:00,bench-02,2469,41.0,1,auto,-43.5,579978,35,65,2026-09-11-s1
2026-09-11 14:14:40+00:00,bench-02,2467,41.5,1,auto,-43.7,589973,35,65,2026-09-11-s1
2026-09-11 14:14:50+00:00,bench-02,2472,41.3,1,auto,-40.8,599975,35,65,2026-09-11-s1
2026-09-11 14:15:00+00:00,bench-02,2431,42.5,1,auto,-39.8,609977,35,65,2026-09-11-s1
2026-09-11 14:15:10+00:00,bench-02,2458,42.3,1,auto,-38.2,619977,35,65,2026-09-11-s1
2026-09-11 14:15:20+00:00,bench-02,4095,-20.0,1,auto,-37.8,629975,35,65,2026-09-11-s1
2026-09-11 14:15:30+00:00,bench-02,2460,42.3,1,auto,-38.6,639979,35,65,2026-09-11-s1
2026-09-11 14:15:40+00:00,bench-02,2425,43.0,1,auto,-38.2,649979,35,65,2026-09-11-s1
2026-09-11 14:15:50+00:00,bench-02,2443,43.2,1,auto,-37.9,659981,35,65,2026-09-11-s1
2026-09-11 14:16:00+00:00,bench-02,2431,43.0,1,auto,-40.0,669977,35,65,2026-09-11-s1
2026-09-11 14:16:10+00:00,bench-02,2422,43.9,1,auto,-39.5,679980,35,65,2026-09-11-s1
2026-09-11 14:16:20+00:00,bench-02,2403,43.7,1,auto,-42.4,689979,35,65,2026-09-11-s1
2026-09-11 14:16:30+00:00,bench-02,2420,44.6,1,manual,-42.5,699979,35,65,2026-09-11-s1
2026-09-11 14:16:40+00:00,bench-02,2406,44.3,1,manual,-42.8,709975,35,65,2026-09-11-s1
2026-09-11 14:16:50+00:00,bench-02,2383,45.1,1,manual,-43.3,719976,35,65,2026-09-11-s1
2026-09-11 14:17:00+00:00,bench-02,2402,44.8,1,manual,-44.4,729978,35,65,2026-09-11-s1
2026-09-11 14:17:10+00:00,bench-02,2412,44.9,1,manual,-41.8,739978,35,65,2026-09-11-s1
2026-09-11 14:17:20+00:00,bench-02,2409,44.0,1,manual,-42.6,749977,35,65,2026-09-11-s1
2026-09-11 14:17:30+00:00,bench-02,2412,44.4,1,manual,-40.5,759977,35,65,2026-09-11-s1
2026-09-11 14:17:40+00:00,bench-02,2407,44.4,1,manual,-41.5,769974,35,65,2026-09-11-s1
2026-09-11 14:17:50+00:00,bench-02,2384,44.9,1,manual,-38.8,779969,35,65,2026-09-11-s1
2026-09-11 14:18:00+00:00,bench-02,2367,45.8,1,manual,-37.9,789970,35,65,2026-09-11-s1
2026-09-11 14:18:10+00:00,bench-02,2390,45.1,1,manual,-38.5,799969,35,65,2026-09-11-s1
2026-09-11 14:18:20+00:00,bench-02,2372,46.2,1,manual,-39.3,809970,35,65,2026-09-11-s1
2026-09-11 14:18:30+00:00,bench-02,2382,46.3,1,manual,-38.9,819970,35,65,2026-09-11-s1
2026-09-11 14:18:40+00:00,bench-02,2361,47.3,1,manual,-37.8,829974,35,65,2026-09-11-s1
2026-09-11 14:18:50+00:00,bench-02,2374,45.9,0,manual,-38.2,839973,35,65,2026-09-11-s1
2026-09-11 14:19:00+00:00,bench-02,2391,44.7,0,manual,-36.7,849973,35,65,2026-09-11-s1
2026-09-11 14:19:10+00:00,bench-02,2407,44.5,0,manual,-39.3,859974,35,65,2026-09-11-s1
2026-09-11 14:19:20+00:00,bench-02,2404,44.5,0,manual,-39.4,869971,35,65,2026-09-11-s1
2026-09-11 14:19:30+00:00,bench-02,2409,44.3,0,manual,-40.6,879974,35,65,2026-09-11-s1
2026-09-11 14:19:40+00:00,bench-02,2431,43.3,0,manual,-37.8,889976,35,65,2026-09-11-s1
2026-09-11 14:19:50+00:00,bench-02,2424,43.5,0,manual,-38.3,899976,35,65,2026-09-11-s1
2026-09-11 14:20:00+00:00,bench-02,2434,42.8,0,manual,-38.9,909980,35,65,2026-09-11-s1
2026-09-11 14:20:10+00:00,bench-02,2445,43.2,0,manual,-38.9,919976,35,65,2026-09-11-s1
2026-09-11 14:20:20+00:00,bench-02,2486,40.9,0,manual,-37.8,929974,35,65,2026-09-11-s1
2026-09-11 14:20:30+00:00,bench-02,2477,41.3,0,manual,-38.0,939975,35,65,2026-09-11-s1
2026-09-11 14:20:40+00:00,bench-02,2499,40.4,0,manual,-37.9,949970,35,65,2026-09-11-s1
2026-09-11 14:20:50+00:00,bench-02,2457,41.7,1,manual,-37.6,959972,35,65,2026-09-11-s1
2026-09-11 14:21:00+00:00,bench-02,2442,41.4,1,manual,-38.3,969967,35,65,2026-09-11-s1
2026-09-11 14:21:10+00:00,bench-02,2477,41.4,1,manual,-38.3,979968,35,65,2026-09-11-s1
2026-09-11 14:21:20+00:00,bench-02,2463,41.5,1,manual,-40.1,989972,35,65,2026-09-11-s1
2026-09-11 14:21:30+00:00,bench-02,2448,42.4,1,manual,-41.1,999967,35,65,2026-09-11-s1
2026-09-11 14:21:40+00:00,bench-02,2448,41.8,1,manual,-42.0,1009964,35,65,2026-09-11-s1
2026-09-11 14:21:50+00:00,bench-02,2427,42.4,1,manual,-41.6,1019959,35,65,2026-09-11-s1
2026-09-11 14:22:00+00:00,bench-02,2437,42.7,1,manual,-41.4,1029954,35,65,2026-09-11-s1
2026-09-11 14:22:10+00:00,bench-02,2423,43.0,1,auto,-39.1,1039955,35,65,2026-09-11-s1
2026-09-11 14:22:20+00:00,bench-02,2451,43.0,1,auto,-37.5,1049951,35,65,2026-09-11-s1
2026-09-11 14:22:30+00:00,bench-02,2441,43.6,1,auto,-39.1,1059951,35,65,2026-09-11-s1
2026-09-11 14:22:40+00:00,bench-02,2430,43.7,1,auto,-41.3,1069950,35,65,2026-09-11-s1
2026-09-11 14:22:50+00:00,bench-02,2422,43.9,1,auto,-40.2,1079950,35,65,2026-09-11-s1
2026-09-11 14:23:00+00:00,bench-02,2399,44.4,1,auto,-41.0,1089946,35,65,2026-09-11-s1
2026-09-11 14:23:10+00:00,bench-02,2427,43.9,1,auto,-41.2,1099946,35,65,2026-09-11-s1
2026-09-11 14:23:20+00:00,bench-02,2417,44.2,1,auto,-40.5,1109944,35,65,2026-09-11-s1
2026-09-11 14:23:30+00:00,bench-02,2426,44.4,1,auto,-42.2,1119945,35,65,2026-09-11-s1
2026-09-11 14:23:40+00:00,bench-02,2404,44.8,1,auto,-41.2,1129946,35,65,2026-09-11-s1
2026-09-11 14:23:50+00:00,bench-02,2410,44.7,1,auto,-39.8,1139950,35,65,2026-09-11-s1
2026-09-11 14:24:00+00:00,bench-02,2361,45.6,1,auto,-40.8,1149949,35,65,2026-09-11-s1
2026-09-11 14:24:10+00:00,bench-02,2368,46.3,1,auto,-41.6,1159949,35,65,2026-09-11-s1
2026-09-11 14:24:20+00:00,bench-02,2395,45.3,1,auto,-41.8,1169949,35,65,2026-09-11-s1
2026-09-11 14:24:30+00:00,bench-02,2390,45.4,1,auto,-39.9,1179952,35,65,2026-09-11-s1
2026-09-11 14:24:40+00:00,bench-02,2361,46.6,1,auto,-41.2,1189956,35,65,2026-09-11-s1
2026-09-11 14:24:50+00:00,bench-02,2361,45.9,1,auto,-39.3,1199960,35,65,2026-09-11-s1
2026-09-11 14:25:00+00:00,bench-02,2357,45.8,1,auto,-38.2,1209958,35,65,2026-09-11-s1
2026-09-11 14:25:10+00:00,bench-02,2355,46.9,1,auto,-39.3,1219957,35,65,2026-09-11-s1
2026-09-11 14:25:20+00:00,bench-02,2354,47.5,1,auto,-39.5,1229956,35,65,2026-09-11-s1
2026-09-11 14:25:30+00:00,bench-02,2358,46.1,1,auto,-39.8,1239951,35,65,2026-09-11-s1
2026-09-11 14:25:40+00:00,bench-02,2355,46.7,1,auto,-38.4,1249949,35,65,2026-09-11-s1
2026-09-11 14:25:50+00:00,bench-02,2368,47.4,1,auto,-37.7,1259945,35,65,2026-09-11-s1
2026-09-11 14:26:00+00:00,bench-02,2363,47.4,1,auto,-37.7,1269943,35,65,2026-09-11-s1
2026-09-11 14:26:10+00:00,bench-02,2351,47.2,1,auto,-39.8,1279944,35,65,2026-09-11-s1
2026-09-11 14:26:20+00:00,bench-02,2315,47.5,1,auto,-39.9,1289943,35,65,2026-09-11-s1
2026-09-11 14:26:30+00:00,bench-02,2355,47.2,1,auto,-40.9,1299938,35,65,2026-09-11-s1
2026-09-11 14:26:40+00:00,bench-02,2313,48.3,1,auto,-37.9,1309935,35,65,2026-09-11-s1
2026-09-11 14:26:50+00:00,bench-02,2342,48.3,1,auto,-37.9,1319936,35,65,2026-09-11-s1
2026-09-11 14:27:00+00:00,bench-02,2319,48.8,1,auto,-37.6,1329937,35,65,2026-09-11-s1
2026-09-11 14:27:10+00:00,bench-02,2303,48.4,1,auto,-37.7,1339939,35,65,2026-09-11-s1
2026-09-11 14:27:20+00:00,bench-02,2340,48.4,1,auto,-38.0,1349934,35,65,2026-09-11-s1
2026-09-11 14:27:30+00:00,bench-02,2307,48.9,1,auto,-38.8,1359930,35,65,2026-09-11-s1
2026-09-11 14:27:40+00:00,bench-02,2342,48.9,1,auto,-39.0,1369931,35,65,2026-09-11-s1
2026-09-11 14:27:50+00:00,bench-02,2330,49.1,1,auto,-36.4,1379930,35,65,2026-09-11-s1
2026-09-11 14:28:00+00:00,bench-02,2329,49.4,1,auto,-35.0,1389931,35,65,2026-09-11-s1
2026-09-11 14:28:10+00:00,bench-02,2311,49.3,1,auto,-35.0,1399928,35,65,2026-09-11-s1
2026-09-11 14:28:20+00:00,bench-02,2300,49.6,1,auto,-37.0,1409932,35,65,2026-09-11-s1
2026-09-11 14:28:30+00:00,bench-02,2287,49.4,1,auto,-37.3,1419932,35,65,2026-09-11-s1
2026-09-11 14:28:40+00:00,bench-02,2290,49.8,1,auto,-37.6,1429935,35,65,2026-09-11-s1
2026-09-11 14:28:50+00:00,bench-02,2314,50.1,1,auto,-37.4,1439933,35,65,2026-09-11-s1
2026-09-11 14:29:00+00:00,bench-02,2298,49.5,1,auto,-38.4,1449934,35,65,2026-09-11-s1
2026-09-11 14:29:10+00:00,bench-02,2316,49.8,1,auto,-36.5,1459933,35,65,2026-09-11-s1
2026-09-11 14:29:20+00:00,bench-02,2299,50.5,1,auto,-36.4,1469930,35,65,2026-09-11-s1
2026-09-11 14:29:30+00:00,bench-02,2304,49.9,1,auto,-35.4,1479933,35,65,2026-09-11-s1
2026-09-11 14:29:40+00:00,bench-02,2292,49.4,1,auto,-35.0,1489933,35,65,2026-09-11-s1
2026-09-11 14:29:50+00:00,bench-02,2302,50.3,1,auto,-35.0,1499937,35,65,2026-09-11-s1
2026-09-11 14:30:00+00:00,bench-02,2295,49.8,1,auto,-35.0,1509934,35,65,2026-09-11-s1
2026-09-11 14:30:10+00:00,bench-02,2276,50.6,1,auto,-35.0,1519934,35,65,2026-09-11-s1
2026-09-11 14:30:20+00:00,bench-02,2296,50.3,1,auto,-35.0,1529936,35,65,2026-09-11-s1
2026-09-11 14:30:30+00:00,bench-02,2281,51.4,1,auto,-35.0,1539937,35,65,2026-09-11-s1
2026-09-11 14:30:40+00:00,bench-02,2264,51.4,1,auto,-35.0,1549936,35,65,2026-09-11-s1
2026-09-11 14:30:50+00:00,bench-02,2309,50.8,1,auto,-37.4,1559939,35,65,2026-09-11-s1
2026-09-11 14:31:00+00:00,bench-02,2286,51.2,1,auto,-36.5,1569937,35,65,2026-09-11-s1
2026-09-11 14:31:10+00:00,bench-02,2249,51.0,1,auto,-36.2,1579938,35,65,2026-09-11-s1
2026-09-11 14:31:20+00:00,bench-02,2284,51.3,1,auto,-36.7,1589938,35,65,2026-09-11-s1
2026-09-11 14:31:30+00:00,bench-02,2248,52.3,1,auto,-35.6,1599941,35,65,2026-09-11-s1
2026-09-11 14:31:40+00:00,bench-02,2277,52.3,1,auto,-37.2,1609939,35,65,2026-09-11-s1
2026-09-11 14:31:50+00:00,bench-02,2255,51.8,1,auto,-36.4,1619934,35,65,2026-09-11-s1
2026-09-11 14:32:00+00:00,bench-02,2259,52.5,1,auto,-35.8,1629930,35,65,2026-09-11-s1
2026-09-11 14:32:10+00:00,bench-02,2267,51.9,1,auto,-35.0,1639933,35,65,2026-09-11-s1
2026-09-11 14:32:20+00:00,bench-02,2286,51.5,1,auto,-35.0,1649934,35,65,2026-09-11-s1
2026-09-11 14:32:30+00:00,bench-02,2278,52.0,1,auto,-35.0,1659930,35,65,2026-09-11-s1
2026-09-11 14:32:40+00:00,bench-02,2248,52.6,1,auto,-36.3,1669933,35,65,2026-09-11-s1
2026-09-11 14:32:50+00:00,bench-02,2270,52.2,1,auto,-35.0,1679937,35,65,2026-09-11-s1
2026-09-11 14:33:00+00:00,bench-02,2236,53.0,1,auto,-35.0,1689940,35,65,2026-09-11-s1
2026-09-11 14:33:10+00:00,bench-02,2261,52.7,1,auto,-35.4,1699937,35,65,2026-09-11-s1
2026-09-11 14:33:20+00:00,bench-02,2220,53.1,1,auto,-35.0,1709939,35,65,2026-09-11-s1
2026-09-11 14:33:30+00:00,bench-02,2253,52.7,1,auto,-35.0,1719935,35,65,2026-09-11-s1
2026-09-11 14:33:40+00:00,bench-02,2271,52.2,1,auto,-35.0,1729937,35,65,2026-09-11-s1
2026-09-11 14:33:50+00:00,bench-02,2240,53.3,1,auto,-35.0,1739937,35,65,2026-09-11-s1
2026-09-11 14:34:00+00:00,bench-02,2225,53.0,1,auto,-35.0,1749934,35,65,2026-09-11-s1
2026-09-11 14:34:10+00:00,bench-02,2227,52.9,1,auto,-35.3,1759938,35,65,2026-09-11-s1
2026-09-11 14:34:20+00:00,bench-02,2230,53.6,1,auto,-35.0,1769935,35,65,2026-09-11-s1
2026-09-11 14:34:30+00:00,bench-02,2226,53.4,1,auto,-35.0,1779935,35,65,2026-09-11-s1
2026-09-11 14:34:40+00:00,bench-02,2255,53.0,1,auto,-35.0,1789936,35,65,2026-09-11-s1
2026-09-11 14:34:50+00:00,bench-02,2234,53.3,1,auto,-37.6,1799938,35,65,2026-09-11-s1
2026-09-11 14:35:00+00:00,bench-02,2216,53.6,1,auto,-36.8,1809936,35,65,2026-09-11-s1
2026-09-11 14:35:10+00:00,bench-02,2227,54.0,1,auto,-36.0,1819932,35,65,2026-09-11-s1
2026-09-11 14:35:20+00:00,bench-02,2244,53.4,1,auto,-36.7,1829935,35,65,2026-09-11-s1
2026-09-11 14:35:30+00:00,bench-02,2239,53.6,1,auto,-35.1,1839939,35,65,2026-09-11-s1
2026-09-11 14:35:40+00:00,bench-02,2202,53.9,1,auto,-35.0,1849940,35,65,2026-09-11-s1
2026-09-11 14:35:50+00:00,bench-02,2212,54.1,1,auto,-35.0,1859936,35,65,2026-09-11-s1
2026-09-11 14:36:00+00:00,bench-02,2209,54.7,1,auto,-35.0,1869933,35,65,2026-09-11-s1
2026-09-11 14:36:10+00:00,bench-02,2238,54.3,1,auto,-35.0,1879936,35,65,2026-09-11-s1
2026-09-11 14:36:20+00:00,bench-02,2197,54.7,1,auto,-35.4,1889934,35,65,2026-09-11-s1
2026-09-11 14:36:30+00:00,bench-02,2199,55.1,1,auto,-36.5,1899938,35,65,2026-09-11-s1
2026-09-11 14:36:40+00:00,bench-02,2200,55.5,1,auto,-37.8,1909936,35,65,2026-09-11-s1
2026-09-11 14:36:50+00:00,bench-02,2213,55.1,1,auto,-36.7,1919931,35,65,2026-09-11-s1
2026-09-11 14:37:00+00:00,bench-02,2216,54.6,1,auto,-35.5,1929934,35,65,2026-09-11-s1
2026-09-11 14:37:10+00:00,bench-02,2192,54.7,1,auto,-35.0,1939929,35,65,2026-09-11-s1
2026-09-11 14:37:20+00:00,bench-02,2196,55.4,1,auto,-35.0,1949931,35,65,2026-09-11-s1
2026-09-11 14:37:30+00:00,bench-02,2219,54.8,1,auto,-35.0,1959927,35,65,2026-09-11-s1
2026-09-11 14:37:40+00:00,bench-02,2199,55.7,1,auto,-37.8,1969923,35,65,2026-09-11-s1
2026-09-11 14:37:50+00:00,bench-02,2200,54.6,1,auto,-37.7,1979927,35,65,2026-09-11-s1
2026-09-11 14:38:00+00:00,bench-02,2164,56.1,1,auto,-38.8,1989930,35,65,2026-09-11-s1
2026-09-11 14:38:10+00:00,bench-02,2188,55.1,1,auto,-36.9,1999932,35,65,2026-09-11-s1
2026-09-11 14:38:20+00:00,bench-02,2204,55.5,1,auto,-35.7,2009928,35,65,2026-09-11-s1
2026-09-11 14:38:30+00:00,bench-02,2185,55.5,1,auto,-35.0,2019929,35,65,2026-09-11-s1
2026-09-11 14:38:40+00:00,bench-02,2205,55.4,1,auto,-35.0,2029930,35,65,2026-09-11-s1
2026-09-11 14:38:50+00:00,bench-02,2174,56.0,1,auto,-35.7,2039927,35,65,2026-09-11-s1
2026-09-11 14:39:00+00:00,bench-02,2197,55.7,1,auto,-35.0,2049924,35,65,2026-09-11-s1
2026-09-11 14:39:10+00:00,bench-02,2180,56.0,1,auto,-35.0,2059922,35,65,2026-09-11-s1
2026-09-11 14:39:20+00:00,bench-02,2189,56.1,1,auto,-35.3,2069923,35,65,2026-09-11-s1
2026-09-11 14:39:30+00:00,bench-02,2168,56.0,1,auto,-35.0,2079924,35,65,2026-09-11-s1
2026-09-11 14:39:40+00:00,bench-02,2169,55.9,1,auto,-35.0,2089920,35,65,2026-09-11-s1
2026-09-11 14:39:50+00:00,bench-02,2191,56.2,1,auto,-36.2,2099923,35,65,2026-09-11-s1
2026-09-11 14:40:00+00:00,bench-02,2191,55.9,1,auto,-37.1,2109924,35,65,2026-09-11-s1
2026-09-11 14:40:10+00:00,bench-02,2180,56.6,1,auto,-38.2,2119926,35,65,2026-09-11-s1
2026-09-11 14:40:20+00:00,bench-02,2168,56.6,1,auto,-37.8,2129926,35,65,2026-09-11-s1
2026-09-11 14:40:30+00:00,bench-02,2165,56.4,1,auto,-39.5,2139923,35,65,2026-09-11-s1
2026-09-11 14:40:40+00:00,bench-02,2201,56.3,1,auto,-40.9,2149922,35,65,2026-09-11-s1
2026-09-11 14:40:50+00:00,bench-02,2182,56.7,1,auto,-41.4,2159917,35,65,2026-09-11-s1
2026-09-11 14:41:00+00:00,bench-02,2140,57.3,1,auto,-43.0,2169916,35,65,2026-09-11-s1
2026-09-11 14:41:10+00:00,bench-02,2157,57.1,1,auto,-43.3,2179917,35,65,2026-09-11-s1
2026-09-11 14:41:20+00:00,bench-02,2187,56.3,1,auto,-42.2,2189921,35,65,2026-09-11-s1
2026-09-11 14:41:30+00:00,bench-02,2167,57.0,1,auto,-43.7,2199923,35,65,2026-09-11-s1
2026-09-11 14:41:40+00:00,bench-02,2154,58.3,1,auto,-43.4,2209925,35,65,2026-09-11-s1
2026-09-11 14:41:50+00:00,bench-02,2184,56.2,1,auto,-41.3,2219922,35,65,2026-09-11-s1
2026-09-11 14:42:00+00:00,bench-02,2151,57.0,1,auto,-42.0,2229925,35,65,2026-09-11-s1
2026-09-11 14:42:10+00:00,bench-02,2173,57.0,1,auto,-38.9,2239922,35,65,2026-09-11-s1
2026-09-11 14:42:20+00:00,bench-02,2177,56.7,1,auto,-39.3,2249922,35,65,2026-09-11-s1
2026-09-11 14:42:30+00:00,bench-02,2172,56.5,1,auto,-38.9,2259917,35,65,2026-09-11-s1
2026-09-11 14:42:40+00:00,bench-02,2158,57.6,1,auto,-36.7,2269917,35,65,2026-09-11-s1
2026-09-11 14:42:50+00:00,bench-02,2150,57.1,1,auto,-36.4,2279919,35,65,2026-09-11-s1
2026-09-11 14:43:00+00:00,bench-02,2170,57.0,1,auto,-35.9,2289922,35,65,2026-09-11-s1
2026-09-11 14:43:10+00:00,bench-02,2138,57.6,1,auto,-35.3,2299921,35,65,2026-09-11-s1
2026-09-11 14:43:20+00:00,bench-02,2167,56.9,1,auto,-35.0,2309924,35,65,2026-09-11-s1
2026-09-11 14:43:30+00:00,bench-02,2165,57.2,1,auto,-35.0,2319928,35,65,2026-09-11-s1
2026-09-11 14:43:40+00:00,bench-02,2169,57.0,1,auto,-35.0,2329930,35,65,2026-09-11-s1
2026-09-11 14:43:50+00:00,bench-02,2166,57.0,1,auto,-35.8,2339933,35,65,2026-09-11-s1
2026-09-11 14:44:00+00:00,bench-02,2168,57.2,1,auto,-35.0,2349929,35,65,2026-09-11-s1
2026-09-11 14:44:10+00:00,bench-02,2154,57.5,1,auto,-35.0,2359926,35,65,2026-09-11-s1
2026-09-11 14:44:20+00:00,bench-02,2160,57.3,1,auto,-35.6,2369927,35,65,2026-09-11-s1
2026-09-11 14:44:30+00:00,bench-02,2173,57.6,1,auto,-36.7,2379928,35,65,2026-09-11-s1
2026-09-11 14:44:40+00:00,bench-02,2165,57.6,1,auto,-37.7,2389932,35,65,2026-09-11-s1
2026-09-11 14:44:50+00:00,bench-02,2161,57.9,1,auto,-37.2,2399931,35,65,2026-09-11-s1
2026-09-11 14:45:00+00:00,bench-02,2135,58.1,1,auto,-36.4,2409935,35,65,2026-09-11-s1
2026-09-11 14:45:10+00:00,bench-02,2138,58.2,1,auto,-35.8,2419938,35,65,2026-09-11-s1
2026-09-11 14:45:20+00:00,bench-02,2139,57.7,1,auto,-35.4,2429936,35,65,2026-09-11-s1
2026-09-11 14:45:30+00:00,bench-02,2158,57.2,1,auto,-35.2,2439934,35,65,2026-09-11-s1
2026-09-11 14:45:40+00:00,bench-02,2130,58.2,1,auto,-35.0,2449933,35,65,2026-09-11-s1
2026-09-11 14:45:50+00:00,bench-02,2132,58.2,1,auto,-35.0,2459937,35,65,2026-09-11-s1
2026-09-11 14:46:00+00:00,bench-02,2136,57.8,1,auto,-35.7,2469941,35,65,2026-09-11-s1
2026-09-11 14:46:10+00:00,bench-02,2134,58.1,1,auto,-36.1,2479942,35,65,2026-09-11-s1
2026-09-11 14:46:20+00:00,bench-02,2165,58.0,1,auto,-36.1,2489942,35,65,2026-09-11-s1
2026-09-11 14:46:30+00:00,bench-02,2150,57.8,1,auto,-35.0,2499940,35,65,2026-09-11-s1
2026-09-11 14:46:40+00:00,bench-02,2129,57.9,1,auto,-35.4,2509935,35,65,2026-09-11-s1
2026-09-11 14:46:50+00:00,bench-02,2134,58.7,1,auto,-35.0,2519933,35,65,2026-09-11-s1
2026-09-11 14:47:00+00:00,bench-02,2140,58.4,1,auto,-35.0,2529936,35,65,2026-09-11-s1
2026-09-11 14:47:10+00:00,bench-02,2155,58.1,1,auto,-35.0,2539939,35,65,2026-09-11-s1
2026-09-11 14:47:20+00:00,bench-02,2158,57.4,1,auto,-35.0,2549938,35,65,2026-09-11-s1
2026-09-11 14:47:30+00:00,bench-02,2149,58.9,1,auto,-36.3,2559940,35,65,2026-09-11-s1
2026-09-11 14:47:40+00:00,bench-02,2107,59.2,1,auto,-37.9,2569936,35,65,2026-09-11-s1
2026-09-11 14:47:50+00:00,bench-02,2137,58.6,1,auto,-38.3,2579934,35,65,2026-09-11-s1
2026-09-11 14:48:00+00:00,bench-02,2156,57.7,1,auto,-38.7,2589937,35,65,2026-09-11-s1
2026-09-11 14:48:10+00:00,bench-02,2119,58.7,1,auto,-37.3,2599932,35,65,2026-09-11-s1
2026-09-11 14:48:20+00:00,bench-02,2146,58.6,1,auto,-35.0,2609931,35,65,2026-09-11-s1
2026-09-11 14:48:30+00:00,bench-02,2149,58.1,1,auto,-36.6,2619932,35,65,2026-09-11-s1
2026-09-11 14:48:40+00:00,bench-02,2142,57.9,1,auto,-35.6,2629928,35,65,2026-09-11-s1
2026-09-11 14:48:50+00:00,bench-02,2120,59.7,1,auto,-35.0,2639924,35,65,2026-09-11-s1
2026-09-11 14:49:00+00:00,bench-02,2143,58.2,1,auto,-36.9,2649925,35,65,2026-09-11-s1
2026-09-11 14:49:10+00:00,bench-02,2129,59.2,1,auto,-36.9,2659925,35,65,2026-09-11-s1
2026-09-11 14:49:20+00:00,bench-02,2122,58.7,1,auto,-36.2,2669923,35,65,2026-09-11-s1
2026-09-11 14:49:30+00:00,bench-02,2142,57.9,1,auto,-35.3,2679920,35,65,2026-09-11-s1
2026-09-11 14:49:40+00:00,bench-02,2144,58.4,1,auto,-35.0,2689922,35,65,2026-09-11-s1
2026-09-11 14:49:50+00:00,bench-02,2158,58.7,1,auto,-35.5,2699920,35,65,2026-09-11-s1
2026-09-11 14:50:00+00:00,bench-02,2156,58.3,1,auto,-35.4,2709915,35,65,2026-09-11-s1
2026-09-11 14:50:10+00:00,bench-02,2110,58.5,1,auto,-37.1,2719915,35,65,2026-09-11-s1
2026-09-11 14:50:20+00:00,bench-02,2139,59.0,1,auto,-38.9,2729910,35,65,2026-09-11-s1
2026-09-11 14:50:30+00:00,bench-02,2129,58.4,1,auto,-40.1,2739908,35,65,2026-09-11-s1
2026-09-11 14:50:40+00:00,bench-02,2129,59.2,1,auto,-39.9,2749905,35,65,2026-09-11-s1
2026-09-11 14:50:50+00:00,bench-02,2126,58.6,1,auto,-41.4,2759903,35,65,2026-09-11-s1
2026-09-11 14:51:00+00:00,bench-02,2129,58.8,1,auto,-42.6,2769900,35,65,2026-09-11-s1
2026-09-11 14:51:10+00:00,bench-02,2134,58.6,1,auto,-44.2,2779899,35,65,2026-09-11-s1
2026-09-11 14:51:20+00:00,bench-02,2111,59.2,1,auto,-44.8,2789895,35,65,2026-09-11-s1
2026-09-11 14:51:30+00:00,bench-02,2123,59.0,1,auto,-45.4,2799893,35,65,2026-09-11-s1
2026-09-11 14:51:40+00:00,bench-02,2136,59.1,1,auto,-44.7,2809896,35,65,2026-09-11-s1
2026-09-11 14:51:50+00:00,bench-02,2120,59.0,1,auto,-44.5,2819894,35,65,2026-09-11-s1
2026-09-11 14:52:00+00:00,bench-02,2100,59.6,1,auto,-44.3,2829896,35,65,2026-09-11-s1
2026-09-11 14:52:10+00:00,bench-02,2115,59.3,1,auto,-42.7,2839892,35,65,2026-09-11-s1
2026-09-11 14:52:20+00:00,bench-02,2119,59.3,1,auto,-42.8,2849891,35,65,2026-09-11-s1
2026-09-11 14:52:30+00:00,bench-02,2146,59.2,1,auto,-43.7,2859895,35,65,2026-09-11-s1
2026-09-11 14:52:40+00:00,bench-02,2140,58.6,1,auto,-43.2,2869899,35,65,2026-09-11-s1
2026-09-11 14:52:50+00:00,bench-02,2122,58.9,1,auto,-43.2,2879897,35,65,2026-09-11-s1
2026-09-11 14:53:00+00:00,bench-02,2110,60.0,1,auto,-43.8,2889898,35,65,2026-09-11-s1
2026-09-11 14:53:10+00:00,bench-02,2096,60.2,1,auto,-43.1,2899893,35,65,2026-09-11-s1
2026-09-11 14:53:20+00:00,bench-02,2112,59.3,1,auto,-44.0,2909889,35,65,2026-09-11-s1
2026-09-11 14:53:30+00:00,bench-02,2120,59.4,1,auto,-43.1,2919889,35,65,2026-09-11-s1
2026-09-11 14:53:40+00:00,bench-02,2109,59.4,1,auto,-44.5,2929891,35,65,2026-09-11-s1
2026-09-11 14:53:50+00:00,bench-02,2137,58.7,1,auto,-43.5,2939892,35,65,2026-09-11-s1
2026-09-11 14:54:00+00:00,bench-02,2111,59.2,1,auto,-40.4,2949892,35,65,2026-09-11-s1
2026-09-11 14:54:10+00:00,bench-02,2123,59.2,1,auto,-39.8,2959888,35,65,2026-09-11-s1
2026-09-11 14:54:20+00:00,bench-02,2097,59.1,1,auto,-39.9,2969889,35,65,2026-09-11-s1
2026-09-11 14:54:30+00:00,bench-02,2117,59.4,1,auto,-39.6,2979889,35,65,2026-09-11-s1
2026-09-11 14:54:40+00:00,bench-02,2128,58.9,1,auto,-39.8,2989886,35,65,2026-09-11-s1
2026-09-11 14:54:50+00:00,bench-02,2136,59.9,1,auto,-42.4,2999890,35,65,2026-09-11-s1
2026-09-11 14:55:00+00:00,bench-02,2090,60.4,1,auto,-42.3,3009889,35,65,2026-09-11-s1
2026-09-11 14:55:10+00:00,bench-02,2098,59.6,1,auto,-40.8,3019886,35,65,2026-09-11-s1
2026-09-11 14:55:20+00:00,bench-02,2083,60.5,1,auto,-40.9,3029888,35,65,2026-09-11-s1
2026-09-11 14:55:30+00:00,bench-02,2116,59.9,1,auto,-41.3,3039885,35,65,2026-09-11-s1
2026-09-11 14:55:40+00:00,bench-02,2098,60.0,1,auto,-43.1,3049882,35,65,2026-09-11-s1
2026-09-11 14:55:50+00:00,bench-02,2105,59.4,1,auto,-44.2,3059881,35,65,2026-09-11-s1
2026-09-11 14:56:00+00:00,bench-02,2099,60.2,1,auto,-44.9,3069878,35,65,2026-09-11-s1
2026-09-11 14:56:10+00:00,bench-02,2100,60.1,1,auto,-44.8,3079876,35,65,2026-09-11-s1
2026-09-11 14:56:20+00:00,bench-02,2113,59.5,1,auto,-43.9,3089878,35,65,2026-09-11-s1
2026-09-11 14:56:30+00:00,bench-02,2118,60.0,1,auto,-42.8,3099877,35,65,2026-09-11-s1
2026-09-11 14:56:40+00:00,bench-02,2104,59.4,1,auto,-44.3,3109876,35,65,2026-09-11-s1
2026-09-11 14:56:50+00:00,bench-02,2118,60.0,1,auto,-45.0,3119873,35,65,2026-09-11-s1
2026-09-11 14:57:00+00:00,bench-02,2095,60.2,1,auto,-44.4,3129870,35,65,2026-09-11-s1
2026-09-11 14:57:10+00:00,bench-02,2119,59.8,1,auto,-43.0,3139866,35,65,2026-09-11-s1
2026-09-11 14:57:20+00:00,bench-02,2087,60.6,1,auto,-39.7,3149867,35,65,2026-09-11-s1
2026-09-11 14:57:30+00:00,bench-02,2086,61.3,1,auto,-40.7,3159870,35,65,2026-09-11-s1
2026-09-11 14:57:40+00:00,bench-02,2105,60.4,1,auto,-38.8,3169870,35,65,2026-09-11-s1
2026-09-11 14:57:50+00:00,bench-02,2113,60.3,1,auto,-38.0,3179866,35,65,2026-09-11-s1
2026-09-11 14:58:00+00:00,bench-02,2100,60.2,1,auto,-38.6,3189865,35,65,2026-09-11-s1
2026-09-11 14:58:10+00:00,bench-02,2091,60.2,1,auto,-39.4,3199864,35,65,2026-09-11-s1
2026-09-11 14:58:20+00:00,bench-02,2113,60.3,1,auto,-40.2,3209862,35,65,2026-09-11-s1
2026-09-11 14:58:30+00:00,bench-02,2098,59.8,1,auto,-39.5,3219859,35,65,2026-09-11-s1
2026-09-11 14:58:40+00:00,bench-02,2109,60.2,1,auto,-38.4,3229858,35,65,2026-09-11-s1
2026-09-11 14:58:50+00:00,bench-02,2095,60.3,1,auto,-38.6,3239853,35,65,2026-09-11-s1
2026-09-11 14:59:00+00:00,bench-02,2078,60.5,1,auto,-36.4,3249853,35,65,2026-09-11-s1
2026-09-11 14:59:10+00:00,bench-02,2100,60.4,1,auto,-37.0,3259848,35,65,2026-09-11-s1
2026-09-11 14:59:20+00:00,bench-02,2105,60.0,1,auto,-36.0,3269843,35,65,2026-09-11-s1
2026-09-11 14:59:30+00:00,bench-02,2099,60.7,1,auto,-37.1,3279840,35,65,2026-09-11-s1
2026-09-11 14:59:40+00:00,bench-02,2097,60.2,1,auto,-36.6,3289841,35,65,2026-09-11-s1
2026-09-11 14:59:50+00:00,bench-02,2104,59.8,1,auto,-36.6,3299837,35,65,2026-09-11-s1
2026-09-11 15:00:00+00:00,bench-02,2129,60.2,1,auto,-36.3,3309840,35,65,2026-09-11-s1
2026-09-11 15:00:10+00:00,bench-02,2104,60.3,1,auto,-35.6,3319838,35,65,2026-09-11-s1
2026-09-11 15:00:20+00:00,bench-02,2102,60.4,1,auto,-36.8,3329841,35,65,2026-09-11-s1
2026-09-11 15:00:30+00:00,bench-02,2106,60.6,1,auto,-37.5,3339839,35,65,2026-09-11-s1
2026-09-11 15:00:40+00:00,bench-02,2091,60.5,1,auto,-37.2,3349837,35,65,2026-09-11-s1
2026-09-11 15:00:50+00:00,bench-02,2130,60.2,1,auto,-36.5,3359838,35,65,2026-09-11-s1
2026-09-11 15:01:00+00:00,bench-02,2099,59.7,1,auto,-35.0,3369839,35,65,2026-09-11-s1
2026-09-11 15:01:10+00:00,bench-02,2093,60.9,1,auto,-37.2,3379838,35,65,2026-09-11-s1
2026-09-11 15:01:20+00:00,bench-02,2102,60.9,1,auto,-37.4,3389838,35,65,2026-09-11-s1
2026-09-11 15:01:30+00:00,bench-02,2104,60.9,1,auto,-37.7,3399838,35,65,2026-09-11-s1
2026-09-11 15:01:40+00:00,bench-02,2110,59.9,1,auto,-35.0,3409838,35,65,2026-09-11-s1
2026-09-11 15:01:50+00:00,bench-02,2067,61.5,1,auto,-35.4,3419833,35,65,2026-09-11-s1
2026-09-11 15:02:00+00:00,bench-02,2107,60.1,1,auto,-35.0,3429829,35,65,2026-09-11-s1
2026-09-11 15:02:10+00:00,bench-02,2063,60.9,1,auto,-35.0,3439833,35,65,2026-09-11-s1
2026-09-11 15:02:20+00:00,bench-02,2105,60.6,1,auto,-35.0,3449837,35,65,2026-09-11-s1
2026-09-11 15:02:30+00:00,bench-02,2128,60.7,1,auto,-35.0,3459833,35,65,2026-09-11-s1
2026-09-11 15:02:40+00:00,bench-02,2115,60.8,1,auto,-35.0,3469837,35,65,2026-09-11-s1
2026-09-11 15:02:50+00:00,bench-02,2087,61.1,1,auto,-35.0,3479833,35,65,2026-09-11-s1
2026-09-11 15:03:00+00:00,bench-02,2090,60.7,1,auto,-35.0,3489836,35,65,2026-09-11-s1
2026-09-11 15:03:10+00:00,bench-02,2102,60.9,1,auto,-35.0,3499834,35,65,2026-09-11-s1
2026-09-11 15:03:20+00:00,bench-02,2115,60.4,1,auto,-35.0,3509838,35,65,2026-09-11-s1
2026-09-11 15:03:30+00:00,bench-02,2083,62.1,1,auto,-35.0,3519838,35,65,2026-09-11-s1
2026-09-11 15:03:40+00:00,bench-02,2110,59.9,1,auto,-35.2,3529833,35,65,2026-09-11-s1
2026-09-11 15:03:50+00:00,bench-02,2073,61.6,1,auto,-35.4,3539832,35,65,2026-09-11-s1
2026-09-11 15:04:00+00:00,bench-02,2087,60.8,1,auto,-35.5,3549832,35,65,2026-09-11-s1
2026-09-11 15:04:10+00:00,bench-02,2088,60.6,1,auto,-35.6,3559831,35,65,2026-09-11-s1
2026-09-11 15:04:20+00:00,bench-02,2071,61.1,1,auto,-35.0,3569832,35,65,2026-09-11-s1
2026-09-11 15:04:30+00:00,bench-02,2090,61.2,1,auto,-35.0,3579827,35,65,2026-09-11-s1
2026-09-11 15:04:40+00:00,bench-02,2071,61.6,1,auto,-35.0,3589826,35,65,2026-09-11-s1
2026-09-11 15:04:50+00:00,bench-02,2088,61.7,1,auto,-35.2,3599821,35,65,2026-09-11-s1
2026-09-11 15:05:00+00:00,bench-02,2080,61.1,1,auto,-36.0,3609818,35,65,2026-09-11-s1
2026-09-11 15:05:10+00:00,bench-02,2091,61.0,1,auto,-37.4,3619815,35,65,2026-09-11-s1
2026-09-11 15:05:20+00:00,bench-02,2076,61.7,1,auto,-36.7,3629812,35,65,2026-09-11-s1
2026-09-11 15:05:30+00:00,bench-02,2082,61.4,1,auto,-35.8,3639807,35,65,2026-09-11-s1
2026-09-11 15:05:40+00:00,bench-02,2099,61.2,1,auto,-35.0,3649803,35,65,2026-09-11-s1
2026-09-11 15:05:50+00:00,bench-02,2082,61.5,1,auto,-35.6,3659800,35,65,2026-09-11-s1
2026-09-11 15:06:00+00:00,bench-02,2093,61.0,1,auto,-35.0,3669795,35,65,2026-09-11-s1
2026-09-11 15:06:10+00:00,bench-02,2095,61.3,1,auto,-35.0,3679797,35,65,2026-09-11-s1
2026-09-11 15:06:20+00:00,bench-02,2055,61.7,1,auto,-35.2,3689793,35,65,2026-09-11-s1
2026-09-11 15:06:30+00:00,bench-02,2064,61.0,1,auto,-36.0,3699789,35,65,2026-09-11-s1
2026-09-11 15:06:40+00:00,bench-02,2073,62.1,1,auto,-35.3,3709787,35,65,2026-09-11-s1
2026-09-11 15:06:50+00:00,bench-02,2084,61.2,1,auto,-35.0,3719785,35,65,2026-09-11-s1
2026-09-11 15:07:00+00:00,bench-02,2074,61.2,1,auto,-36.3,3729787,35,65,2026-09-11-s1
2026-09-11 15:07:10+00:00,bench-02,2088,61.7,1,auto,-36.1,3739789,35,65,2026-09-11-s1
2026-09-11 15:07:20+00:00,bench-02,2099,61.0,1,auto,-35.3,3749785,35,65,2026-09-11-s1
2026-09-11 15:07:30+00:00,bench-02,2096,60.5,1,auto,-35.0,3759787,35,65,2026-09-11-s1
2026-09-11 15:07:40+00:00,bench-02,2085,61.0,1,auto,-35.7,3769782,35,65,2026-09-11-s1
2026-09-11 15:07:50+00:00,bench-02,2087,61.2,1,auto,-35.2,3779785,35,65,2026-09-11-s1
2026-09-11 15:08:00+00:00,bench-02,2063,61.7,1,auto,-35.0,3789788,35,65,2026-09-11-s1
2026-09-11 15:08:10+00:00,bench-02,2082,60.8,1,auto,-35.0,3799787,35,65,2026-09-11-s1
2026-09-11 15:08:20+00:00,bench-02,2070,61.1,1,auto,-35.0,3809790,35,65,2026-09-11-s1
2026-09-11 15:08:30+00:00,bench-02,2112,61.3,1,auto,-35.7,3819786,35,65,2026-09-11-s1
2026-09-11 15:08:40+00:00,bench-02,2082,61.1,1,auto,-37.2,3829784,35,65,2026-09-11-s1
2026-09-11 15:08:50+00:00,bench-02,2083,61.3,1,auto,-37.7,3839786,35,65,2026-09-11-s1
2026-09-11 15:09:00+00:00,bench-02,2071,61.8,1,auto,-36.5,3849786,35,65,2026-09-11-s1
2026-09-11 15:09:10+00:00,bench-02,2100,61.1,1,auto,-35.8,3859790,35,65,2026-09-11-s1
2026-09-11 15:09:20+00:00,bench-02,2083,62.1,1,auto,-35.0,3869790,35,65,2026-09-11-s1
2026-09-11 15:09:30+00:00,bench-02,2083,60.7,1,auto,-36.5,3879790,35,65,2026-09-11-s1
2026-09-11 15:09:40+00:00,bench-02,2106,60.8,1,auto,-36.6,3889787,35,65,2026-09-11-s1
2026-09-11 15:09:50+00:00,bench-02,2070,61.3,1,auto,-37.1,3899787,35,65,2026-09-11-s1
2026-09-11 15:10:00+00:00,bench-02,2072,61.7,1,auto,-36.9,3909788,35,65,2026-09-11-s1
2026-09-11 15:10:10+00:00,bench-02,2086,61.4,1,auto,-35.8,3919785,35,65,2026-09-11-s1
2026-09-11 15:10:20+00:00,bench-02,2094,61.2,1,auto,-35.4,3929782,35,65,2026-09-11-s1
2026-09-11 15:10:30+00:00,bench-02,2073,61.5,1,auto,-35.9,3939780,35,65,2026-09-11-s1
2026-09-11 15:10:40+00:00,bench-02,2060,61.4,1,auto,-36.2,3949778,35,65,2026-09-11-s1
2026-09-11 15:10:50+00:00,bench-02,2079,61.6,1,auto,-37.4,3959773,35,65,2026-09-11-s1
2026-09-11 15:11:00+00:00,bench-02,2085,61.3,1,auto,-37.3,3969773,35,65,2026-09-11-s1
2026-09-11 15:11:10+00:00,bench-02,2066,61.3,1,auto,-36.5,3979770,35,65,2026-09-11-s1
2026-09-11 15:11:20+00:00,bench-02,2084,61.6,1,auto,-38.6,3989766,35,65,2026-09-11-s1
2026-09-11 15:11:30+00:00,bench-02,2041,62.1,1,auto,-37.5,3999766,35,65,2026-09-11-s1
2026-09-11 15:11:40+00:00,bench-02,2086,61.4,1,auto,-38.5,4009762,35,65,2026-09-11-s1
2026-09-11 15:11:50+00:00,bench-02,2109,60.8,1,auto,-37.8,4019766,35,65,2026-09-11-s1
2026-09-11 15:12:00+00:00,bench-02,2093,60.9,1,auto,-37.2,4029770,35,65,2026-09-11-s1
2026-09-11 15:12:10+00:00,bench-02,2075,61.8,1,auto,-37.7,4039767,35,65,2026-09-11-s1
2026-09-11 15:12:20+00:00,bench-02,2100,61.4,1,auto,-36.5,4049768,35,65,2026-09-11-s1
2026-09-11 15:12:30+00:00,bench-02,2076,61.4,1,auto,-36.6,4059766,35,65,2026-09-11-s1
2026-09-11 15:12:40+00:00,bench-02,2079,61.8,1,auto,-35.4,4069764,35,65,2026-09-11-s1
2026-09-11 15:12:50+00:00,bench-02,2049,61.9,1,auto,-36.9,4079760,35,65,2026-09-11-s1
2026-09-11 15:13:00+00:00,bench-02,2090,61.2,1,auto,-38.3,4089757,35,65,2026-09-11-s1
2026-09-11 15:13:10+00:00,bench-02,2088,61.8,1,auto,-38.3,4099756,35,65,2026-09-11-s1
2026-09-11 15:13:20+00:00,bench-02,2061,62.2,1,auto,-37.8,4109757,35,65,2026-09-11-s1
2026-09-11 15:13:30+00:00,bench-02,2059,61.4,1,auto,-38.5,4119761,35,65,2026-09-11-s1
2026-09-11 15:13:40+00:00,bench-02,2058,61.7,1,auto,-41.0,4129764,35,65,2026-09-11-s1
2026-09-11 15:13:50+00:00,bench-02,2061,62.0,1,auto,-41.8,4139766,35,65,2026-09-11-s1
2026-09-11 15:14:00+00:00,bench-02,2050,62.3,1,auto,-41.1,4149769,35,65,2026-09-11-s1
2026-09-11 15:14:10+00:00,bench-02,2091,62.0,1,auto,-42.9,4159773,35,65,2026-09-11-s1
2026-09-11 15:14:20+00:00,bench-02,2081,61.8,1,auto,-42.1,4169769,35,65,2026-09-11-s1
2026-09-11 15:14:30+00:00,bench-02,2087,62.0,1,auto,-43.1,4179771,35,65,2026-09-11-s1
2026-09-11 15:14:40+00:00,bench-02,2050,62.4,1,manual,-44.3,4189774,35,65,2026-09-11-s1
2026-09-11 15:14:50+00:00,bench-02,2072,62.0,1,manual,-45.5,4199769,35,65,2026-09-11-s1
2026-09-11 15:15:00+00:00,bench-02,2073,62.3,1,manual,-46.0,4209770,35,65,2026-09-11-s1
2026-09-11 15:15:10+00:00,bench-02,2061,61.7,1,manual,-44.4,4219769,35,65,2026-09-11-s1
2026-09-11 15:15:20+00:00,bench-02,2091,61.8,1,manual,-44.2,4229764,35,65,2026-09-11-s1
2026-09-11 15:15:30+00:00,bench-02,2100,62.1,1,manual,-45.8,4239767,35,65,2026-09-11-s1
2026-09-11 15:15:40+00:00,bench-02,2084,61.2,0,manual,-45.8,4249765,35,65,2026-09-11-s1
2026-09-11 15:15:50+00:00,bench-02,2088,60.7,0,manual,-45.6,4259768,35,65,2026-09-11-s1
2026-09-11 15:16:00+00:00,bench-02,2084,60.4,0,manual,-44.9,4269770,35,65,2026-09-11-s1
2026-09-11 15:16:10+00:00,bench-02,2119,59.8,0,manual,-44.2,4279767,35,65,2026-09-11-s1
2026-09-11 15:16:20+00:00,bench-02,2113,59.8,1,manual,-44.7,4289765,35,65,2026-09-11-s1
2026-09-11 15:16:30+00:00,bench-02,2108,59.9,1,manual,-45.9,4299760,35,65,2026-09-11-s1
2026-09-11 15:16:40+00:00,bench-02,2106,60.3,1,manual,-45.6,4309760,35,65,2026-09-11-s1
2026-09-11 15:16:50+00:00,bench-02,2109,59.9,1,manual,-45.2,4319764,35,65,2026-09-11-s1
2026-09-11 15:17:00+00:00,bench-02,2102,60.1,1,manual,-45.4,4329759,35,65,2026-09-11-s1
2026-09-11 15:17:10+00:00,bench-02,2110,59.8,1,manual,-45.0,4339755,35,65,2026-09-11-s1
2026-09-11 15:17:20+00:00,bench-02,2127,59.8,1,manual,-43.8,4349757,35,65,2026-09-11-s1
2026-09-11 15:17:30+00:00,bench-02,2121,59.3,1,manual,-42.1,4359758,35,65,2026-09-11-s1
2026-09-11 15:17:40+00:00,bench-02,2124,59.6,0,manual,-42.2,4369760,35,65,2026-09-11-s1
2026-09-11 15:17:50+00:00,bench-02,2136,59.1,0,manual,-42.3,4379756,35,65,2026-09-11-s1
2026-09-11 15:18:00+00:00,bench-02,2138,58.7,0,manual,-41.8,4389753,35,65,2026-09-11-s1
2026-09-11 15:18:10+00:00,bench-02,2162,57.4,0,auto,-42.0,4399750,35,65,2026-09-11-s1
2026-09-11 15:18:20+00:00,bench-02,2160,56.8,0,auto,-42.3,4409750,35,65,2026-09-11-s1
2026-09-11 15:18:30+00:00,bench-02,2184,56.8,0,auto,-41.1,4419752,35,65,2026-09-11-s1
2026-09-11 15:18:40+00:00,bench-02,2198,56.0,0,auto,-43.1,4429749,35,65,2026-09-11-s1
2026-09-11 15:18:50+00:00,bench-02,2229,54.4,0,auto,-42.9,4439749,35,65,2026-09-11-s1
2026-09-11 15:19:00+00:00,bench-02,2202,55.0,0,auto,-42.9,4449751,35,65,2026-09-11-s1
2026-09-11 15:19:10+00:00,bench-02,2219,54.8,0,auto,-42.7,4459751,35,65,2026-09-11-s1
2026-09-11 15:19:20+00:00,bench-02,2221,53.7,0,auto,-43.9,4469755,35,65,2026-09-11-s1
2026-09-11 15:19:30+00:00,bench-02,2213,53.6,0,auto,-44.2,4479753,35,65,2026-09-11-s1
2026-09-11 15:19:40+00:00,bench-02,2260,52.7,0,auto,-43.0,4489751,35,65,2026-09-11-s1
2026-09-11 15:19:50+00:00,bench-02,2241,52.2,0,auto,-42.0,4499746,35,65,2026-09-11-s1
2026-09-11 15:20:00+00:00,bench-02,2259,52.2,0,auto,-45.7,4509745,35,65,2026-09-11-s1
2026-09-11 15:20:10+00:00,bench-02,2280,51.1,0,auto,-45.6,4519744,35,65,2026-09-11-s1
2026-09-11 15:20:20+00:00,bench-02,2266,51.1,0,auto,-46.4,4529739,35,65,2026-09-11-s1
2026-09-11 15:20:30+00:00,bench-02,2284,50.9,0,auto,-45.8,4539739,35,65,2026-09-11-s1
2026-09-11 15:20:40+00:00,bench-02,2299,49.1,0,auto,-47.7,4549736,35,65,2026-09-11-s1
2026-09-11 15:20:50+00:00,bench-02,2317,49.4,0,auto,-47.8,4559738,35,65,2026-09-11-s1
2026-09-11 15:21:00+00:00,bench-02,2315,49.4,0,auto,-50.9,4569736,35,65,2026-09-11-s1
2026-09-11 15:21:10+00:00,bench-02,2306,49.5,0,auto,-51.1,4579731,35,65,2026-09-11-s1
2026-09-11 15:21:20+00:00,bench-02,2339,48.3,0,auto,-50.5,4589728,35,65,2026-09-11-s1
2026-09-11 15:21:30+00:00,bench-02,2344,47.6,0,auto,-51.7,4599732,35,65,2026-09-11-s1
2026-09-11 15:21:40+00:00,bench-02,2330,47.8,0,auto,-49.8,4609730,35,65,2026-09-11-s1
2026-09-11 15:21:50+00:00,bench-02,2378,46.7,0,auto,-50.4,4619733,35,65,2026-09-11-s1
2026-09-11 15:22:00+00:00,bench-02,2379,45.7,0,auto,-51.3,4629728,35,65,2026-09-11-s1
2026-09-11 15:22:10+00:00,bench-02,2375,45.9,0,auto,-51.2,4639731,35,65,2026-09-11-s1
2026-09-11 15:22:20+00:00,bench-02,2389,45.7,0,auto,-51.8,4649732,35,65,2026-09-11-s1
2026-09-11 15:22:30+00:00,bench-02,2384,45.1,0,auto,-53.5,4659729,35,65,2026-09-11-s1
2026-09-11 15:22:40+00:00,bench-02,2424,44.8,0,auto,-53.1,4669728,35,65,2026-09-11-s1
2026-09-11 15:22:50+00:00,bench-02,2412,44.8,0,auto,-51.3,4679729,35,65,2026-09-11-s1
2026-09-11 15:23:00+00:00,bench-02,2399,44.4,0,auto,-48.7,4689728,35,65,2026-09-11-s1
2026-09-11 15:23:10+00:00,bench-02,2423,43.2,0,auto,-49.4,4699732,35,65,2026-09-11-s1
2026-09-11 15:23:20+00:00,bench-02,2444,43.6,0,auto,-51.4,4709727,35,65,2026-09-11-s1
2026-09-11 15:23:30+00:00,bench-02,2433,42.9,0,auto,-50.8,4719723,35,65,2026-09-11-s1
2026-09-11 15:23:40+00:00,bench-02,2453,42.1,0,auto,-54.1,4729719,35,65,2026-09-11-s1
2026-09-11 15:23:50+00:00,bench-02,2429,41.8,0,auto,-51.7,4739723,35,65,2026-09-11-s1
2026-09-11 15:24:00+00:00,bench-02,2483,41.7,0,auto,-49.9,4749719,35,65,2026-09-11-s1
2026-09-11 15:24:10+00:00,bench-02,2492,40.4,0,auto,-49.8,4759723,35,65,2026-09-11-s1
2026-09-11 15:24:20+00:00,bench-02,2480,40.7,0,auto,-49.1,4769727,35,65,2026-09-11-s1
2026-09-11 15:24:30+00:00,bench-02,2485,40.3,0,auto,-48.1,4779727,35,65,2026-09-11-s1
2026-09-11 15:24:40+00:00,bench-02,2489,40.3,0,auto,-51.8,4789728,35,65,2026-09-11-s1
2026-09-11 15:24:50+00:00,bench-02,2493,40.2,0,auto,-51.2,4799732,35,65,2026-09-11-s1
2026-09-11 15:25:00+00:00,bench-02,2504,39.4,0,auto,-52.1,4809727,35,65,2026-09-11-s1
2026-09-11 15:25:10+00:00,bench-02,2512,38.7,0,auto,-51.7,4819728,35,65,2026-09-11-s1
2026-09-11 15:25:20+00:00,bench-02,2520,38.8,0,auto,-51.7,4829725,35,65,2026-09-11-s1
2026-09-11 15:25:30+00:00,bench-02,2545,38.1,0,auto,-54.1,4839723,35,65,2026-09-11-s1
2026-09-11 15:25:40+00:00,bench-02,2545,37.8,0,auto,-52.9,4849720,35,65,2026-09-11-s1
2026-09-11 15:25:50+00:00,bench-02,2530,38.3,0,auto,-51.4,4859724,35,65,2026-09-11-s1
2026-09-11 15:26:00+00:00,bench-02,2535,38.1,0,auto,-52.2,4869728,35,65,2026-09-11-s1
2026-09-11 15:26:10+00:00,bench-02,2532,37.1,0,auto,-53.3,4879726,35,65,2026-09-11-s1
2026-09-11 15:26:20+00:00,bench-02,2562,37.0,0,auto,-53.8,4889725,35,65,2026-09-11-s1
2026-09-11 15:26:30+00:00,bench-02,2559,36.7,0,auto,-53.0,4899722,35,65,2026-09-11-s1
2026-09-11 15:26:40+00:00,bench-02,2572,36.3,0,auto,-52.5,4909725,35,65,2026-09-11-s1
2026-09-11 15:26:50+00:00,bench-02,2547,35.8,0,auto,-52.3,4919727,35,65,2026-09-11-s1
2026-09-11 15:27:00+00:00,bench-02,2557,36.3,0,auto,-50.4,4929729,35,65,2026-09-11-s1
2026-09-11 15:27:10+00:00,bench-02,2575,36.1,0,auto,-49.7,4939733,35,65,2026-09-11-s1
2026-09-11 15:27:20+00:00,bench-02,2603,34.9,0,auto,-50.1,4949736,35,65,2026-09-11-s1
2026-09-11 15:27:30+00:00,bench-02,2600,34.3,0,auto,-51.2,4959735,35,65,2026-09-11-s1
2026-09-11 15:27:40+00:00,bench-02,2608,34.6,1,auto,-49.7,4969731,35,65,2026-09-11-s1
2026-09-11 15:27:50+00:00,bench-02,2583,35.5,1,auto,-50.8,4979731,35,65,2026-09-11-s1
2026-09-11 15:28:00+00:00,bench-02,2563,35.5,1,auto,-52.0,4989731,35,65,2026-09-11-s1
2026-09-11 15:28:10+00:00,bench-02,2530,36.5,1,auto,-50.5,4999735,35,65,2026-09-11-s1
2026-09-11 15:28:20+00:00,bench-02,2558,36.5,1,auto,-50.1,5009736,35,65,2026-09-11-s1
2026-09-11 15:28:30+00:00,bench-02,2556,37.0,1,auto,-50.2,5019732,35,65,2026-09-11-s1
2026-09-11 15:28:40+00:00,bench-02,2526,36.4,1,auto,-50.0,5029736,35,65,2026-09-11-s1
2026-09-11 15:28:50+00:00,bench-02,2566,37.5,1,auto,-51.8,5039735,35,65,2026-09-11-s1
2026-09-11 15:29:00+00:00,bench-02,2545,37.8,1,auto,-54.7,5049738,35,65,2026-09-11-s1
2026-09-11 15:29:10+00:00,bench-02,2530,37.7,1,auto,-54.6,5059738,35,65,2026-09-11-s1
2026-09-11 15:29:20+00:00,bench-02,2557,37.1,1,auto,-54.4,5069734,35,65,2026-09-11-s1
2026-09-11 15:29:30+00:00,bench-02,2499,38.7,1,auto,-54.3,5079731,35,65,2026-09-11-s1
2026-09-11 15:29:40+00:00,bench-02,2523,38.0,1,auto,-56.5,5089733,35,65,2026-09-11-s1
2026-09-11 15:29:50+00:00,bench-02,2524,38.3,1,auto,-56.7,5099728,35,65,2026-09-11-s1
2026-09-11 15:30:00+00:00,bench-02,2528,38.7,1,auto,-56.5,5109729,35,65,2026-09-11-s1
2026-09-11 15:30:10+00:00,bench-02,2493,39.4,1,auto,-55.8,5119732,35,65,2026-09-11-s1
2026-09-11 15:30:20+00:00,bench-02,2500,39.7,1,auto,-53.1,5129728,35,65,2026-09-11-s1
2026-09-11 15:30:30+00:00,bench-02,2478,39.9,1,auto,-51.7,5139731,35,65,2026-09-11-s1
2026-09-11 15:30:40+00:00,bench-02,2471,40.6,1,auto,-50.5,5149735,35,65,2026-09-11-s1
2026-09-11 15:30:50+00:00,bench-02,2470,40.9,1,auto,-48.1,5159734,35,65,2026-09-11-s1
2026-09-11 15:31:00+00:00,bench-02,2480,41.4,1,auto,-48.6,5169732,35,65,2026-09-11-s1
2026-09-11 15:31:10+00:00,bench-02,2453,40.9,1,auto,-48.2,5179732,35,65,2026-09-11-s1
2026-09-11 15:31:20+00:00,bench-02,2476,41.4,1,auto,-46.8,5189730,35,65,2026-09-11-s1
2026-09-11 15:31:30+00:00,bench-02,2460,41.3,1,auto,-44.3,5199733,35,65,2026-09-11-s1
2026-09-11 15:31:40+00:00,bench-02,2468,42.0,1,auto,-43.8,5209734,35,65,2026-09-11-s1
2026-09-11 15:31:50+00:00,bench-02,2461,42.0,1,auto,-41.8,5219731,35,65,2026-09-11-s1
2026-09-11 15:32:00+00:00,bench-02,2452,42.9,1,auto,-40.9,5229733,35,65,2026-09-11-s1
2026-09-11 15:32:10+00:00,bench-02,2446,42.6,1,auto,-43.0,5239731,35,65,2026-09-11-s1
2026-09-11 15:32:20+00:00,bench-02,2432,42.8,1,auto,-44.1,5249728,35,65,2026-09-11-s1
2026-09-11 15:32:30+00:00,bench-02,2439,43.2,1,auto,-42.5,5259731,35,65,2026-09-11-s1
2026-09-11 15:32:40+00:00,bench-02,2404,43.4,1,auto,-43.2,5269727,35,65,2026-09-11-s1
2026-09-11 15:32:50+00:00,bench-02,2420,44.3,1,auto,-45.2,5279726,35,65,2026-09-11-s1
2026-09-11 15:33:00+00:00,bench-02,2417,43.8,1,auto,-46.3,5289725,35,65,2026-09-11-s1
2026-09-11 15:33:10+00:00,bench-02,2424,43.8,1,auto,-48.8,5299721,35,65,2026-09-11-s1
2026-09-11 15:33:20+00:00,bench-02,2378,45.0,1,auto,-48.6,5309721,35,65,2026-09-11-s1
2026-09-11 15:33:30+00:00,bench-02,2401,44.5,1,auto,-48.8,5319718,35,65,2026-09-11-s1
2026-09-11 15:33:40+00:00,bench-02,2404,44.3,1,auto,-51.0,5329720,35,65,2026-09-11-s1
2026-09-11 15:33:50+00:00,bench-02,2381,44.9,1,auto,-49.4,5339719,35,65,2026-09-11-s1
2026-09-11 15:34:00+00:00,bench-02,2412,44.4,1,auto,-48.6,5349718,35,65,2026-09-11-s1
2026-09-11 15:34:10+00:00,bench-02,2386,45.1,1,auto,-49.4,5359715,35,65,2026-09-11-s1
2026-09-11 15:34:20+00:00,bench-02,2392,45.3,1,auto,-48.5,5369718,35,65,2026-09-11-s1
2026-09-11 15:34:30+00:00,bench-02,2367,46.0,1,auto,-48.7,5379715,35,65,2026-09-11-s1
2026-09-11 15:34:40+00:00,bench-02,2363,45.6,1,auto,-50.3,5389710,35,65,2026-09-11-s1
2026-09-11 15:34:50+00:00,bench-02,2367,46.5,1,auto,-50.6,5399711,35,65,2026-09-11-s1
2026-09-11 15:35:00+00:00,bench-02,2367,46.5,1,auto,-50.5,5409712,35,65,2026-09-11-s1
2026-09-11 15:35:10+00:00,bench-02,2352,46.6,1,auto,-48.5,5419715,35,65,2026-09-11-s1
2026-09-11 15:35:20+00:00,bench-02,2338,46.4,1,auto,-48.5,5429719,35,65,2026-09-11-s1
2026-09-11 15:35:30+00:00,bench-02,2347,47.4,1,auto,-48.2,5439719,35,65,2026-09-11-s1
2026-09-11 15:35:40+00:00,bench-02,2323,46.9,1,auto,-48.5,5449721,35,65,2026-09-11-s1
2026-09-11 15:35:50+00:00,bench-02,2322,47.4,1,auto,-47.1,5459718,35,65,2026-09-11-s1
2026-09-11 15:36:00+00:00,bench-02,2343,47.5,1,auto,-48.9,5469720,35,65,2026-09-11-s1
2026-09-11 15:36:10+00:00,bench-02,2341,47.7,1,auto,-47.2,5479715,35,65,2026-09-11-s1
2026-09-11 15:36:20+00:00,bench-02,2298,48.3,1,auto,-46.6,5489712,35,65,2026-09-11-s1
2026-09-11 15:36:30+00:00,bench-02,2335,48.4,1,auto,-46.5,5499709,35,65,2026-09-11-s1
2026-09-11 15:36:40+00:00,bench-02,2330,48.6,1,auto,-48.2,5509711,35,65,2026-09-11-s1
2026-09-11 15:36:50+00:00,bench-02,2330,48.3,1,auto,-47.7,5519709,35,65,2026-09-11-s1
2026-09-11 15:37:00+00:00,bench-02,2329,48.7,1,auto,-47.5,5529710,35,65,2026-09-11-s1
2026-09-11 15:37:10+00:00,bench-02,0,120.0,1,auto,-47.8,5539710,35,65,2026-09-11-s1
2026-09-11 15:37:20+00:00,bench-02,2307,48.6,1,auto,-48.6,5549714,35,65,2026-09-11-s1
2026-09-11 15:37:30+00:00,bench-02,2336,49.0,1,auto,-48.9,5559709,35,65,2026-09-11-s1
2026-09-11 15:37:40+00:00,bench-02,2314,49.9,1,auto,-49.9,5569706,35,65,2026-09-11-s1
2026-09-11 15:37:50+00:00,bench-02,2312,49.5,1,auto,-49.5,5579706,35,65,2026-09-11-s1
2026-09-11 15:38:00+00:00,bench-02,2312,49.2,1,auto,-48.6,5589709,35,65,2026-09-11-s1
2026-09-11 15:38:10+00:00,bench-02,2301,49.6,1,auto,-46.3,5599708,35,65,2026-09-11-s1
2026-09-11 15:38:20+00:00,bench-02,2327,49.2,1,auto,-48.6,5609711,35,65,2026-09-11-s1
2026-09-11 15:38:30+00:00,bench-02,2310,50.7,1,auto,-48.9,5619711,35,65,2026-09-11-s1
2026-09-11 15:38:40+00:00,bench-02,2302,50.9,1,auto,-51.8,5629710,35,65,2026-09-11-s1
2026-09-11 15:38:50+00:00,bench-02,2286,50.5,1,auto,-50.9,5639709,35,65,2026-09-11-s1
2026-09-11 15:39:00+00:00,bench-02,2296,50.8,1,auto,-50.8,5649707,35,65,2026-09-11-s1
2026-09-11 15:39:10+00:00,bench-02,2291,50.5,1,auto,-49.9,5659711,35,65,2026-09-11-s1
2026-09-11 15:39:20+00:00,bench-02,2278,51.4,1,auto,-48.8,5669712,35,65,2026-09-11-s1
2026-09-11 15:39:30+00:00,bench-02,2276,51.7,1,auto,-47.3,5679715,35,65,2026-09-11-s1
2026-09-11 15:39:40+00:00,bench-02,2262,52.0,1,auto,-47.1,5689710,35,65,2026-09-11-s1
2026-09-11 15:39:50+00:00,bench-02,2251,52.2,1,auto,-48.6,5699705,35,65,2026-09-11-s1
2026-09-11 15:40:00+00:00,bench-02,2267,51.5,1,auto,-49.2,5709701,35,65,2026-09-11-s1
2026-09-11 15:40:10+00:00,bench-02,2301,51.0,1,auto,-48.2,5719696,35,65,2026-09-11-s1
2026-09-11 15:40:20+00:00,bench-02,2272,51.5,1,auto,-47.6,5729694,35,65,2026-09-11-s1
2026-09-11 15:40:30+00:00,bench-02,2265,51.8,1,auto,-48.5,5739698,35,65,2026-09-11-s1
2026-09-11 15:40:40+00:00,bench-02,2231,52.7,1,auto,-49.1,5749701,35,65,2026-09-11-s1
2026-09-11 15:40:50+00:00,bench-02,2251,52.2,1,auto,-46.2,5759703,35,65,2026-09-11-s1
2026-09-11 15:41:00+00:00,bench-02,2279,51.6,1,auto,-45.2,5769707,35,65,2026-09-11-s1
2026-09-11 15:41:10+00:00,bench-02,2225,52.6,1,auto,-45.0,5779710,35,65,2026-09-11-s1
2026-09-11 15:41:20+00:00,bench-02,2234,53.2,1,auto,-43.7,5789714,35,65,2026-09-11-s1
2026-09-11 15:41:30+00:00,bench-02,2248,52.9,1,auto,-42.4,5799718,35,65,2026-09-11-s1
2026-09-11 15:41:40+00:00,bench-02,2254,53.3,1,auto,-43.2,5809713,35,65,2026-09-11-s1
2026-09-11 15:41:50+00:00,bench-02,2244,52.8,1,auto,-43.0,5819712,35,65,2026-09-11-s1
2026-09-11 15:42:00+00:00,bench-02,2208,54.0,1,auto,-43.8,5829711,35,65,2026-09-11-s1
2026-09-11 15:42:10+00:00,bench-02,2242,53.0,1,auto,-44.2,5839712,35,65,2026-09-11-s1
2026-09-11 15:42:20+00:00,bench-02,2198,54.0,1,auto,-45.3,5849714,35,65,2026-09-11-s1
2026-09-11 15:42:30+00:00,bench-02,2228,53.8,1,auto,-45.0,5859714,35,65,2026-09-11-s1
2026-09-11 15:42:40+00:00,bench-02,2250,53.8,1,auto,-43.4,5869712,35,65,2026-09-11-s1
2026-09-11 15:42:50+00:00,bench-02,2214,54.1,1,auto,-43.4,5879708,35,65,2026-09-11-s1
2026-09-11 15:43:00+00:00,bench-02,2209,54.3,1,auto,-42.4,5889704,35,65,2026-09-11-s1
2026-09-11 15:43:10+00:00,bench-02,2192,54.4,1,auto,-42.1,5899708,35,65,2026-09-11-s1
2026-09-11 15:43:20+00:00,bench-02,2222,54.6,1,auto,-40.7,5909703,35,65,2026-09-11-s1
2026-09-11 15:43:30+00:00,bench-02,2211,54.7,1,auto,-41.8,5919699,35,65,2026-09-11-s1
2026-09-11 15:43:40+00:00,bench-02,2212,54.4,1,auto,-42.6,5929697,35,65,2026-09-11-s1
2026-09-11 15:43:50+00:00,bench-02,2210,55.1,1,auto,-42.5,5939694,35,65,2026-09-11-s1
2026-09-11 15:44:00+00:00,bench-02,2227,54.6,1,auto,-42.9,5949697,35,65,2026-09-11-s1
2026-09-11 15:44:10+00:00,bench-02,2202,55.1,1,auto,-43.3,5959700,35,65,2026-09-11-s1
2026-09-11 15:44:20+00:00,bench-02,2194,55.3,1,auto,-43.3,5969697,35,65,2026-09-11-s1
2026-09-11 15:44:30+00:00,bench-02,2206,55.7,1,auto,-42.0,5979701,35,65,2026-09-11-s1
2026-09-11 15:44:40+00:00,bench-02,2203,55.6,1,auto,-40.5,5989702,35,65,2026-09-11-s1
2026-09-11 15:44:50+00:00,bench-02,2199,55.1,1,auto,-41.8,5999699,35,65,2026-09-11-s1
2026-09-09 13:20:00+00:00,bench-03,2174,55.9,0,auto,-49.6,9999,35,65,2026-09-09-s1
2026-09-09 13:20:10+00:00,bench-03,2183,56.2,0,auto,-49.0,19996,35,65,2026-09-09-s1
2026-09-09 13:20:20+00:00,bench-03,2215,54.9,0,auto,-49.4,29996,35,65,2026-09-09-s1
2026-09-09 13:20:30+00:00,bench-03,2198,55.3,0,auto,-49.6,39997,35,65,2026-09-09-s1
2026-09-09 13:20:40+00:00,bench-03,2186,55.0,0,auto,-50.5,49997,35,65,2026-09-09-s1
2026-09-09 13:20:50+00:00,bench-03,2249,53.3,0,auto,-50.8,59997,35,65,2026-09-09-s1
2026-09-09 13:21:00+00:00,bench-03,2257,54.0,0,auto,-50.5,70001,35,65,2026-09-09-s1
2026-09-09 13:21:10+00:00,bench-03,2213,54.3,0,auto,-52.3,79998,35,65,2026-09-09-s1
2026-09-09 13:21:20+00:00,bench-03,2239,52.5,0,auto,-52.6,90001,35,65,2026-09-09-s1
2026-09-09 13:21:30+00:00,bench-03,2254,53.0,0,auto,-52.6,99996,35,65,2026-09-09-s1
2026-09-09 13:21:40+00:00,bench-03,2282,52.0,0,auto,-53.2,109995,35,65,2026-09-09-s1
2026-09-09 13:21:50+00:00,bench-03,2279,51.3,0,auto,-53.0,119999,35,65,2026-09-09-s1
2026-09-09 13:22:00+00:00,bench-03,2318,50.1,0,auto,-51.8,129999,35,65,2026-09-09-s1
2026-09-09 13:22:10+00:00,bench-03,2304,50.4,0,auto,-52.5,140000,35,65,2026-09-09-s1
2026-09-09 13:22:20+00:00,bench-03,2306,49.9,0,auto,-52.1,149999,35,65,2026-09-09-s1
2026-09-09 13:22:30+00:00,bench-03,2327,49.3,0,auto,-50.1,159998,35,65,2026-09-09-s1
2026-09-09 13:22:40+00:00,bench-03,2295,49.5,0,auto,-48.5,169994,35,65,2026-09-09-s1
2026-09-09 13:22:50+00:00,bench-03,2366,47.9,0,auto,-48.1,179995,35,65,2026-09-09-s1
2026-09-09 13:23:00+00:00,bench-03,2361,47.9,0,auto,-47.4,189992,35,65,2026-09-09-s1
2026-09-09 13:23:10+00:00,bench-03,2356,47.4,0,auto,-46.6,199991,35,65,2026-09-09-s1
2026-09-09 13:23:20+00:00,bench-03,2359,47.4,0,auto,-45.5,209988,35,65,2026-09-09-s1
2026-09-09 13:23:30+00:00,bench-03,2368,47.1,0,auto,-45.3,219991,35,65,2026-09-09-s1
2026-09-09 13:23:40+00:00,bench-03,2402,46.1,0,auto,-45.2,229994,35,65,2026-09-09-s1
2026-09-09 13:23:50+00:00,bench-03,2409,46.8,0,auto,-45.7,239997,35,65,2026-09-09-s1
2026-09-09 13:24:00+00:00,bench-03,2388,46.3,0,auto,-43.4,249998,35,65,2026-09-09-s1
2026-09-09 13:24:10+00:00,bench-03,2402,45.3,0,auto,-42.9,260002,35,65,2026-09-09-s1
2026-09-09 13:24:20+00:00,bench-03,2432,45.5,0,auto,-42.8,270003,35,65,2026-09-09-s1
2026-09-09 13:24:30+00:00,bench-03,2450,45.0,0,auto,-43.4,280005,35,65,2026-09-09-s1
2026-09-09 13:24:40+00:00,bench-03,2433,44.5,0,auto,-43.5,290006,35,65,2026-09-09-s1
2026-09-09 13:24:50+00:00,bench-03,2448,44.0,0,auto,-42.9,300007,35,65,2026-09-09-s1
2026-09-09 13:25:00+00:00,bench-03,2443,43.5,0,auto,-41.5,310004,35,65,2026-09-09-s1
2026-09-09 13:25:10+00:00,bench-03,2474,43.3,0,auto,-39.2,320001,35,65,2026-09-09-s1
2026-09-09 13:25:20+00:00,bench-03,2469,42.2,0,auto,-38.9,329997,35,65,2026-09-09-s1
2026-09-09 13:25:30+00:00,bench-03,2472,42.8,0,auto,-38.7,339993,35,65,2026-09-09-s1
2026-09-09 13:25:40+00:00,bench-03,2516,41.5,0,auto,-40.0,349994,35,65,2026-09-09-s1
2026-09-09 13:25:50+00:00,bench-03,2495,42.1,0,auto,-41.6,359991,35,65,2026-09-09-s1
2026-09-09 13:26:00+00:00,bench-03,2526,40.8,0,auto,-42.1,369991,35,65,2026-09-09-s1
2026-09-09 13:26:10+00:00,bench-03,2511,40.8,0,auto,-43.4,379992,35,65,2026-09-09-s1
2026-09-09 13:26:20+00:00,bench-03,2500,41.5,0,auto,-43.6,389989,35,65,2026-09-09-s1
2026-09-09 13:26:30+00:00,bench-03,2553,39.7,0,auto,-42.8,399985,35,65,2026-09-09-s1
2026-09-09 13:26:40+00:00,bench-03,2536,40.3,0,auto,-41.4,409982,35,65,2026-09-09-s1
2026-09-09 13:26:50+00:00,bench-03,2523,39.8,0,auto,-40.6,419983,35,65,2026-09-09-s1
2026-09-09 13:27:00+00:00,bench-03,2535,39.6,0,auto,-42.6,429986,35,65,2026-09-09-s1
2026-09-09 13:27:10+00:00,bench-03,2552,39.3,0,auto,-43.8,439982,35,65,2026-09-09-s1
2026-09-09 13:27:20+00:00,bench-03,2580,38.3,0,auto,-44.9,449985,35,65,2026-09-09-s1
2026-09-09 13:27:30+00:00,bench-03,2568,38.8,0,auto,-45.0,459980,35,65,2026-09-09-s1
2026-09-09 13:27:40+00:00,bench-03,2590,37.7,0,auto,-46.5,469982,35,65,2026-09-09-s1
2026-09-09 13:27:50+00:00,bench-03,2588,37.5,0,auto,-45.1,479982,35,65,2026-09-09-s1
2026-09-09 13:28:00+00:00,bench-03,2593,37.6,0,auto,-44.8,489978,35,65,2026-09-09-s1
2026-09-09 13:28:10+00:00,bench-03,2624,36.3,0,auto,-45.4,499974,35,65,2026-09-09-s1
2026-09-09 13:28:20+00:00,bench-03,2593,36.6,0,auto,-45.4,509975,35,65,2026-09-09-s1
2026-09-09 13:28:30+00:00,bench-03,2612,36.2,0,auto,-46.1,519979,35,65,2026-09-09-s1
2026-09-09 13:28:40+00:00,bench-03,2617,36.4,0,auto,-47.0,529975,35,65,2026-09-09-s1
2026-09-09 13:28:50+00:00,bench-03,2574,36.6,0,auto,-46.3,539977,35,65,2026-09-09-s1
2026-09-09 13:29:00+00:00,bench-03,2633,35.3,0,auto,-47.0,549977,35,65,2026-09-09-s1
2026-09-09 13:29:10+00:00,bench-03,2625,35.8,0,auto,-47.0,559977,35,65,2026-09-09-s1
2026-09-09 13:29:20+00:00,bench-03,2660,34.4,0,auto,-48.5,569973,35,65,2026-09-09-s1
2026-09-09 13:29:30+00:00,bench-03,2616,35.6,0,auto,-47.5,579975,35,65,2026-09-09-s1
2026-09-09 13:29:40+00:00,bench-03,2643,35.2,1,auto,-45.3,589975,35,65,2026-09-09-s1
2026-09-09 13:29:50+00:00,bench-03,2604,36.0,1,auto,-43.3,599973,35,65,2026-09-09-s1
2026-09-09 13:30:00+00:00,bench-03,2606,36.5,1,auto,-42.4,609977,35,65,2026-09-09-s1
2026-09-09 13:30:10+00:00,bench-03,2578,37.3,1,auto,-43.2,619976,35,65,2026-09-09-s1
2026-09-09 13:30:20+00:00,bench-03,2581,37.9,1,auto,-41.0,629972,35,65,2026-09-09-s1
2026-09-09 13:30:30+00:00,bench-03,2538,38.6,1,auto,-40.1,639973,35,65,2026-09-09-s1
2026-09-09 13:30:40+00:00,bench-03,2562,38.4,1,auto,-38.3,649975,35,65,2026-09-09-s1
2026-09-09 13:30:50+00:00,bench-03,2543,39.7,1,auto,-36.1,659974,35,65,2026-09-09-s1
2026-09-09 13:31:00+00:00,bench-03,2537,39.7,1,auto,-36.9,669974,35,65,2026-09-09-s1
2026-09-09 13:31:10+00:00,bench-03,2517,40.1,1,auto,-35.2,679977,35,65,2026-09-09-s1
2026-09-09 13:31:20+00:00,bench-03,2509,40.3,1,auto,-35.0,689974,35,65,2026-09-09-s1
2026-09-09 13:31:30+00:00,bench-03,2506,40.7,1,auto,-35.0,699969,35,65,2026-09-09-s1
2026-09-09 13:31:40+00:00,bench-03,2488,41.9,1,auto,-35.0,709969,35,65,2026-09-09-s1
2026-09-09 13:31:50+00:00,bench-03,2489,42.2,1,auto,-35.0,719968,35,65,2026-09-09-s1
2026-09-09 13:32:00+00:00,bench-03,2485,42.6,1,auto,-35.0,729964,35,65,2026-09-09-s1
2026-09-09 13:32:10+00:00,bench-03,2442,43.4,1,auto,-36.9,739962,35,65,2026-09-09-s1
2026-09-09 13:32:20+00:00,bench-03,2453,43.2,1,auto,-35.7,749961,35,65,2026-09-09-s1
2026-09-09 13:32:30+00:00,bench-03,2445,43.8,1,auto,-35.0,759959,35,65,2026-09-09-s1
2026-09-09 13:32:40+00:00,bench-03,2432,44.6,1,auto,-35.1,769962,35,65,2026-09-09-s1
2026-09-09 13:32:50+00:00,bench-03,2431,44.2,1,auto,-35.0,779958,35,65,2026-09-09-s1
2026-09-09 13:33:00+00:00,bench-03,2438,45.3,1,auto,-36.9,789961,35,65,2026-09-09-s1
2026-09-09 13:33:10+00:00,bench-03,2422,45.0,1,auto,-35.7,799963,35,65,2026-09-09-s1
2026-09-09 13:33:20+00:00,bench-03,2409,46.3,1,auto,-35.0,809963,35,65,2026-09-09-s1
2026-09-09 13:33:30+00:00,bench-03,2370,46.8,1,auto,-35.5,819963,35,65,2026-09-09-s1
2026-09-09 13:33:40+00:00,bench-03,2388,47.2,1,auto,-37.3,829958,35,65,2026-09-09-s1
2026-09-09 13:33:50+00:00,bench-03,2347,48.0,1,auto,-35.8,839960,35,65,2026-09-09-s1
2026-09-09 13:34:00+00:00,bench-03,2362,47.8,1,auto,-37.5,849960,35,65,2026-09-09-s1
2026-09-09 13:34:10+00:00,bench-03,2379,47.6,1,auto,-37.5,859957,35,65,2026-09-09-s1
2026-09-09 13:34:20+00:00,bench-03,2347,48.9,1,auto,-38.4,869954,35,65,2026-09-09-s1
2026-09-09 13:34:30+00:00,bench-03,2335,48.9,1,auto,-39.6,879953,35,65,2026-09-09-s1
2026-09-09 13:34:40+00:00,bench-03,2318,49.2,1,auto,-40.2,889951,35,65,2026-09-09-s1
2026-09-09 13:34:50+00:00,bench-03,2340,49.5,1,auto,-41.9,899950,35,65,2026-09-09-s1
2026-09-09 13:35:00+00:00,bench-03,2335,49.4,1,auto,-40.2,909954,35,65,2026-09-09-s1
2026-09-09 13:35:10+00:00,bench-03,2296,50.7,1,auto,-41.8,919954,35,65,2026-09-09-s1
2026-09-09 13:35:20+00:00,bench-03,2285,51.3,1,auto,-42.7,929954,35,65,2026-09-09-s1
2026-09-09 13:35:30+00:00,bench-03,2307,51.1,1,auto,-44.5,939950,35,65,2026-09-09-s1
2026-09-09 13:35:40+00:00,bench-03,2271,52.0,1,auto,-42.9,949947,35,65,2026-09-09-s1
2026-09-09 13:35:50+00:00,bench-03,2253,51.9,1,auto,-43.3,959944,35,65,2026-09-09-s1
2026-09-09 13:36:00+00:00,bench-03,2241,52.8,1,auto,-43.0,969944,35,65,2026-09-09-s1
2026-09-09 13:36:10+00:00,bench-03,2260,52.8,1,auto,-44.6,979948,35,65,2026-09-09-s1
2026-09-09 13:36:20+00:00,bench-03,2243,53.2,1,auto,-46.1,989945,35,65,2026-09-09-s1
2026-09-09 13:36:30+00:00,bench-03,2224,53.4,1,auto,-45.2,999942,35,65,2026-09-09-s1
2026-09-09 13:36:40+00:00,bench-03,2210,54.1,1,auto,-46.1,1009941,35,65,2026-09-09-s1
2026-09-09 13:36:50+00:00,bench-03,2209,54.5,1,auto,-46.5,1019940,35,65,2026-09-09-s1
2026-09-09 13:37:00+00:00,bench-03,2215,54.8,1,auto,-48.2,1029941,35,65,2026-09-09-s1
2026-09-09 13:37:10+00:00,bench-03,2173,55.7,1,auto,-49.4,1039945,35,65,2026-09-09-s1
2026-09-09 13:37:20+00:00,bench-03,2215,55.1,1,auto,-48.6,1049941,35,65,2026-09-09-s1
2026-09-09 13:37:30+00:00,bench-03,2182,55.6,1,auto,-49.1,1059936,35,65,2026-09-09-s1
2026-09-09 13:37:40+00:00,bench-03,2189,55.4,1,auto,-52.0,1069939,35,65,2026-09-09-s1
2026-09-09 13:37:50+00:00,bench-03,2203,55.7,1,auto,-52.7,1079937,35,65,2026-09-09-s1
2026-09-09 13:38:00+00:00,bench-03,2152,56.5,1,auto,-52.1,1089933,35,65,2026-09-09-s1
2026-09-09 13:38:10+00:00,bench-03,2173,57.0,1,auto,-51.7,1099935,35,65,2026-09-09-s1
2026-09-09 13:38:20+00:00,bench-03,2160,57.2,1,auto,-52.8,1109935,35,65,2026-09-09-s1
2026-09-09 13:38:30+00:00,bench-03,2146,57.5,1,auto,-53.2,1119933,35,65,2026-09-09-s1
2026-09-09 13:38:40+00:00,bench-03,2129,57.3,1,auto,-53.0,1129935,35,65,2026-09-09-s1
2026-09-09 13:38:50+00:00,bench-03,2124,57.9,1,auto,-53.1,1139932,35,65,2026-09-09-s1
2026-09-09 13:39:00+00:00,bench-03,2121,58.3,1,auto,-53.4,1149930,35,65,2026-09-09-s1
2026-09-09 13:39:10+00:00,bench-03,2132,58.7,1,auto,-52.0,1159929,35,65,2026-09-09-s1
2026-09-09 13:39:20+00:00,bench-03,2128,58.4,1,auto,-54.8,1169933,35,65,2026-09-09-s1
2026-09-09 13:39:30+00:00,bench-03,2129,59.1,1,auto,-53.5,1179933,35,65,2026-09-09-s1
2026-09-09 13:39:40+00:00,bench-03,2089,59.8,1,auto,-53.8,1189931,35,65,2026-09-09-s1
2026-09-09 13:39:50+00:00,bench-03,2087,60.3,1,auto,-53.7,1199932,35,65,2026-09-09-s1
2026-09-09 13:40:00+00:00,bench-03,2108,60.0,1,auto,-55.8,1209936,35,65,2026-09-09-s1
2026-09-09 13:40:10+00:00,bench-03,2076,60.3,1,auto,-56.6,1219932,35,65,2026-09-09-s1
2026-09-09 13:40:20+00:00,bench-03,2083,60.4,1,auto,-55.1,1229936,35,65,2026-09-09-s1
2026-09-09 13:40:30+00:00,bench-03,2089,61.3,1,auto,-53.7,1239940,35,65,2026-09-09-s1
2026-09-09 13:40:40+00:00,bench-03,2049,61.9,1,auto,-55.9,1249942,35,65,2026-09-09-s1
2026-09-09 13:40:50+00:00,bench-03,2046,61.6,1,auto,-57.2,1259938,35,65,2026-09-09-s1
2026-09-09 13:41:00+00:00,bench-03,2042,62.3,1,auto,-56.6,1269933,35,65,2026-09-09-s1
2026-09-09 13:41:10+00:00,bench-03,2060,62.0,1,auto,-57.9,1279928,35,65,2026-09-09-s1
2026-09-09 13:41:20+00:00,bench-03,2021,62.7,1,auto,-54.7,1289930,35,65,2026-09-09-s1
2026-09-09 13:41:30+00:00,bench-03,2050,62.3,1,auto,-54.2,1299925,35,65,2026-09-09-s1
2026-09-09 13:41:40+00:00,bench-03,2044,62.8,1,auto,-54.3,1309927,35,65,2026-09-09-s1
2026-09-09 13:41:50+00:00,bench-03,2034,62.5,1,auto,-53.1,1319928,35,65,2026-09-09-s1
2026-09-09 13:42:00+00:00,bench-03,2028,63.0,1,auto,-52.8,1329925,35,65,2026-09-09-s1
2026-09-09 13:42:10+00:00,bench-03,2002,64.2,1,auto,-52.2,1339921,35,65,2026-09-09-s1
2026-09-09 13:42:20+00:00,bench-03,2015,64.5,1,auto,-51.7,1349917,35,65,2026-09-09-s1
2026-09-09 13:42:30+00:00,bench-03,2015,64.5,1,auto,-51.6,1359914,35,65,2026-09-09-s1
2026-09-09 13:42:40+00:00,bench-03,1984,64.4,1,auto,-49.6,1369912,35,65,2026-09-09-s1
2026-09-09 13:42:50+00:00,bench-03,2023,64.4,1,auto,-47.8,1379908,35,65,2026-09-09-s1
2026-09-09 13:43:00+00:00,bench-03,1990,64.6,1,auto,-47.0,1389911,35,65,2026-09-09-s1
2026-09-09 13:43:10+00:00,bench-03,1996,64.8,1,auto,-49.8,1399915,35,65,2026-09-09-s1
2026-09-09 13:43:20+00:00,bench-03,2027,63.9,0,auto,-49.5,1409914,35,65,2026-09-09-s1
2026-09-09 13:43:30+00:00,bench-03,2006,63.9,0,auto,-47.4,1419909,35,65,2026-09-09-s1
2026-09-09 13:43:40+00:00,bench-03,2035,62.8,0,auto,-46.9,1429906,35,65,2026-09-09-s1
2026-09-09 13:43:50+00:00,bench-03,2039,62.7,0,auto,-46.9,1439904,35,65,2026-09-09-s1
2026-09-09 13:44:00+00:00,bench-03,2080,62.2,0,auto,-46.8,1449908,35,65,2026-09-09-s1
2026-09-09 13:44:10+00:00,bench-03,2073,61.5,0,auto,-46.4,1459903,35,65,2026-09-09-s1
2026-09-09 13:44:20+00:00,bench-03,2072,61.0,0,auto,-47.9,1469903,35,65,2026-09-09-s1
2026-09-09 13:44:30+00:00,bench-03,2080,60.4,0,auto,-47.8,1479907,35,65,2026-09-09-s1
2026-09-09 13:44:40+00:00,bench-03,2090,59.8,0,auto,-51.6,1489903,35,65,2026-09-09-s1
2026-09-09 13:44:50+00:00,bench-03,2147,58.8,0,auto,-52.2,1499907,35,65,2026-09-09-s1
2026-09-09 13:45:00+00:00,bench-03,2133,59.0,0,auto,-53.5,1509908,35,65,2026-09-09-s1
2026-09-09 13:45:10+00:00,bench-03,2148,57.8,0,auto,-55.1,1519912,35,65,2026-09-09-s1
2026-09-09 13:45:20+00:00,bench-03,2120,58.4,0,auto,-56.7,1529912,35,65,2026-09-09-s1
2026-09-09 13:45:30+00:00,bench-03,2148,57.1,0,auto,-56.8,1539910,35,65,2026-09-09-s1
2026-09-09 13:45:40+00:00,bench-03,2155,57.4,0,auto,-57.4,1549910,35,65,2026-09-09-s1
2026-09-09 13:45:50+00:00,bench-03,2187,56.1,0,auto,-59.2,1559909,35,65,2026-09-09-s1
2026-09-09 13:46:00+00:00,bench-03,2194,55.7,0,auto,-59.5,1569913,35,65,2026-09-09-s1
2026-09-09 13:46:10+00:00,bench-03,2189,56.2,0,auto,-58.5,1579910,35,65,2026-09-09-s1
2026-09-09 13:46:20+00:00,bench-03,2199,54.8,0,auto,-59.5,1589912,35,65,2026-09-09-s1
2026-09-09 13:46:30+00:00,bench-03,2217,54.1,0,auto,-60.8,1599912,35,65,2026-09-09-s1
2026-09-09 13:46:40+00:00,bench-03,2236,54.4,0,auto,-59.3,1609911,35,65,2026-09-09-s1
2026-09-09 13:46:50+00:00,bench-03,2254,53.6,0,auto,-59.9,1619912,35,65,2026-09-09-s1
2026-09-09 13:47:00+00:00,bench-03,2269,52.9,0,auto,-59.0,1629908,35,65,2026-09-09-s1
2026-09-09 13:47:10+00:00,bench-03,2259,52.8,0,auto,-59.8,1639911,35,65,2026-09-09-s1
2026-09-09 13:47:20+00:00,bench-03,2278,52.2,0,auto,-60.7,1649915,35,65,2026-09-09-s1
2026-09-09 13:47:30+00:00,bench-03,2273,51.8,0,auto,-60.5,1659917,35,65,2026-09-09-s1
2026-09-09 13:47:40+00:00,bench-03,2283,51.1,0,auto,-60.0,1669919,35,65,2026-09-09-s1
2026-09-09 13:47:50+00:00,bench-03,2279,51.1,0,auto,-59.8,1679915,35,65,2026-09-09-s1
2026-09-09 13:48:00+00:00,bench-03,2290,51.4,0,auto,-60.0,1689914,35,65,2026-09-09-s1
2026-09-09 13:48:10+00:00,bench-03,2295,50.5,0,auto,-60.9,1699916,35,65,2026-09-09-s1
2026-09-09 13:48:20+00:00,bench-03,2308,50.0,0,auto,-61.8,1709911,35,65,2026-09-09-s1
2026-09-09 13:48:30+00:00,bench-03,2334,49.0,0,auto,-63.3,1719911,35,65,2026-09-09-s1
2026-09-09 13:48:40+00:00,bench-03,2343,49.0,0,auto,-62.8,1729914,35,65,2026-09-09-s1
2026-09-09 13:48:50+00:00,bench-03,2328,48.9,0,auto,-65.0,1739914,35,65,2026-09-09-s1
2026-09-09 13:49:00+00:00,bench-03,2339,48.4,0,auto,-64.3,1749910,35,65,2026-09-09-s1
2026-09-09 13:49:10+00:00,bench-03,2347,48.0,0,auto,-63.6,1759911,35,65,2026-09-09-s1
2026-09-09 13:49:20+00:00,bench-03,2382,46.9,0,auto,-64.0,1769914,35,65,2026-09-09-s1
2026-09-09 13:49:30+00:00,bench-03,2362,47.3,0,auto,-65.5,1779916,35,65,2026-09-09-s1
2026-09-09 13:49:40+00:00,bench-03,2385,46.8,0,auto,-65.3,1789912,35,65,2026-09-09-s1
2026-09-09 13:49:50+00:00,bench-03,2381,46.0,0,auto,-64.3,1799914,35,65,2026-09-09-s1
2026-09-09 13:50:00+00:00,bench-03,0,120.0,0,auto,-63.9,1809914,35,65,2026-09-09-s1
2026-09-09 13:50:10+00:00,bench-03,2440,44.9,0,auto,-65.6,1819913,35,65,2026-09-09-s1
2026-09-09 13:50:20+00:00,bench-03,2438,44.9,0,auto,-65.2,1829908,35,65,2026-09-09-s1
2026-09-09 13:50:30+00:00,bench-03,2442,44.4,0,auto,-64.4,1839911,35,65,2026-09-09-s1
2026-09-09 13:50:40+00:00,bench-03,2438,43.5,0,auto,-63.7,1849906,35,65,2026-09-09-s1
2026-09-09 13:50:50+00:00,bench-03,2439,44.3,0,auto,-66.3,1859907,35,65,2026-09-09-s1
2026-09-09 13:51:00+00:00,bench-03,2438,44.1,0,auto,-67.6,1869906,35,65,2026-09-09-s1
2026-09-09 13:51:10+00:00,bench-03,2442,43.7,0,auto,-68.3,1879908,35,65,2026-09-09-s1
2026-09-09 13:51:20+00:00,bench-03,2480,42.4,0,auto,-67.7,1889906,35,65,2026-09-09-s1
2026-09-09 13:51:30+00:00,bench-03,2476,42.4,0,auto,-67.1,1899910,35,65,2026-09-09-s1
2026-09-09 13:51:40+00:00,bench-03,2481,41.9,0,auto,-68.5,1909914,35,65,2026-09-09-s1
2026-09-09 13:51:50+00:00,bench-03,2490,42.4,0,auto,-68.4,1919909,35,65,2026-09-09-s1
2026-09-09 13:52:00+00:00,bench-03,2505,41.5,0,auto,-67.4,1929912,35,65,2026-09-09-s1
2026-09-09 13:52:10+00:00,bench-03,2493,40.7,0,auto,-68.1,1939907,35,65,2026-09-09-s1
2026-09-09 13:52:20+00:00,bench-03,2503,41.4,0,auto,-68.1,1949903,35,65,2026-09-09-s1
2026-09-09 13:52:30+00:00,bench-03,2521,39.8,0,auto,-66.9,1959906,35,65,2026-09-09-s1
2026-09-09 13:52:40+00:00,bench-03,2522,40.2,0,auto,-66.7,1969910,35,65,2026-09-09-s1
2026-09-09 13:52:50+00:00,bench-03,2536,40.4,0,auto,-68.4,1979906,35,65,2026-09-09-s1
2026-09-09 13:53:00+00:00,bench-03,2547,40.1,0,auto,-71.1,1989902,35,65,2026-09-09-s1
2026-09-09 13:53:10+00:00,bench-03,2544,39.0,0,auto,-68.6,1999899,35,65,2026-09-09-s1
2026-09-09 13:53:20+00:00,bench-03,2555,38.9,0,auto,-67.6,2009896,35,65,2026-09-09-s1
2026-09-09 13:53:30+00:00,bench-03,2578,38.4,0,auto,-66.7,2019893,35,65,2026-09-09-s1
2026-09-09 13:53:40+00:00,bench-03,2565,37.9,0,auto,-67.3,2029895,35,65,2026-09-09-s1
2026-09-09 13:53:50+00:00,bench-03,2571,37.7,0,auto,-67.5,2039892,35,65,2026-09-09-s1
2026-09-09 13:54:00+00:00,bench-03,2589,37.3,0,auto,-67.6,2049892,35,65,2026-09-09-s1
2026-09-09 13:54:10+00:00,bench-03,2563,36.9,0,auto,-66.9,2059888,35,65,2026-09-09-s1
2026-09-09 13:54:20+00:00,bench-03,2608,36.9,0,auto,-67.0,2069883,35,65,2026-09-09-s1
2026-09-09 13:54:30+00:00,bench-03,2605,36.9,0,auto,-67.0,2079886,35,65,2026-09-09-s1
2026-09-09 13:54:50+00:00,bench-03,2610,36.2,0,auto,-65.4,2099880,35,65,2026-09-09-s1
2026-09-09 13:55:00+00:00,bench-03,2623,36.1,0,auto,-63.8,2109879,35,65,2026-09-09-s1
2026-09-09 13:55:10+00:00,bench-03,2631,35.2,0,auto,-63.0,2119883,35,65,2026-09-09-s1
2026-09-09 13:55:20+00:00,bench-03,2647,34.8,0,auto,-61.8,2129882,35,65,2026-09-09-s1
2026-09-09 13:55:30+00:00,bench-03,2651,35.3,0,auto,-64.1,2139882,35,65,2026-09-09-s1
2026-09-09 13:55:40+00:00,bench-03,2622,34.7,0,auto,-64.7,2149884,35,65,2026-09-09-s1
2026-09-09 13:55:50+00:00,bench-03,2636,35.4,1,auto,-64.6,2159879,35,65,2026-09-09-s1
2026-09-09 13:56:00+00:00,bench-03,2641,36.0,1,auto,-65.1,2169874,35,65,2026-09-09-s1
2026-09-09 13:56:10+00:00,bench-03,2624,36.3,1,auto,-66.9,2179872,35,65,2026-09-09-s1
2026-09-09 13:56:20+00:00,bench-03,2605,37.7,1,auto,-67.5,2189872,35,65,2026-09-09-s1
2026-09-09 13:56:30+00:00,bench-03,2594,37.7,1,auto,-68.8,2199876,35,65,2026-09-09-s1
2026-09-09 13:56:40+00:00,bench-03,2570,38.3,1,auto,-67.8,2209877,35,65,2026-09-09-s1
2026-09-09 13:56:50+00:00,bench-03,2566,39.0,1,auto,-67.6,2219874,35,65,2026-09-09-s1
2026-09-09 13:57:00+00:00,bench-03,2539,38.9,1,auto,-68.0,2229876,35,65,2026-09-09-s1
2026-09-09 13:57:10+00:00,bench-03,2538,39.6,1,auto,-68.1,2239878,35,65,2026-09-09-s1
2026-09-09 13:57:20+00:00,bench-03,2544,39.6,1,auto,-68.7,2249880,35,65,2026-09-09-s1
2026-09-09 13:57:30+00:00,bench-03,2546,39.7,1,auto,-68.5,2259877,35,65,2026-09-09-s1
2026-09-09 13:57:40+00:00,bench-03,2486,41.4,1,auto,-70.2,2269879,35,65,2026-09-09-s1
2026-09-09 13:57:50+00:00,bench-03,2502,41.1,1,auto,-70.3,2279876,35,65,2026-09-09-s1
2026-09-09 13:58:00+00:00,bench-03,2502,41.1,1,auto,-69.9,2289876,35,65,2026-09-09-s1
2026-09-09 13:58:10+00:00,bench-03,2490,41.9,1,auto,-68.9,2299879,35,65,2026-09-09-s1
2026-09-09 13:58:20+00:00,bench-03,2485,42.7,1,auto,-68.2,2309881,35,65,2026-09-09-s1
2026-09-09 13:58:30+00:00,bench-03,2445,43.6,1,auto,-68.5,2319878,35,65,2026-09-09-s1
2026-09-09 13:58:40+00:00,bench-03,2449,43.9,1,auto,-70.1,2329876,35,65,2026-09-09-s1
2026-09-09 13:58:50+00:00,bench-03,2470,43.4,1,auto,-69.6,2339873,35,65,2026-09-09-s1
2026-09-09 13:59:00+00:00,bench-03,2439,44.6,1,auto,-70.0,2349874,35,65,2026-09-09-s1
2026-09-09 13:59:10+00:00,bench-03,2427,44.9,1,auto,-69.6,2359874,35,65,2026-09-09-s1
2026-09-09 13:59:20+00:00,bench-03,2415,45.5,1,auto,-70.8,2369875,35,65,2026-09-09-s1
2026-09-09 13:59:30+00:00,bench-03,2386,45.9,1,auto,-71.3,2379875,35,65,2026-09-09-s1
2026-09-09 13:59:40+00:00,bench-03,2407,46.1,1,auto,-73.2,2389877,35,65,2026-09-09-s1
2026-09-09 13:59:50+00:00,bench-03,2360,47.7,1,auto,-73.6,2399875,35,65,2026-09-09-s1
2026-09-09 14:00:00+00:00,bench-03,2368,46.7,1,auto,-74.5,2409874,35,65,2026-09-09-s1
2026-09-09 14:00:10+00:00,bench-03,2395,47.0,1,auto,-75.3,2419874,35,65,2026-09-09-s1
2026-09-09 14:00:20+00:00,bench-03,2340,48.4,1,auto,-74.8,2429873,35,65,2026-09-09-s1
2026-09-09 14:00:30+00:00,bench-03,2374,47.8,1,auto,-77.2,2439876,35,65,2026-09-09-s1
2026-09-09 14:00:40+00:00,bench-03,2357,48.8,1,auto,-77.7,2449878,35,65,2026-09-09-s1
2026-09-09 14:00:50+00:00,bench-03,2325,48.9,1,auto,-78.4,2459881,35,65,2026-09-09-s1
2026-09-09 14:01:00+00:00,bench-03,2356,49.1,1,auto,-77.7,2469882,35,65,2026-09-09-s1
2026-09-09 14:01:10+00:00,bench-03,2327,50.0,1,auto,-75.9,2479879,35,65,2026-09-09-s1
2026-09-09 14:01:20+00:00,bench-03,2283,50.5,1,auto,-78.5,2489882,35,65,2026-09-09-s1
2026-09-09 14:01:30+00:00,bench-03,2320,50.5,1,auto,-79.6,2499877,35,65,2026-09-09-s1
2026-09-09 14:01:40+00:00,bench-03,2264,50.7,1,auto,-80.9,2509879,35,65,2026-09-09-s1
2026-09-09 14:01:50+00:00,bench-03,2310,50.9,1,auto,-79.7,2519879,35,65,2026-09-09-s1
2026-09-09 14:02:00+00:00,bench-03,2261,52.2,1,auto,-80.8,2529877,35,65,2026-09-09-s1
2026-09-09 14:02:10+00:00,bench-03,2263,52.0,1,auto,-81.9,2539877,35,65,2026-09-09-s1
2026-09-09 14:02:20+00:00,bench-03,2263,52.7,1,auto,-83.9,2549879,35,65,2026-09-09-s1
2026-09-09 14:02:30+00:00,bench-03,2246,52.9,1,auto,-79.7,2559883,35,65,2026-09-09-s1
2026-09-09 14:02:40+00:00,bench-03,2211,53.7,1,auto,-79.3,2569882,35,65,2026-09-09-s1
2026-09-09 14:02:50+00:00,bench-03,2281,52.6,1,auto,-80.0,2579878,35,65,2026-09-09-s1
2026-09-09 14:03:00+00:00,bench-03,2221,54.1,1,auto,-78.9,2589877,35,65,2026-09-09-s1
2026-09-09 14:03:10+00:00,bench-03,2243,54.4,1,auto,-79.3,2599872,35,65,2026-09-09-s1
2026-09-09 14:03:20+00:00,bench-03,0,120.0,1,auto,-80.4,2609868,35,65,2026-09-09-s1
2026-09-09 14:03:30+00:00,bench-03,2211,55.0,1,auto,-79.7,2619866,35,65,2026-09-09-s1
2026-09-09 14:03:40+00:00,bench-03,2187,55.2,1,auto,-82.7,2629869,35,65,2026-09-09-s1
2026-09-09 14:03:50+00:00,bench-03,2186,56.2,1,auto,-83.2,2639864,35,65,2026-09-09-s1
2026-09-09 14:04:00+00:00,bench-03,2186,56.2,1,auto,-82.8,2649863,35,65,2026-09-09-s1
2026-09-09 14:04:10+00:00,bench-03,2188,55.7,1,auto,-81.9,2659859,35,65,2026-09-09-s1
2026-09-09 14:04:20+00:00,bench-03,2200,56.1,1,auto,-82.3,2669860,35,65,2026-09-09-s1
2026-09-09 14:04:30+00:00,bench-03,2165,56.3,1,auto,-83.6,2679864,35,65,2026-09-09-s1
2026-09-09 14:04:40+00:00,bench-03,2167,56.8,1,auto,-84.4,2689859,35,65,2026-09-09-s1
2026-09-09 14:04:50+00:00,bench-03,2161,57.0,1,auto,-86.2,2699854,35,65,2026-09-09-s1
2026-09-09 14:05:00+00:00,bench-03,2169,57.6,1,auto,-85.1,2709855,35,65,2026-09-09-s1
2026-09-09 14:05:10+00:00,bench-03,2138,57.9,1,auto,-84.9,2719858,35,65,2026-09-09-s1
2026-09-09 14:05:20+00:00,bench-03,2135,57.9,1,auto,-85.4,2729861,35,65,2026-09-09-s1
2026-09-09 14:05:30+00:00,bench-03,2105,59.3,1,auto,-85.0,2739860,35,65,2026-09-09-s1
2026-09-09 14:05:40+00:00,bench-03,2122,58.8,1,auto,-87.7,2749857,35,65,2026-09-09-s1
2026-09-09 14:05:50+00:00,bench-03,2116,58.8,1,auto,-87.8,2759856,35,65,2026-09-09-s1
2026-09-09 14:06:00+00:00,bench-03,2086,59.9,1,auto,-88.6,2769851,35,65,2026-09-09-s1
2026-09-09 14:06:10+00:00,bench-03,2101,59.7,1,auto,-89.3,2779853,35,65,2026-09-09-s1
2026-09-09 14:06:20+00:00,bench-03,2096,60.4,1,auto,-90.0,2789848,35,65,2026-09-09-s1
2026-09-09 14:06:30+00:00,bench-03,2083,60.7,1,auto,-89.9,2799843,35,65,2026-09-09-s1
2026-09-09 14:06:40+00:00,bench-03,2097,60.2,1,auto,-89.9,2809842,35,65,2026-09-09-s1
2026-09-09 14:06:50+00:00,bench-03,2086,60.4,1,auto,-89.7,2819842,35,65,2026-09-09-s1
2026-09-09 14:07:00+00:00,bench-03,2079,61.6,1,auto,-88.0,2829840,35,65,2026-09-09-s1
2026-09-09 14:07:10+00:00,bench-03,2048,61.5,1,auto,-86.0,2839836,35,65,2026-09-09-s1
2026-09-09 14:07:20+00:00,bench-03,2085,61.1,1,auto,-86.5,2849832,35,65,2026-09-09-s1
2026-09-09 14:07:30+00:00,bench-03,2048,62.0,1,auto,-85.8,2859830,35,65,2026-09-09-s1
2026-09-09 14:07:40+00:00,bench-03,2055,62.7,1,auto,-86.5,2869833,35,65,2026-09-09-s1
2026-09-09 14:07:50+00:00,bench-03,2040,62.4,1,auto,-86.8,2879836,35,65,2026-09-09-s1
2026-09-09 14:08:00+00:00,bench-03,2014,62.8,1,auto,-85.2,2889831,35,65,2026-09-09-s1
2026-09-09 14:08:10+00:00,bench-03,2024,63.3,1,auto,-84.9,2899830,35,65,2026-09-09-s1
2026-09-09 14:08:20+00:00,bench-03,2033,62.8,1,auto,-84.0,2909829,35,65,2026-09-09-s1
2026-09-09 14:08:30+00:00,bench-03,2020,63.9,1,auto,-86.4,2919829,35,65,2026-09-09-s1
2026-09-09 14:08:40+00:00,bench-03,2010,64.1,1,auto,-86.4,2929831,35,65,2026-09-09-s1
2026-09-09 14:08:50+00:00,bench-03,1987,64.4,1,auto,-85.7,2939832,35,65,2026-09-09-s1
2026-09-09 14:09:00+00:00,bench-03,1983,64.6,1,auto,-86.2,2949828,35,65,2026-09-09-s1
2026-09-09 14:09:10+00:00,bench-03,1981,64.9,1,auto,-84.5,2959831,35,65,2026-09-09-s1
2026-09-09 14:09:20+00:00,bench-03,1972,65.3,1,auto,-82.7,2969833,35,65,2026-09-09-s1
2026-09-09 14:09:30+00:00,bench-03,1996,65.5,1,auto,-82.5,2979832,35,65,2026-09-09-s1
2026-09-09 14:09:40+00:00,bench-03,2014,64.1,0,auto,-82.4,2989829,35,65,2026-09-09-s1
2026-09-09 14:09:50+00:00,bench-03,2032,64.3,0,auto,-82.1,2999826,35,65,2026-09-09-s1
2026-09-09 14:10:00+00:00,bench-03,2006,63.4,0,auto,-82.9,3009826,35,65,2026-09-09-s1
2026-09-09 14:10:10+00:00,bench-03,2023,63.1,0,auto,-82.3,3019827,35,65,2026-09-09-s1
2026-09-09 14:10:20+00:00,bench-03,2011,62.3,0,auto,-81.6,3029828,35,65,2026-09-09-s1
2026-09-09 14:10:30+00:00,bench-03,2094,61.4,0,auto,-83.8,3039830,35,65,2026-09-09-s1
2026-09-09 14:10:40+00:00,bench-03,2060,61.3,0,auto,-81.5,3049834,35,65,2026-09-09-s1
2026-09-09 14:10:50+00:00,bench-03,2072,60.9,0,auto,-84.8,3059833,35,65,2026-09-09-s1
2026-09-09 14:11:00+00:00,bench-03,2106,60.4,0,auto,-84.5,3069831,35,65,2026-09-09-s1
2026-09-09 14:11:10+00:00,bench-03,2096,59.9,0,auto,-85.1,3079827,35,65,2026-09-09-s1
2026-09-09 14:11:20+00:00,bench-03,2109,59.3,0,auto,-83.5,3089831,35,65,2026-09-09-s1
2026-09-09 14:11:30+00:00,bench-03,2134,58.0,0,auto,-81.3,3099829,35,65,2026-09-09-s1
2026-09-09 14:11:40+00:00,bench-03,2136,58.0,0,auto,-82.4,3109830,35,65,2026-09-09-s1
2026-09-09 14:11:50+00:00,bench-03,2163,57.5,0,auto,-82.7,3119829,35,65,2026-09-09-s1
2026-09-09 14:12:00+00:00,bench-03,2182,56.6,0,auto,-85.8,3129824,35,65,2026-09-09-s1
2026-09-09 14:12:10+00:00,bench-03,2167,56.8,0,auto,-87.0,3139827,35,65,2026-09-09-s1
2026-09-09 14:12:20+00:00,bench-03,2178,55.9,0,auto,-87.9,3149827,35,65,2026-09-09-s1
2026-09-09 14:12:30+00:00,bench-03,2168,56.1,0,auto,-87.0,3159825,35,65,2026-09-09-s1
2026-09-09 14:12:40+00:00,bench-03,2204,55.2,0,auto,-87.0,3169820,35,65,2026-09-09-s1
2026-09-09 14:12:50+00:00,bench-03,2216,54.3,0,auto,-87.5,3179819,35,65,2026-09-09-s1
2026-09-09 14:13:00+00:00,bench-03,2217,54.5,0,auto,-87.4,3189823,35,65,2026-09-09-s1
2026-09-09 14:13:10+00:00,bench-03,2238,53.1,0,auto,-83.9,3199825,35,65,2026-09-09-s1
2026-09-09 14:13:20+00:00,bench-03,2254,52.6,0,auto,-85.6,3209821,35,65,2026-09-09-s1
2026-09-09 14:13:30+00:00,bench-03,2241,53.1,0,auto,-86.5,3219824,35,65,2026-09-09-s1
2026-09-09 14:13:40+00:00,bench-03,2267,53.1,0,auto,-86.9,3229826,35,65,2026-09-09-s1
2026-09-09 14:13:50+00:00,bench-03,2268,51.9,0,auto,-86.8,3239827,35,65,2026-09-09-s1
2026-09-09 14:14:00+00:00,bench-03,2275,51.5,0,auto,-85.6,3249831,35,65,2026-09-09-s1
2026-09-09 14:14:10+00:00,bench-03,2311,50.8,0,auto,-83.2,3259829,35,65,2026-09-09-s1
2026-09-09 14:14:20+00:00,bench-03,2290,50.6,0,auto,-82.0,3269825,35,65,2026-09-09-s1
2026-09-09 14:14:30+00:00,bench-03,2306,50.2,0,auto,-80.8,3279821,35,65,2026-09-09-s1
2026-09-09 14:14:40+00:00,bench-03,2316,50.1,0,auto,-80.7,3289822,35,65,2026-09-09-s1
2026-09-09 14:14:50+00:00,bench-03,2358,49.0,0,auto,-80.2,3299817,35,65,2026-09-09-s1
2026-09-09 14:15:00+00:00,bench-03,2348,48.5,0,auto,-80.9,3309815,35,65,2026-09-09-s1
2026-09-09 14:15:10+00:00,bench-03,2347,48.3,0,auto,-81.0,3319816,35,65,2026-09-09-s1
2026-09-09 14:15:20+00:00,bench-03,2338,49.3,0,auto,-82.4,3329813,35,65,2026-09-09-s1
2026-09-09 14:15:30+00:00,bench-03,2369,47.6,0,auto,-80.1,3339811,35,65,2026-09-09-s1
2026-09-09 14:15:40+00:00,bench-03,2356,47.7,0,auto,-78.0,3349810,35,65,2026-09-09-s1
2026-09-09 14:15:50+00:00,bench-03,2355,47.0,0,auto,-77.3,3359810,35,65,2026-09-09-s1
2026-09-09 14:16:00+00:00,bench-03,2400,46.6,0,auto,-78.2,3369811,35,65,2026-09-09-s1
2026-09-09 14:16:10+00:00,bench-03,2388,46.6,0,auto,-77.2,3379814,35,65,2026-09-09-s1
2026-09-09 14:16:20+00:00,bench-03,2430,45.2,0,auto,-78.4,3389810,35,65,2026-09-09-s1
2026-09-09 14:16:30+00:00,bench-03,2408,45.4,0,auto,-76.4,3399814,35,65,2026-09-09-s1
2026-09-09 14:16:40+00:00,bench-03,2417,45.1,0,auto,-75.3,3409811,35,65,2026-09-09-s1
2026-09-09 14:16:50+00:00,bench-03,2435,44.4,0,auto,-75.7,3419813,35,65,2026-09-09-s1
2026-09-09 14:17:00+00:00,bench-03,2451,44.3,0,auto,-76.4,3429816,35,65,2026-09-09-s1
2026-09-09 14:17:10+00:00,bench-03,2425,44.2,0,auto,-75.2,3439820,35,65,2026-09-09-s1
2026-09-09 14:17:20+00:00,bench-03,2466,42.9,0,auto,-74.3,3449818,35,65,2026-09-09-s1
2026-09-09 14:17:30+00:00,bench-03,2445,43.0,0,auto,-74.2,3459814,35,65,2026-09-09-s1
2026-09-09 14:17:40+00:00,bench-03,4095,-20.0,0,auto,-70.4,3469815,35,65,2026-09-09-s1
2026-09-09 14:17:50+00:00,bench-03,2477,43.1,0,auto,-71.7,3479812,35,65,2026-09-09-s1
2026-09-09 14:18:00+00:00,bench-03,2464,42.1,0,auto,-70.8,3489813,35,65,2026-09-09-s1
2026-09-09 14:18:10+00:00,bench-03,2478,42.1,0,auto,-70.8,3499812,35,65,2026-09-09-s1
2026-09-09 14:18:20+00:00,bench-03,2496,41.6,0,auto,-70.1,3509808,35,65,2026-09-09-s1
2026-09-09 14:18:30+00:00,bench-03,2504,41.7,0,auto,-71.3,3519809,35,65,2026-09-09-s1
2026-09-09 14:18:40+00:00,bench-03,2499,41.2,0,auto,-72.5,3529810,35,65,2026-09-09-s1
2026-09-09 14:18:50+00:00,bench-03,2500,41.1,0,auto,-74.4,3539805,35,65,2026-09-09-s1
2026-09-09 14:19:00+00:00,bench-03,2543,40.1,0,auto,-73.2,3549801,35,65,2026-09-09-s1
2026-09-09 14:19:10+00:00,bench-03,2551,39.4,0,auto,-73.0,3559802,35,65,2026-09-09-s1
2026-09-09 14:19:20+00:00,bench-03,2545,39.1,0,auto,-72.2,3569801,35,65,2026-09-09-s1
2026-09-09 14:19:30+00:00,bench-03,2559,39.2,0,auto,-71.1,3579802,35,65,2026-09-09-s1
2026-09-09 14:19:40+00:00,bench-03,2557,39.5,0,auto,-69.9,3589804,35,65,2026-09-09-s1
2026-09-09 14:19:50+00:00,bench-03,2567,38.5,0,auto,-71.6,3599808,35,65,2026-09-09-s1
2026-09-09 14:20:00+00:00,bench-03,2550,38.4,0,auto,-73.4,3609807,35,65,2026-09-09-s1
2026-09-09 14:20:10+00:00,bench-03,2540,38.3,0,auto,-74.4,3619805,35,65,2026-09-09-s1
2026-09-09 14:20:20+00:00,bench-03,2579,37.9,0,auto,-71.3,3629804,35,65,2026-09-09-s1
2026-09-09 14:20:30+00:00,bench-03,2572,37.9,0,auto,-70.8,3639808,35,65,2026-09-09-s1
2026-09-09 14:20:40+00:00,bench-03,2617,37.2,0,auto,-71.0,3649811,35,65,2026-09-09-s1
2026-09-09 14:20:50+00:00,bench-03,2615,37.0,0,auto,-69.6,3659813,35,65,2026-09-09-s1
2026-09-09 14:21:00+00:00,bench-03,0,120.0,0,auto,-68.4,3669811,35,65,2026-09-09-s1
2026-09-09 14:21:10+00:00,bench-03,2620,36.1,0,auto,-69.3,3679806,35,65,2026-09-09-s1
2026-09-09 14:21:20+00:00,bench-03,2607,36.5,0,auto,-70.3,3689810,35,65,2026-09-09-s1
2026-09-09 14:21:30+00:00,bench-03,2609,35.4,0,auto,-69.3,3699810,35,65,2026-09-09-s1
2026-09-09 14:21:40+00:00,bench-03,2621,35.7,0,auto,-68.7,3709814,35,65,2026-09-09-s1
2026-09-09 14:21:50+00:00,bench-03,2642,35.4,0,auto,-70.1,3719816,35,65,2026-09-09-s1
2026-09-09 14:22:00+00:00,bench-03,2647,35.5,0,auto,-68.7,3729817,35,65,2026-09-09-s1
2026-09-09 14:22:10+00:00,bench-03,2633,34.9,0,auto,-68.4,3739821,35,65,2026-09-09-s1
2026-09-09 14:22:20+00:00,bench-03,2615,35.8,1,auto,-67.7,3749816,35,65,2026-09-09-s1
2026-09-09 14:22:30+00:00,bench-03,2597,36.2,1,auto,-68.9,3759818,35,65,2026-09-09-s1
2026-09-09 14:22:40+00:00,bench-03,2589,37.1,1,auto,-67.1,3769816,35,65,2026-09-09-s1
2026-09-09 14:22:50+00:00,bench-03,2624,36.4,1,auto,-68.1,3779813,35,65,2026-09-09-s1
2026-09-09 14:23:00+00:00,bench-03,2591,37.1,1,auto,-66.5,3789810,35,65,2026-09-09-s1
2026-09-09 14:23:10+00:00,bench-03,2544,38.6,1,auto,-65.1,3799813,35,65,2026-09-09-s1
2026-09-09 14:23:20+00:00,bench-03,2575,38.1,1,auto,-65.7,3809811,35,65,2026-09-09-s1
2026-09-09 14:23:30+00:00,bench-03,2535,39.3,1,auto,-66.1,3819809,35,65,2026-09-09-s1
2026-09-09 14:23:40+00:00,bench-03,2554,39.2,1,auto,-64.6,3829809,35,65,2026-09-09-s1
2026-09-09 14:23:50+00:00,bench-03,2522,40.0,1,auto,-64.6,3839812,35,65,2026-09-09-s1
2026-09-09 14:24:00+00:00,bench-03,2550,40.4,1,auto,-64.4,3849814,35,65,2026-09-09-s1
2026-09-09 14:24:10+00:00,bench-03,2510,40.9,1,auto,-63.6,3859816,35,65,2026-09-09-s1
2026-09-09 14:24:20+00:00,bench-03,2498,42.0,1,auto,-63.0,3869818,35,65,2026-09-09-s1
2026-09-09 14:24:30+00:00,bench-03,2492,42.0,1,auto,-62.3,3879813,35,65,2026-09-09-s1
2026-09-09 14:24:40+00:00,bench-03,2489,42.3,1,auto,-64.4,3889809,35,65,2026-09-09-s1
2026-09-09 14:24:50+00:00,bench-03,2467,42.4,1,auto,-62.9,3899807,35,65,2026-09-09-s1
2026-09-09 14:25:00+00:00,bench-03,2448,43.8,1,auto,-63.3,3909807,35,65,2026-09-09-s1
2026-09-09 14:25:10+00:00,bench-03,2435,43.6,1,auto,-63.5,3919805,35,65,2026-09-09-s1
2026-09-09 14:25:20+00:00,bench-03,2442,43.5,1,auto,-62.3,3929807,35,65,2026-09-09-s1
2026-09-09 14:25:30+00:00,bench-03,2405,45.0,1,auto,-63.2,3939807,35,65,2026-09-09-s1
2026-09-09 14:25:40+00:00,bench-03,2418,45.2,1,auto,-64.1,3949803,35,65,2026-09-09-s1
2026-09-09 14:25:50+00:00,bench-03,2417,45.4,1,auto,-63.4,3959807,35,65,2026-09-09-s1
2026-09-09 14:26:00+00:00,bench-03,2411,45.9,1,auto,-65.2,3969806,35,65,2026-09-09-s1
2026-09-09 14:26:10+00:00,bench-03,2412,46.1,1,auto,-62.7,3979801,35,65,2026-09-09-s1
2026-09-09 14:26:20+00:00,bench-03,2373,47.4,1,auto,-63.5,3989796,35,65,2026-09-09-s1
2026-09-09 14:26:30+00:00,bench-03,2395,46.7,1,auto,-64.9,3999791,35,65,2026-09-09-s1
2026-09-09 14:26:40+00:00,bench-03,2359,47.3,1,auto,-64.6,4009791,35,65,2026-09-09-s1
2026-09-09 14:26:50+00:00,bench-03,2366,47.8,1,auto,-64.4,4019793,35,65,2026-09-09-s1
2026-09-09 14:27:00+00:00,bench-03,2360,48.3,1,auto,-64.2,4029788,35,65,2026-09-09-s1
2026-09-09 14:27:10+00:00,bench-03,2347,48.7,1,auto,-64.2,4039783,35,65,2026-09-09-s1
2026-09-09 14:27:20+00:00,bench-03,2339,49.1,1,auto,-65.5,4049786,35,65,2026-09-09-s1
2026-09-09 14:27:30+00:00,bench-03,2342,49.1,1,auto,-65.9,4059789,35,65,2026-09-09-s1
2026-09-09 14:27:40+00:00,bench-03,2345,49.5,1,auto,-64.0,4069784,35,65,2026-09-09-s1
2026-09-09 14:27:50+00:00,bench-03,2298,50.8,1,auto,-63.5,4079788,35,65,2026-09-09-s1
2026-09-09 14:28:00+00:00,bench-03,2268,50.7,1,auto,-63.6,4089786,35,65,2026-09-09-s1
2026-09-09 14:28:10+00:00,bench-03,2274,51.4,1,auto,-63.9,4099790,35,65,2026-09-09-s1
2026-09-09 14:28:20+00:00,bench-03,2261,51.6,1,auto,-62.6,4109787,35,65,2026-09-09-s1
2026-09-09 14:28:30+00:00,bench-03,2258,52.2,1,auto,-62.6,4119785,35,65,2026-09-09-s1
2026-09-09 14:28:40+00:00,bench-03,2253,52.4,1,auto,-63.2,4129780,35,65,2026-09-09-s1
2026-09-09 14:28:50+00:00,bench-03,2234,53.1,1,auto,-64.3,4139782,35,65,2026-09-09-s1
2026-09-09 14:29:00+00:00,bench-03,2270,53.4,1,auto,-67.6,4149782,35,65,2026-09-09-s1
2026-09-09 14:29:10+00:00,bench-03,2229,53.5,1,auto,-66.9,4159779,35,65,2026-09-09-s1
2026-09-09 14:29:20+00:00,bench-03,2220,53.4,1,auto,-67.4,4169778,35,65,2026-09-09-s1
2026-09-09 14:29:30+00:00,bench-03,2216,54.5,1,auto,-66.5,4179779,35,65,2026-09-09-s1
2026-09-09 14:29:40+00:00,bench-03,2212,54.8,1,auto,-64.0,4189778,35,65,2026-09-09-s1
2026-09-09 14:29:50+00:00,bench-03,2201,54.6,1,auto,-64.5,4199776,35,65,2026-09-09-s1
2026-09-09 14:30:00+00:00,bench-03,2196,54.8,1,auto,-64.2,4209776,35,65,2026-09-09-s1
2026-09-09 14:30:10+00:00,bench-03,2174,56.2,1,auto,-63.7,4219773,35,65,2026-09-09-s1
2026-09-09 14:30:20+00:00,bench-03,2200,56.1,1,auto,-63.1,4229771,35,65,2026-09-09-s1
2026-09-09 14:30:30+00:00,bench-03,2162,56.2,1,auto,-63.8,4239767,35,65,2026-09-09-s1
2026-09-09 14:30:40+00:00,bench-03,2189,56.1,1,auto,-63.6,4249771,35,65,2026-09-09-s1
2026-09-09 14:30:50+00:00,bench-03,2167,56.8,1,auto,-60.5,4259774,35,65,2026-09-09-s1
2026-09-09 14:31:00+00:00,bench-03,2153,57.0,1,auto,-57.9,4269772,35,65,2026-09-09-s1
2026-09-09 14:31:10+00:00,bench-03,2165,57.2,1,auto,-57.0,4279773,35,65,2026-09-09-s1
2026-09-09 14:31:20+00:00,bench-03,2163,57.0,1,auto,-55.9,4289771,35,65,2026-09-09-s1
2026-09-09 14:31:30+00:00,bench-03,2129,58.0,1,auto,-55.3,4299768,35,65,2026-09-09-s1
2026-09-09 14:31:40+00:00,bench-03,2117,58.7,1,auto,-56.3,4309769,35,65,2026-09-09-s1
2026-09-09 14:31:50+00:00,bench-03,2118,58.7,1,auto,-55.9,4319765,35,65,2026-09-09-s1
2026-09-09 14:32:00+00:00,bench-03,2107,59.8,1,auto,-55.5,4329769,35,65,2026-09-09-s1
2026-09-09 14:32:10+00:00,bench-03,2113,59.3,1,auto,-54.5,4339768,35,65,2026-09-09-s1
2026-09-09 14:32:20+00:00,bench-03,2097,59.6,1,auto,-57.6,4349764,35,65,2026-09-09-s1
2026-09-09 14:32:30+00:00,bench-03,2115,60.1,1,auto,-57.2,4359765,35,65,2026-09-09-s1
2026-09-09 14:32:40+00:00,bench-03,2072,60.9,1,auto,-55.6,4369765,35,65,2026-09-09-s1
2026-09-09 14:32:50+00:00,bench-03,2073,60.6,1,auto,-56.0,4379760,35,65,2026-09-09-s1
2026-09-09 14:33:00+00:00,bench-03,2072,60.9,1,auto,-55.2,4389763,35,65,2026-09-09-s1
2026-09-09 14:33:10+00:00,bench-03,2092,60.8,1,auto,-55.2,4399760,35,65,2026-09-09-s1
2026-09-09 14:33:20+00:00,bench-03,2085,61.5,1,auto,-54.9,4409757,35,65,2026-09-09-s1
2026-09-09 14:33:30+00:00,bench-03,2070,61.9,1,auto,-56.2,4419755,35,65,2026-09-09-s1
2026-09-09 14:33:40+00:00,bench-03,2037,62.3,1,auto,-58.2,4429753,35,65,2026-09-09-s1
2026-09-09 14:33:50+00:00,bench-03,2042,62.6,1,auto,-57.7,4439757,35,65,2026-09-09-s1
2026-09-09 14:34:00+00:00,bench-03,2054,61.9,1,auto,-59.2,4449757,35,65,2026-09-09-s1
2026-09-09 14:34:10+00:00,bench-03,2039,62.8,1,auto,-59.8,4459759,35,65,2026-09-09-s1
2026-09-09 14:34:20+00:00,bench-03,2044,62.9,1,auto,-58.3,4469762,35,65,2026-09-09-s1
2026-09-09 14:34:30+00:00,bench-03,2035,62.6,1,auto,-56.3,4479765,35,65,2026-09-09-s1
2026-09-09 14:34:40+00:00,bench-03,2018,63.5,1,auto,-55.3,4489761,35,65,2026-09-09-s1
2026-09-09 14:34:50+00:00,bench-03,2029,63.5,1,auto,-54.1,4499761,35,65,2026-09-09-s1
2026-09-09 14:35:00+00:00,bench-03,2003,64.3,1,auto,-51.0,4509763,35,65,2026-09-09-s1
2026-09-09 14:35:10+00:00,bench-03,2014,64.4,1,auto,-52.4,4519767,35,65,2026-09-09-s1
2026-09-09 14:35:20+00:00,bench-03,2000,64.6,1,auto,-53.3,4529769,35,65,2026-09-09-s1
2026-09-09 14:35:30+00:00,bench-03,2002,64.7,1,auto,-54.6,4539773,35,65,2026-09-09-s1
2026-09-09 14:35:40+00:00,bench-03,2000,64.3,0,auto,-54.7,4549774,35,65,2026-09-09-s1
2026-09-09 14:35:50+00:00,bench-03,2036,63.8,0,auto,-55.2,4559769,35,65,2026-09-09-s1
2026-09-09 14:36:00+00:00,bench-03,2034,62.9,0,auto,-55.9,4569770,35,65,2026-09-09-s1
2026-09-09 14:36:10+00:00,bench-03,2048,62.6,0,auto,-55.6,4579765,35,65,2026-09-09-s1
2026-09-09 14:36:20+00:00,bench-03,2061,61.5,0,auto,-54.2,4589764,35,65,2026-09-09-s1
2026-09-09 14:36:30+00:00,bench-03,2062,61.6,0,auto,-56.1,4599767,35,65,2026-09-09-s1
2026-09-09 14:36:40+00:00,bench-03,2089,60.5,0,auto,-56.3,4609764,35,65,2026-09-09-s1
2026-09-09 14:36:50+00:00,bench-03,2075,61.0,0,auto,-58.7,4619768,35,65,2026-09-09-s1
2026-09-09 14:37:00+00:00,bench-03,2089,59.5,0,auto,-59.1,4629768,35,65,2026-09-09-s1
2026-09-09 14:37:10+00:00,bench-03,2105,59.3,0,auto,-58.9,4639767,35,65,2026-09-09-s1
2026-09-09 14:37:20+00:00,bench-03,2112,59.3,0,auto,-59.7,4649764,35,65,2026-09-09-s1
2026-09-09 14:37:30+00:00,bench-03,2131,58.4,0,auto,-57.5,4659762,35,65,2026-09-09-s1
2026-09-09 14:37:40+00:00,bench-03,2125,58.8,0,auto,-59.0,4669757,35,65,2026-09-09-s1
2026-09-09 14:37:50+00:00,bench-03,2147,57.5,0,auto,-58.1,4679761,35,65,2026-09-09-s1
2026-09-09 14:38:00+00:00,bench-03,2151,57.7,0,auto,-58.5,4689765,35,65,2026-09-09-s1
2026-09-09 14:38:10+00:00,bench-03,2181,56.8,0,auto,-57.9,4699763,35,65,2026-09-09-s1
2026-09-09 14:38:20+00:00,bench-03,2193,55.9,0,auto,-58.1,4709765,35,65,2026-09-09-s1
2026-09-09 14:38:30+00:00,bench-03,2184,55.7,0,auto,-56.2,4719764,35,65,2026-09-09-s1
2026-09-09 14:38:40+00:00,bench-03,2208,55.0,0,auto,-54.7,4729761,35,65,2026-09-09-s1
2026-09-09 14:38:50+00:00,bench-03,2224,55.0,0,auto,-54.4,4739765,35,65,2026-09-09-s1
2026-09-09 14:39:00+00:00,bench-03,2241,53.9,0,auto,-54.0,4749764,35,65,2026-09-09-s1
2026-09-09 14:39:10+00:00,bench-03,2233,53.5,0,auto,-54.4,4759761,35,65,2026-09-09-s1
2026-09-09 14:39:20+00:00,bench-03,2233,53.2,0,auto,-55.4,4769763,35,65,2026-09-09-s1
2026-09-09 14:39:30+00:00,bench-03,2263,53.2,0,auto,-55.2,4779761,35,65,2026-09-09-s1
2026-09-09 14:39:40+00:00,bench-03,2259,53.1,0,auto,-55.7,4789760,35,65,2026-09-09-s1
2026-09-09 14:39:50+00:00,bench-03,2263,52.5,0,auto,-55.8,4799755,35,65,2026-09-09-s1
2026-09-09 14:40:00+00:00,bench-03,2284,51.9,0,auto,-54.2,4809754,35,65,2026-09-09-s1
2026-09-09 14:40:10+00:00,bench-03,2275,51.9,0,auto,-54.3,4819752,35,65,2026-09-09-s1
2026-09-09 14:40:20+00:00,bench-03,2314,50.1,0,auto,-51.8,4829748,35,65,2026-09-09-s1
2026-09-09 14:40:30+00:00,bench-03,2322,50.7,0,auto,-52.6,4839747,35,65,2026-09-09-s1
2026-09-09 14:40:40+00:00,bench-03,2308,50.6,0,auto,-52.3,4849746,35,65,2026-09-09-s1
2026-09-09 14:40:50+00:00,bench-03,2338,49.3,0,auto,-50.6,4859742,35,65,2026-09-09-s1
2026-09-09 14:41:00+00:00,bench-03,2329,48.8,0,auto,-51.2,4869741,35,65,2026-09-09-s1
2026-09-09 14:41:10+00:00,bench-03,2317,49.1,0,auto,-53.7,4879736,35,65,2026-09-09-s1
2026-09-09 14:41:20+00:00,bench-03,2357,48.1,0,auto,-54.4,4889740,35,65,2026-09-09-s1
2026-09-09 14:41:30+00:00,bench-03,2370,47.9,0,auto,-54.8,4899737,35,65,2026-09-09-s1
2026-09-09 14:41:40+00:00,bench-03,2377,47.6,0,auto,-55.9,4909741,35,65,2026-09-09-s1
2026-09-09 14:41:50+00:00,bench-03,2363,47.7,0,auto,-55.6,4919743,35,65,2026-09-09-s1
2026-09-09 14:42:00+00:00,bench-03,2388,46.6,0,auto,-55.7,4929743,35,65,2026-09-09-s1
2026-09-09 14:42:10+00:00,bench-03,2376,47.0,0,auto,-56.4,4939744,35,65,2026-09-09-s1
2026-09-09 14:42:20+00:00,bench-03,2419,46.5,0,auto,-55.1,4949743,35,65,2026-09-09-s1
2026-09-09 14:42:30+00:00,bench-03,2403,46.4,0,auto,-55.2,4959740,35,65,2026-09-09-s1
2026-09-09 14:42:40+00:00,bench-03,2400,45.8,0,auto,-53.4,4969741,35,65,2026-09-09-s1
2026-09-09 14:42:50+00:00,bench-03,2415,45.2,0,auto,-55.3,4979742,35,65,2026-09-09-s1
2026-09-09 14:43:00+00:00,bench-03,2435,44.7,0,auto,-55.4,4989742,35,65,2026-09-09-s1
2026-09-09 14:43:10+00:00,bench-03,2432,44.5,0,auto,-56.1,4999738,35,65,2026-09-09-s1
2026-09-09 14:43:20+00:00,bench-03,2427,44.0,0,auto,-55.5,5009740,35,65,2026-09-09-s1
2026-09-09 14:43:30+00:00,bench-03,2456,43.5,0,auto,-54.3,5019736,35,65,2026-09-09-s1
2026-09-09 14:43:40+00:00,bench-03,2453,43.7,0,auto,-55.4,5029738,35,65,2026-09-09-s1
2026-09-09 14:43:50+00:00,bench-03,2463,43.3,0,auto,-55.5,5039741,35,65,2026-09-09-s1
2026-09-09 14:44:00+00:00,bench-03,2477,43.3,0,auto,-58.1,5049742,35,65,2026-09-09-s1
2026-09-09 14:44:10+00:00,bench-03,2469,42.7,0,auto,-58.7,5059743,35,65,2026-09-09-s1
2026-09-09 14:44:20+00:00,bench-03,2482,42.2,0,auto,-58.8,5069738,35,65,2026-09-09-s1
2026-09-09 14:44:30+00:00,bench-03,2492,42.4,0,auto,-57.3,5079741,35,65,2026-09-09-s1
2026-09-09 14:44:40+00:00,bench-03,2519,41.2,0,auto,-56.4,5089738,35,65,2026-09-09-s1
2026-09-09 14:44:50+00:00,bench-03,2508,41.4,0,auto,-55.7,5099742,35,65,2026-09-09-s1
2026-09-09 14:45:00+00:00,bench-03,2513,41.1,0,auto,-58.0,5109740,35,65,2026-09-09-s1
2026-09-09 14:45:10+00:00,bench-03,2522,40.4,0,auto,-56.5,5119736,35,65,2026-09-09-s1
2026-09-09 14:45:20+00:00,bench-03,2515,41.1,0,auto,-57.0,5129738,35,65,2026-09-09-s1
2026-09-09 14:45:30+00:00,bench-03,2546,39.7,0,auto,-57.2,5139741,35,65,2026-09-09-s1
2026-09-09 14:45:40+00:00,bench-03,2532,39.8,0,auto,-57.5,5149740,35,65,2026-09-09-s1
2026-09-09 14:45:50+00:00,bench-03,2528,39.1,0,auto,-58.6,5159737,35,65,2026-09-09-s1
2026-09-09 14:46:00+00:00,bench-03,2563,39.1,0,auto,-57.3,5169733,35,65,2026-09-09-s1
2026-09-09 14:46:10+00:00,bench-03,2585,38.7,0,auto,-57.1,5179735,35,65,2026-09-09-s1
2026-09-09 14:46:20+00:00,bench-03,2569,38.4,0,auto,-57.7,5189734,35,65,2026-09-09-s1
2026-09-09 14:46:30+00:00,bench-03,2551,38.8,0,auto,-58.7,5199732,35,65,2026-09-09-s1
2026-09-09 14:46:40+00:00,bench-03,2585,37.6,0,auto,-59.7,5209736,35,65,2026-09-09-s1
2026-09-09 14:46:50+00:00,bench-03,2617,37.0,0,auto,-60.3,5219735,35,65,2026-09-09-s1
2026-09-09 14:47:00+00:00,bench-03,2592,37.2,0,auto,-61.1,5229734,35,65,2026-09-09-s1
2026-09-09 14:47:10+00:00,bench-03,2597,36.6,0,auto,-60.2,5239733,35,65,2026-09-09-s1
2026-09-09 14:47:20+00:00,bench-03,2614,37.1,0,auto,-62.0,5249733,35,65,2026-09-09-s1
2026-09-09 14:47:30+00:00,bench-03,2635,35.8,0,auto,-61.3,5259732,35,65,2026-09-09-s1
2026-09-09 14:47:40+00:00,bench-03,2591,36.6,0,auto,-59.4,5269736,35,65,2026-09-09-s1
2026-09-09 14:47:50+00:00,bench-03,2618,35.9,0,auto,-59.1,5279739,35,65,2026-09-09-s1
2026-09-09 14:48:00+00:00,bench-03,2634,35.0,0,auto,-59.4,5289738,35,65,2026-09-09-s1
2026-09-09 14:48:10+00:00,bench-03,2615,35.4,0,auto,-59.2,5299734,35,65,2026-09-09-s1
2026-09-09 14:48:20+00:00,bench-03,2605,35.9,0,auto,-59.8,5309737,35,65,2026-09-09-s1
2026-09-09 14:48:30+00:00,bench-03,2643,35.1,0,auto,-60.0,5319736,35,65,2026-09-09-s1
2026-09-09 14:48:40+00:00,bench-03,2629,35.5,1,auto,-57.1,5329740,35,65,2026-09-09-s1
2026-09-09 14:48:50+00:00,bench-03,2636,36.6,1,auto,-56.4,5339738,35,65,2026-09-09-s1
2026-09-09 14:49:00+00:00,bench-03,2630,35.5,1,auto,-56.5,5349735,35,65,2026-09-09-s1
2026-09-09 14:49:10+00:00,bench-03,2612,36.8,1,auto,-58.6,5359732,35,65,2026-09-09-s1
2026-09-09 14:49:20+00:00,bench-03,2607,37.3,1,auto,-58.5,5369734,35,65,2026-09-09-s1
2026-09-09 14:49:30+00:00,bench-03,2556,38.8,1,auto,-58.3,5379738,35,65,2026-09-09-s1
2026-09-09 14:49:40+00:00,bench-03,2526,39.7,1,auto,-57.8,5389736,35,65,2026-09-09-s1
2026-09-09 14:49:50+00:00,bench-03,2522,39.7,1,auto,-56.5,5399737,35,65,2026-09-09-s1
2026-09-09 14:50:00+00:00,bench-03,2552,39.6,1,auto,-56.3,5409737,35,65,2026-09-09-s1
2026-09-09 14:50:10+00:00,bench-03,2529,39.9,1,auto,-54.6,5419736,35,65,2026-09-09-s1
2026-09-09 14:50:20+00:00,bench-03,2485,41.7,1,auto,-54.9,5429735,35,65,2026-09-09-s1
2026-09-09 14:50:30+00:00,bench-03,2474,41.6,1,auto,-55.6,5439735,35,65,2026-09-09-s1
2026-09-09 14:50:40+00:00,bench-03,2460,42.9,1,auto,-53.9,5449734,35,65,2026-09-09-s1
2026-09-09 14:50:50+00:00,bench-03,2487,41.9,1,auto,-53.5,5459730,35,65,2026-09-09-s1
2026-09-09 14:51:00+00:00,bench-03,2464,42.5,1,auto,-55.5,5469729,35,65,2026-09-09-s1
2026-09-09 14:51:10+00:00,bench-03,2465,43.3,1,auto,-55.4,5479726,35,65,2026-09-09-s1
2026-09-09 14:51:20+00:00,bench-03,2445,43.4,1,auto,-53.8,5489727,35,65,2026-09-09-s1
2026-09-09 14:51:30+00:00,bench-03,2454,44.3,1,auto,-52.9,5499723,35,65,2026-09-09-s1
2026-09-09 14:51:40+00:00,bench-03,2397,45.5,1,auto,-53.0,5509726,35,65,2026-09-09-s1
2026-09-09 14:51:50+00:00,bench-03,2405,45.6,1,auto,-53.0,5519723,35,65,2026-09-09-s1
2026-09-09 14:52:00+00:00,bench-03,2416,45.8,1,auto,-50.7,5529721,35,65,2026-09-09-s1
2026-09-09 14:52:10+00:00,bench-03,2406,46.9,1,auto,-50.3,5539722,35,65,2026-09-09-s1
2026-09-09 14:52:20+00:00,bench-03,2398,46.2,1,auto,-50.9,5549717,35,65,2026-09-09-s1
2026-09-09 14:52:30+00:00,bench-03,2385,47.0,1,auto,-52.4,5559715,35,65,2026-09-09-s1
2026-09-09 14:52:40+00:00,bench-03,2380,47.4,1,auto,-51.8,5569710,35,65,2026-09-09-s1
2026-09-09 14:52:50+00:00,bench-03,2345,48.2,1,auto,-52.1,5579712,35,65,2026-09-09-s1
2026-09-09 14:53:00+00:00,bench-03,2346,49.1,1,auto,-52.5,5589709,35,65,2026-09-09-s1
2026-09-09 14:53:10+00:00,bench-03,2339,48.6,1,auto,-54.9,5599704,35,65,2026-09-09-s1
2026-09-09 14:53:20+00:00,bench-03,2302,50.0,1,auto,-55.2,5609706,35,65,2026-09-09-s1
2026-09-09 14:53:30+00:00,bench-03,2316,50.0,1,auto,-54.4,5619710,35,65,2026-09-09-s1
2026-09-09 14:53:40+00:00,bench-03,2294,50.3,1,auto,-53.2,5629711,35,65,2026-09-09-s1
2026-09-09 14:53:50+00:00,bench-03,2288,50.8,1,auto,-54.7,5639707,35,65,2026-09-09-s1
2026-09-09 14:54:00+00:00,bench-03,2302,50.6,1,auto,-53.2,5649707,35,65,2026-09-09-s1
2026-09-09 14:54:10+00:00,bench-03,2267,51.9,1,auto,-53.1,5659702,35,65,2026-09-09-s1
2026-09-09 14:54:20+00:00,bench-03,2302,51.4,1,auto,-52.3,5669706,35,65,2026-09-09-s1
2026-09-09 14:54:30+00:00,bench-03,2241,52.8,1,auto,-54.2,5679707,35,65,2026-09-09-s1
2026-09-09 14:54:40+00:00,bench-03,2244,53.2,1,auto,-53.4,5689709,35,65,2026-09-09-s1
2026-09-09 14:54:50+00:00,bench-03,2237,53.1,1,auto,-52.5,5699711,35,65,2026-09-09-s1
2026-09-09 14:55:00+00:00,bench-03,2242,53.1,1,auto,-51.9,5709707,35,65,2026-09-09-s1
2026-09-09 14:55:10+00:00,bench-03,2228,53.8,1,auto,-54.4,5719702,35,65,2026-09-09-s1
2026-09-09 14:55:20+00:00,bench-03,2233,54.0,1,auto,-54.5,5729704,35,65,2026-09-09-s1
2026-09-09 14:55:30+00:00,bench-03,2217,54.5,1,auto,-53.5,5739702,35,65,2026-09-09-s1
2026-09-09 14:55:40+00:00,bench-03,2193,55.2,1,auto,-53.5,5749699,35,65,2026-09-09-s1
2026-09-09 14:55:50+00:00,bench-03,2192,55.0,1,auto,-55.8,5759702,35,65,2026-09-09-s1
2026-09-09 14:56:00+00:00,bench-03,2187,55.8,1,auto,-56.4,5769699,35,65,2026-09-09-s1
2026-09-09 14:56:10+00:00,bench-03,2194,56.3,1,auto,-58.1,5779698,35,65,2026-09-09-s1
2026-09-09 14:56:20+00:00,bench-03,2188,55.6,1,auto,-57.7,5789696,35,65,2026-09-09-s1
2026-09-09 14:56:30+00:00,bench-03,2162,57.2,1,auto,-58.5,5799693,35,65,2026-09-09-s1
2026-09-09 14:56:40+00:00,bench-03,2171,57.2,1,auto,-59.8,5809693,35,65,2026-09-09-s1
2026-09-09 14:56:50+00:00,bench-03,2160,57.3,1,auto,-59.8,5819691,35,65,2026-09-09-s1
2026-09-09 14:57:00+00:00,bench-03,2173,57.2,1,auto,-59.5,5829690,35,65,2026-09-09-s1
2026-09-09 14:57:10+00:00,bench-03,2153,58.0,1,auto,-60.3,5839692,35,65,2026-09-09-s1
2026-09-09 14:57:20+00:00,bench-03,2145,57.9,1,auto,-61.0,5849689,35,65,2026-09-09-s1
2026-09-09 14:57:30+00:00,bench-03,2126,59.0,1,auto,-61.0,5859685,35,65,2026-09-09-s1
2026-09-09 14:57:40+00:00,bench-03,2101,58.8,1,auto,-60.9,5869680,35,65,2026-09-09-s1
2026-09-09 14:57:50+00:00,bench-03,2121,59.9,1,auto,-60.4,5879679,35,65,2026-09-09-s1
2026-09-09 14:58:00+00:00,bench-03,2073,60.6,1,auto,-59.4,5889680,35,65,2026-09-09-s1
2026-09-09 14:58:10+00:00,bench-03,2100,59.7,1,auto,-61.0,5899682,35,65,2026-09-09-s1
2026-09-09 14:58:20+00:00,bench-03,2094,60.5,1,auto,-57.8,5909681,35,65,2026-09-09-s1
2026-09-09 14:58:30+00:00,bench-03,2064,60.7,1,auto,-56.5,5919679,35,65,2026-09-09-s1
2026-09-09 14:58:40+00:00,bench-03,2043,62.1,1,auto,-56.5,5929679,35,65,2026-09-09-s1
2026-09-09 14:58:50+00:00,bench-03,2052,62.5,1,auto,-55.1,5939679,35,65,2026-09-09-s1
2026-09-09 14:59:00+00:00,bench-03,2051,61.2,1,auto,-55.3,5949675,35,65,2026-09-09-s1
2026-09-09 14:59:10+00:00,bench-03,2045,62.3,1,auto,-55.3,5959679,35,65,2026-09-09-s1
2026-09-09 14:59:20+00:00,bench-03,2031,62.2,1,auto,-52.9,5969676,35,65,2026-09-09-s1
2026-09-09 14:59:30+00:00,bench-03,2045,62.5,1,auto,-52.7,5979680,35,65,2026-09-09-s1
2026-09-09 14:59:40+00:00,bench-03,2033,62.7,1,auto,-51.1,5989675,35,65,2026-09-09-s1
2026-09-09 14:59:50+00:00,bench-03,2029,63.0,1,auto,-51.5,5999676,35,65,2026-09-09-s1
2026-09-09 15:00:00+00:00,bench-03,2016,63.9,1,auto,-50.9,6009674,35,65,2026-09-09-s1
2026-09-09 15:00:10+00:00,bench-03,2004,63.8,1,auto,-53.9,6019670,35,65,2026-09-09-s1
2026-09-09 15:00:20+00:00,bench-03,2008,64.2,1,auto,-54.7,6029667,35,65,2026-09-09-s1
2026-09-09 15:00:30+00:00,bench-03,2008,64.2,1,auto,-55.3,6039665,35,65,2026-09-09-s1
2026-09-09 15:00:40+00:00,bench-03,1999,64.3,1,auto,-56.5,6049669,35,65,2026-09-09-s1
2026-09-09 15:00:50+00:00,bench-03,2005,64.4,1,auto,-56.6,6059671,35,65,2026-09-09-s1
2026-09-09 15:01:00+00:00,bench-03,1996,65.0,1,auto,-55.6,6069673,35,65,2026-09-09-s1
2026-09-09 15:01:10+00:00,bench-03,1996,64.8,0,auto,-56.3,6079676,35,65,2026-09-09-s1
2026-09-09 15:01:20+00:00,bench-03,2020,63.3,0,auto,-56.5,6089677,35,65,2026-09-09-s1
2026-09-09 15:01:30+00:00,bench-03,2033,62.9,0,auto,-55.3,6099675,35,65,2026-09-09-s1
2026-09-09 15:01:40+00:00,bench-03,2016,63.2,0,auto,-55.1,6109676,35,65,2026-09-09-s1
2026-09-09 15:01:50+00:00,bench-03,2059,62.5,0,auto,-55.8,6119678,35,65,2026-09-09-s1
2026-09-09 15:02:00+00:00,bench-03,2032,62.4,0,auto,-56.1,6129682,35,65,2026-09-09-s1
2026-09-09 15:02:10+00:00,bench-03,2064,61.8,0,auto,-56.5,6139683,35,65,2026-09-09-s1
2026-09-09 15:02:20+00:00,bench-03,2080,61.0,0,auto,-54.9,6149678,35,65,2026-09-09-s1
2026-09-09 15:02:30+00:00,bench-03,2090,60.8,0,auto,-53.0,6159678,35,65,2026-09-09-s1
2026-09-09 15:02:40+00:00,bench-03,2108,59.6,0,auto,-51.9,6169681,35,65,2026-09-09-s1
2026-09-09 15:02:50+00:00,bench-03,2113,59.5,0,auto,-52.6,6179685,35,65,2026-09-09-s1
2026-09-09 15:03:00+00:00,bench-03,2116,58.8,0,auto,-54.2,6189689,35,65,2026-09-09-s1
2026-09-09 15:03:10+00:00,bench-03,2146,58.0,0,auto,-54.2,6199688,35,65,2026-09-09-s1
2026-09-09 15:03:20+00:00,bench-03,2125,57.8,0,auto,-53.5,6209692,35,65,2026-09-09-s1
2026-09-09 15:03:30+00:00,bench-03,2146,58.0,0,auto,-54.2,6219690,35,65,2026-09-09-s1
2026-09-09 15:03:40+00:00,bench-03,2150,57.3,0,auto,-53.2,6229687,35,65,2026-09-09-s1
2026-09-09 15:03:50+00:00,bench-03,2142,56.6,0,auto,-55.4,6239684,35,65,2026-09-09-s1
2026-09-09 15:04:00+00:00,bench-03,2190,56.4,0,auto,-55.3,6249685,35,65,2026-09-09-s1
2026-09-09 15:04:10+00:00,bench-03,2189,55.6,0,auto,-53.3,6259682,35,65,2026-09-09-s1
2026-09-09 15:04:20+00:00,bench-03,2186,55.8,0,auto,-52.8,6269683,35,65,2026-09-09-s1
2026-09-09 15:04:30+00:00,bench-03,2203,54.5,0,auto,-52.4,6279680,35,65,2026-09-09-s1
2026-09-09 15:04:40+00:00,bench-03,2215,54.2,0,auto,-51.4,6289677,35,65,2026-09-09-s1
2026-09-09 15:04:50+00:00,bench-03,2236,53.7,0,auto,-51.2,6299678,35,65,2026-09-09-s1
2026-09-09 15:05:00+00:00,bench-03,2228,53.7,0,auto,-48.7,6309675,35,65,2026-09-09-s1
2026-09-09 15:05:10+00:00,bench-03,2245,52.9,0,auto,-48.8,6319674,35,65,2026-09-09-s1
2026-09-09 15:05:20+00:00,bench-03,2268,52.9,0,auto,-48.8,6329675,35,65,2026-09-09-s1
2026-09-09 15:05:30+00:00,bench-03,2277,51.8,0,auto,-47.9,6339674,35,65,2026-09-09-s1
2026-09-09 15:05:40+00:00,bench-03,2286,51.7,0,auto,-48.8,6349669,35,65,2026-09-09-s1
2026-09-09 15:05:50+00:00,bench-03,2278,51.1,0,auto,-47.6,6359672,35,65,2026-09-09-s1
2026-09-09 15:06:00+00:00,bench-03,2283,50.8,0,auto,-45.4,6369671,35,65,2026-09-09-s1
2026-09-09 15:06:10+00:00,bench-03,2294,50.9,0,auto,-46.3,6379670,35,65,2026-09-09-s1
2026-09-09 15:06:20+00:00,bench-03,2336,49.9,0,auto,-47.1,6389665,35,65,2026-09-09-s1
2026-09-09 15:06:30+00:00,bench-03,2309,49.8,0,auto,-48.6,6399669,35,65,2026-09-09-s1
2026-09-09 15:06:40+00:00,bench-03,2337,49.2,0,auto,-47.2,6409668,35,65,2026-09-09-s1
2026-09-09 15:06:50+00:00,bench-03,2353,48.2,0,auto,-45.8,6419668,35,65,2026-09-09-s1
2026-09-09 15:07:00+00:00,bench-03,2345,48.8,0,auto,-45.9,6429666,35,65,2026-09-09-s1
2026-09-09 15:07:10+00:00,bench-03,2372,47.9,0,auto,-47.9,6439662,35,65,2026-09-09-s1
2026-09-09 15:07:20+00:00,bench-03,2325,48.5,0,auto,-50.6,6449663,35,65,2026-09-09-s1
2026-09-09 15:07:30+00:00,bench-03,2391,47.1,0,auto,-52.5,6459658,35,65,2026-09-09-s1
2026-09-09 15:07:40+00:00,bench-03,2402,46.4,0,auto,-52.8,6469655,35,65,2026-09-09-s1
2026-09-09 15:07:50+00:00,bench-03,2362,46.4,0,auto,-54.3,6479655,35,65,2026-09-09-s1
2026-09-09 15:08:00+00:00,bench-03,2404,46.2,0,auto,-55.1,6489651,35,65,2026-09-09-s1
2026-09-09 15:08:10+00:00,bench-03,2395,46.4,0,auto,-54.8,6499647,35,65,2026-09-09-s1
2026-09-09 15:08:20+00:00,bench-03,2418,45.3,0,auto,-55.8,6509651,35,65,2026-09-09-s1
2026-09-09 15:08:30+00:00,bench-03,2423,45.0,0,auto,-56.5,6519651,35,65,2026-09-09-s1
2026-09-09 15:08:40+00:00,bench-03,2422,45.0,0,auto,-55.4,6529647,35,65,2026-09-09-s1
2026-09-09 15:08:50+00:00,bench-03,2436,44.0,0,auto,-53.6,6539650,35,65,2026-09-09-s1
2026-09-09 15:09:00+00:00,bench-03,2437,44.0,0,auto,-52.5,6549645,35,65,2026-09-09-s1
2026-09-09 15:09:10+00:00,bench-03,2481,42.9,0,auto,-51.7,6559649,35,65,2026-09-09-s1
2026-09-09 15:09:20+00:00,bench-03,2503,43.0,0,auto,-50.8,6569646,35,65,2026-09-09-s1
2026-09-09 15:09:30+00:00,bench-03,2452,43.4,0,auto,-50.7,6579647,35,65,2026-09-09-s1
2026-09-09 15:09:40+00:00,bench-03,2489,42.6,0,auto,-52.5,6589646,35,65,2026-09-09-s1
2026-09-09 15:09:50+00:00,bench-03,2470,42.5,0,auto,-52.8,6599641,35,65,2026-09-09-s1
2026-09-09 15:10:00+00:00,bench-03,2508,42.3,0,auto,-52.4,6609641,35,65,2026-09-09-s1
2026-09-09 15:10:10+00:00,bench-03,2516,41.1,0,auto,-49.4,6619638,35,65,2026-09-09-s1
2026-09-09 15:10:20+00:00,bench-03,2503,41.1,0,auto,-51.0,6629637,35,65,2026-09-09-s1
2026-09-09 15:10:30+00:00,bench-03,2517,41.2,0,auto,-49.1,6639635,35,65,2026-09-09-s1
2026-09-09 15:10:40+00:00,bench-03,2500,40.7,0,auto,-50.1,6649639,35,65,2026-09-09-s1
2026-09-09 15:10:50+00:00,bench-03,2513,40.5,0,auto,-46.3,6659634,35,65,2026-09-09-s1
2026-09-09 15:11:00+00:00,bench-03,2551,39.9,0,auto,-45.6,6669633,35,65,2026-09-09-s1
2026-09-09 15:11:10+00:00,bench-03,2536,40.3,0,auto,-46.2,6679637,35,65,2026-09-09-s1
2026-09-09 15:11:20+00:00,bench-03,2541,39.3,0,auto,-45.0,6689641,35,65,2026-09-09-s1
2026-09-09 15:11:30+00:00,bench-03,2553,39.3,0,auto,-44.5,6699645,35,65,2026-09-09-s1
2026-09-09 15:11:40+00:00,bench-03,2562,39.0,0,auto,-45.0,6709646,35,65,2026-09-09-s1
2026-09-09 15:11:50+00:00,bench-03,2565,38.7,0,auto,-45.3,6719647,35,65,2026-09-09-s1
2026-09-09 15:12:00+00:00,bench-03,2580,38.3,0,auto,-45.7,6729646,35,65,2026-09-09-s1
2026-09-09 15:12:10+00:00,bench-03,2567,38.4,0,auto,-46.7,6739645,35,65,2026-09-09-s1
2026-09-09 15:12:20+00:00,bench-03,2586,37.6,0,auto,-49.4,6749647,35,65,2026-09-09-s1
2026-09-09 15:12:30+00:00,bench-03,2595,37.1,0,auto,-51.7,6759644,35,65,2026-09-09-s1
2026-09-09 15:12:40+00:00,bench-03,2597,36.7,0,auto,-48.3,6769647,35,65,2026-09-09-s1
2026-09-09 15:12:50+00:00,bench-03,2579,37.1,0,auto,-48.0,6779650,35,65,2026-09-09-s1
2026-09-09 15:13:00+00:00,bench-03,2605,36.6,0,auto,-48.3,6789652,35,65,2026-09-09-s1
2026-09-09 15:13:10+00:00,bench-03,2607,36.5,0,auto,-49.1,6799653,35,65,2026-09-09-s1
2026-09-09 15:13:20+00:00,bench-03,2602,36.0,0,auto,-48.3,6809653,35,65,2026-09-09-s1
2026-09-09 15:13:30+00:00,bench-03,2617,35.7,0,auto,-48.0,6819656,35,65,2026-09-09-s1
2026-09-09 15:13:40+00:00,bench-03,2616,36.1,0,auto,-47.7,6829652,35,65,2026-09-09-s1
2026-09-09 15:13:50+00:00,bench-03,2659,35.3,0,auto,-46.7,6839656,35,65,2026-09-09-s1
2026-09-09 15:14:00+00:00,bench-03,2655,35.1,0,auto,-46.9,6849659,35,65,2026-09-09-s1
2026-09-09 15:14:10+00:00,bench-03,2647,35.4,1,auto,-49.0,6859659,35,65,2026-09-09-s1
2026-09-09 15:14:20+00:00,bench-03,2641,35.4,1,auto,-50.8,6869656,35,65,2026-09-09-s1
2026-09-09 15:14:30+00:00,bench-03,2575,37.4,1,auto,-51.1,6879655,35,65,2026-09-09-s1
2026-09-09 15:14:40+00:00,bench-03,2610,37.3,1,auto,-50.7,6889655,35,65,2026-09-09-s1
2026-09-09 15:14:50+00:00,bench-03,2603,36.8,1,auto,-50.8,6899652,35,65,2026-09-09-s1
2026-09-10 09:55:00+00:00,bench-03,2488,41.3,0,auto,-59.1,10000,35,65,2026-09-10-s1
2026-09-10 09:55:10+00:00,bench-03,2510,41.4,0,auto,-58.3,20002,35,65,2026-09-10-s1
2026-09-10 09:55:20+00:00,bench-03,2518,40.8,0,auto,-57.0,30006,35,65,2026-09-10-s1
2026-09-10 09:55:30+00:00,bench-03,2521,40.6,0,auto,-55.6,40004,35,65,2026-09-10-s1
2026-09-10 09:55:40+00:00,bench-03,2525,40.8,0,auto,-56.5,50000,35,65,2026-09-10-s1
2026-09-10 09:55:50+00:00,bench-03,2525,40.6,0,auto,-56.2,60000,35,65,2026-09-10-s1
2026-09-10 09:56:00+00:00,bench-03,2543,39.6,0,auto,-57.4,69996,35,65,2026-09-10-s1
2026-09-10 09:56:10+00:00,bench-03,2539,38.9,0,auto,-58.5,79991,35,65,2026-09-10-s1
2026-09-10 09:56:20+00:00,bench-03,2534,39.1,0,auto,-58.4,89995,35,65,2026-09-10-s1
2026-09-10 09:56:30+00:00,bench-03,2547,39.1,0,auto,-58.4,99998,35,65,2026-09-10-s1
2026-09-10 09:56:40+00:00,bench-03,2568,38.4,0,auto,-57.6,109999,35,65,2026-09-10-s1
2026-09-10 09:56:50+00:00,bench-03,2572,38.4,0,auto,-56.6,120001,35,65,2026-09-10-s1
2026-09-10 09:57:00+00:00,bench-03,2544,38.1,0,auto,-57.3,129998,35,65,2026-09-10-s1
2026-09-10 09:57:10+00:00,bench-03,2593,37.2,0,auto,-54.6,139996,35,65,2026-09-10-s1
2026-09-10 09:57:20+00:00,bench-03,2575,37.4,0,auto,-53.5,149993,35,65,2026-09-10-s1
2026-09-10 09:57:30+00:00,bench-03,2608,37.4,0,auto,-54.2,159994,35,65,2026-09-10-s1
2026-09-10 09:57:40+00:00,bench-03,2604,36.2,0,auto,-53.2,169993,35,65,2026-09-10-s1
2026-09-10 09:57:50+00:00,bench-03,2636,35.9,0,auto,-54.6,179993,35,65,2026-09-10-s1
2026-09-10 09:58:00+00:00,bench-03,2596,37.0,0,auto,-56.6,189996,35,65,2026-09-10-s1
2026-09-10 09:58:10+00:00,bench-03,2625,35.6,0,auto,-56.7,199997,35,65,2026-09-10-s1
2026-09-10 09:58:20+00:00,bench-03,2639,35.1,0,auto,-56.1,209996,35,65,2026-09-10-s1
2026-09-10 09:58:30+00:00,bench-03,2613,35.5,0,auto,-57.7,220000,35,65,2026-09-10-s1
2026-09-10 09:58:40+00:00,bench-03,2657,34.7,0,auto,-56.4,230002,35,65,2026-09-10-s1
2026-09-10 09:58:50+00:00,bench-03,2638,35.2,1,auto,-54.7,240003,35,65,2026-09-10-s1
2026-09-10 09:59:00+00:00,bench-03,2613,36.4,1,auto,-53.1,250005,35,65,2026-09-10-s1
2026-09-10 09:59:10+00:00,bench-03,2633,36.3,1,auto,-51.9,260005,35,65,2026-09-10-s1
2026-09-10 09:59:20+00:00,bench-03,2590,37.0,1,auto,-53.4,270009,35,65,2026-09-10-s1
2026-09-10 09:59:30+00:00,bench-03,2553,37.8,1,auto,-53.6,280012,35,65,2026-09-10-s1
2026-09-10 09:59:40+00:00,bench-03,2565,37.9,1,auto,-54.7,290008,35,65,2026-09-10-s1
2026-09-10 09:59:50+00:00,bench-03,2565,38.3,1,auto,-53.3,300006,35,65,2026-09-10-s1
2026-09-10 10:00:00+00:00,bench-03,2543,39.4,1,auto,-54.6,310003,35,65,2026-09-10-s1
2026-09-10 10:00:10+00:00,bench-03,2553,39.3,1,auto,-55.2,320007,35,65,2026-09-10-s1
2026-09-10 10:00:20+00:00,bench-03,2547,39.7,1,auto,-54.7,330009,35,65,2026-09-10-s1
2026-09-10 10:00:30+00:00,bench-03,2532,40.3,1,auto,-52.9,340011,35,65,2026-09-10-s1
2026-09-10 10:00:40+00:00,bench-03,2520,40.8,1,auto,-53.8,350008,35,65,2026-09-10-s1
2026-09-10 10:00:50+00:00,bench-03,2522,40.8,1,auto,-52.0,360005,35,65,2026-09-10-s1
2026-09-10 10:01:00+00:00,bench-03,2491,41.6,1,auto,-53.5,370000,35,65,2026-09-10-s1
2026-09-10 10:01:10+00:00,bench-03,2480,42.7,1,auto,-52.3,379996,35,65,2026-09-10-s1
2026-09-10 10:01:20+00:00,bench-03,2446,43.1,1,auto,-51.4,389995,35,65,2026-09-10-s1
2026-09-10 10:01:30+00:00,bench-03,2444,43.5,1,auto,-50.2,399990,35,65,2026-09-10-s1
2026-09-10 10:01:40+00:00,bench-03,2433,44.2,1,auto,-50.6,409992,35,65,2026-09-10-s1
2026-09-10 10:01:50+00:00,bench-03,2445,44.4,1,auto,-50.1,419991,35,65,2026-09-10-s1
2026-09-10 10:02:00+00:00,bench-03,2454,43.9,1,auto,-49.7,429986,35,65,2026-09-10-s1
2026-09-10 10:02:10+00:00,bench-03,2407,45.9,1,auto,-50.2,439987,35,65,2026-09-10-s1
2026-09-10 10:02:20+00:00,bench-03,2412,45.2,1,auto,-48.0,449986,35,65,2026-09-10-s1
2026-09-10 10:02:30+00:00,bench-03,2403,46.3,1,auto,-47.8,459981,35,65,2026-09-10-s1
2026-09-10 10:02:40+00:00,bench-03,2395,47.3,1,auto,-50.0,469980,35,65,2026-09-10-s1
2026-09-10 10:02:50+00:00,bench-03,2354,47.6,1,auto,-50.1,479981,35,65,2026-09-10-s1
2026-09-10 10:03:00+00:00,bench-03,2368,47.2,1,auto,-48.4,489985,35,65,2026-09-10-s1
2026-09-10 10:03:10+00:00,bench-03,2326,48.6,1,auto,-49.3,499989,35,65,2026-09-10-s1
2026-09-10 10:03:20+00:00,bench-03,2344,48.6,1,auto,-47.4,509986,35,65,2026-09-10-s1
2026-09-10 10:03:30+00:00,bench-03,2360,48.3,1,auto,-46.5,519982,35,65,2026-09-10-s1
2026-09-10 10:03:40+00:00,bench-03,2315,49.5,1,auto,-47.7,529982,35,65,2026-09-10-s1
2026-09-10 10:03:50+00:00,bench-03,2329,50.0,1,auto,-47.2,539977,35,65,2026-09-10-s1
2026-09-10 10:04:00+00:00,bench-03,2308,50.3,1,auto,-45.8,549975,35,65,2026-09-10-s1
2026-09-10 10:04:10+00:00,bench-03,2290,51.0,1,auto,-46.6,559974,35,65,2026-09-10-s1
2026-09-10 10:04:20+00:00,bench-03,2304,50.3,1,auto,-45.9,569976,35,65,2026-09-10-s1
2026-09-10 10:04:30+00:00,bench-03,2293,50.4,1,auto,-45.9,579975,35,65,2026-09-10-s1
2026-09-10 10:04:40+00:00,bench-03,2288,52.2,1,auto,-47.0,589972,35,65,2026-09-10-s1
2026-09-10 10:04:50+00:00,bench-03,2268,52.0,1,auto,-46.9,599971,35,65,2026-09-10-s1
2026-09-10 10:05:00+00:00,bench-03,2233,53.1,1,auto,-47.0,609971,35,65,2026-09-10-s1
2026-09-10 10:05:10+00:00,bench-03,2278,52.7,1,auto,-46.3,619974,35,65,2026-09-10-s1
2026-09-10 10:05:20+00:00,bench-03,2277,52.1,1,auto,-46.5,629978,35,65,2026-09-10-s1
2026-09-10 10:05:30+00:00,bench-03,2265,52.8,1,auto,-45.8,639982,35,65,2026-09-10-s1
2026-09-10 10:05:40+00:00,bench-03,2240,53.6,1,auto,-46.1,649979,35,65,2026-09-10-s1
2026-09-10 10:05:50+00:00,bench-03,2224,54.0,1,auto,-47.9,659976,35,65,2026-09-10-s1
2026-09-10 10:06:00+00:00,bench-03,2231,53.8,1,auto,-49.2,669974,35,65,2026-09-10-s1
2026-09-10 10:06:10+00:00,bench-03,2188,55.0,1,auto,-51.2,679970,35,65,2026-09-10-s1
2026-09-10 10:06:20+00:00,bench-03,2218,55.8,1,auto,-51.6,689971,35,65,2026-09-10-s1
2026-09-10 10:06:30+00:00,bench-03,2205,55.4,1,auto,-52.1,699969,35,65,2026-09-10-s1
2026-09-10 10:06:40+00:00,bench-03,2208,55.6,1,auto,-54.9,709970,35,65,2026-09-10-s1
2026-09-10 10:06:50+00:00,bench-03,2159,56.5,1,auto,-55.6,719966,35,65,2026-09-10-s1
2026-09-10 10:07:00+00:00,bench-03,2175,56.2,1,auto,-55.6,729968,35,65,2026-09-10-s1
2026-09-10 10:07:10+00:00,bench-03,2168,56.9,1,auto,-53.1,739972,35,65,2026-09-10-s1
2026-09-10 10:07:20+00:00,bench-03,2162,57.2,1,auto,-54.5,749976,35,65,2026-09-10-s1
2026-09-10 10:07:30+00:00,bench-03,2159,57.2,1,auto,-52.7,759979,35,65,2026-09-10-s1
2026-09-10 10:07:40+00:00,bench-03,2148,57.4,1,auto,-52.6,769979,35,65,2026-09-10-s1
2026-09-10 10:07:50+00:00,bench-03,2134,58.1,1,auto,-52.6,779980,35,65,2026-09-10-s1
2026-09-10 10:08:00+00:00,bench-03,2138,58.3,1,auto,-52.2,789984,35,65,2026-09-10-s1
2026-09-10 10:08:10+00:00,bench-03,2119,58.1,1,auto,-52.7,799983,35,65,2026-09-10-s1
2026-09-10 10:08:20+00:00,bench-03,2123,58.9,1,auto,-53.8,809984,35,65,2026-09-10-s1
2026-09-10 10:08:30+00:00,bench-03,2133,59.2,1,auto,-54.5,819986,35,65,2026-09-10-s1
2026-09-10 10:08:40+00:00,bench-03,2099,60.2,1,auto,-54.5,829987,35,65,2026-09-10-s1
2026-09-10 10:08:50+00:00,bench-03,2098,60.0,1,auto,-53.3,839988,35,65,2026-09-10-s1
2026-09-10 10:09:00+00:00,bench-03,2101,59.8,1,auto,-53.0,849985,35,65,2026-09-10-s1
2026-09-10 10:09:10+00:00,bench-03,2098,60.2,1,auto,-50.5,859988,35,65,2026-09-10-s1
2026-09-10 10:09:20+00:00,bench-03,2098,60.7,1,auto,-50.3,869991,35,65,2026-09-10-s1
2026-09-10 10:09:30+00:00,bench-03,2094,60.9,1,auto,-48.5,879986,35,65,2026-09-10-s1
2026-09-10 10:09:40+00:00,bench-03,2086,60.8,1,auto,-48.9,889982,35,65,2026-09-10-s1
2026-09-10 10:09:50+00:00,bench-03,2057,61.5,1,auto,-49.4,899986,35,65,2026-09-10-s1
2026-09-10 10:10:00+00:00,bench-03,2075,61.9,1,auto,-50.1,909985,35,65,2026-09-10-s1
2026-09-10 10:10:10+00:00,bench-03,2059,61.6,1,auto,-50.1,919985,35,65,2026-09-10-s1
2026-09-10 10:10:20+00:00,bench-03,2045,61.9,1,auto,-52.0,929984,35,65,2026-09-10-s1
2026-09-10 10:10:30+00:00,bench-03,2062,61.5,1,auto,-51.8,939979,35,65,2026-09-10-s1
2026-09-10 10:10:40+00:00,bench-03,2036,63.0,1,auto,-50.4,949979,35,65,2026-09-10-s1
2026-09-10 10:10:50+00:00,bench-03,2055,61.9,1,auto,-49.9,959977,35,65,2026-09-10-s1
2026-09-10 10:11:00+00:00,bench-03,2051,62.9,1,auto,-47.8,969977,35,65,2026-09-10-s1
2026-09-10 10:11:10+00:00,bench-03,2042,63.5,1,auto,-45.2,979978,35,65,2026-09-10-s1
2026-09-10 10:11:20+00:00,bench-03,2005,64.6,1,auto,-44.5,989975,35,65,2026-09-10-s1
2026-09-10 10:11:30+00:00,bench-03,1986,63.6,1,auto,-44.2,999976,35,65,2026-09-10-s1
2026-09-10 10:11:40+00:00,bench-03,2009,63.7,1,auto,-43.5,1009979,35,65,2026-09-10-s1
2026-09-10 10:11:50+00:00,bench-03,2021,64.4,1,auto,-40.7,1019982,35,65,2026-09-10-s1
2026-09-10 10:12:00+00:00,bench-03,2007,64.3,1,auto,-38.2,1029983,35,65,2026-09-10-s1
2026-09-10 10:12:10+00:00,bench-03,1992,64.8,1,auto,-37.6,1039979,35,65,2026-09-10-s1
2026-09-10 10:12:20+00:00,bench-03,2005,64.6,1,auto,-35.8,1049975,35,65,2026-09-10-s1
2026-09-10 10:12:30+00:00,bench-03,1981,65.0,0,auto,-35.2,1059972,35,65,2026-09-10-s1
2026-09-10 10:12:40+00:00,bench-03,2024,64.1,0,auto,-35.0,1069971,35,65,2026-09-10-s1
2026-09-10 10:12:50+00:00,bench-03,2014,63.9,0,auto,-35.0,1079972,35,65,2026-09-10-s1
2026-09-10 10:13:00+00:00,bench-03,2023,63.0,0,auto,-36.0,1089972,35,65,2026-09-10-s1
2026-09-10 10:13:10+00:00,bench-03,2053,62.6,0,auto,-36.0,1099975,35,65,2026-09-10-s1
2026-09-10 10:13:20+00:00,bench-03,2044,62.6,0,auto,-36.1,1109977,35,65,2026-09-10-s1
2026-09-10 10:13:30+00:00,bench-03,2058,62.2,0,auto,-36.6,1119973,35,65,2026-09-10-s1
2026-09-10 10:13:40+00:00,bench-03,2117,60.1,0,auto,-35.1,1129977,35,65,2026-09-10-s1
2026-09-10 10:13:50+00:00,bench-03,2080,60.7,0,auto,-35.0,1139975,35,65,2026-09-10-s1
2026-09-10 10:14:00+00:00,bench-03,2121,59.8,0,auto,-36.0,1149976,35,65,2026-09-10-s1
2026-09-10 10:14:10+00:00,bench-03,2115,59.0,0,auto,-37.0,1159971,35,65,2026-09-10-s1
2026-09-10 10:14:20+00:00,bench-03,2152,59.1,0,auto,-36.3,1169969,35,65,2026-09-10-s1
2026-09-10 10:14:30+00:00,bench-03,2135,58.6,0,auto,-35.5,1179970,35,65,2026-09-10-s1
2026-09-10 10:14:40+00:00,bench-03,2169,57.5,0,auto,-35.9,1189974,35,65,2026-09-10-s1
2026-09-10 10:14:50+00:00,bench-03,2157,57.4,0,auto,-35.9,1199970,35,65,2026-09-10-s1
2026-09-10 10:15:00+00:00,bench-03,2153,57.7,0,auto,-35.8,1209974,35,65,2026-09-10-s1
2026-09-10 10:15:10+00:00,bench-03,2171,56.5,0,auto,-37.7,1219973,35,65,2026-09-10-s1
2026-09-10 10:15:20+00:00,bench-03,2202,55.8,0,auto,-37.2,1229973,35,65,2026-09-10-s1
2026-09-10 10:15:30+00:00,bench-03,2222,54.6,0,auto,-35.6,1239971,35,65,2026-09-10-s1
2026-09-10 10:15:40+00:00,bench-03,2192,54.4,0,auto,-35.9,1249974,35,65,2026-09-10-s1
2026-09-10 10:15:50+00:00,bench-03,2204,54.3,0,auto,-36.9,1259972,35,65,2026-09-10-s1
2026-09-10 10:16:00+00:00,bench-03,2240,53.3,0,auto,-37.6,1269973,35,65,2026-09-10-s1
2026-09-10 10:16:10+00:00,bench-03,2244,53.5,0,auto,-37.7,1279971,35,65,2026-09-10-s1
2026-09-10 10:16:20+00:00,bench-03,2246,53.1,0,auto,-37.5,1289970,35,65,2026-09-10-s1
2026-09-10 10:16:30+00:00,bench-03,2268,51.9,0,auto,-36.5,1299972,35,65,2026-09-10-s1
2026-09-10 10:16:40+00:00,bench-03,2276,51.7,0,auto,-37.0,1309976,35,65,2026-09-10-s1
2026-09-10 10:16:50+00:00,bench-03,2297,50.8,0,auto,-35.0,1319972,35,65,2026-09-10-s1
2026-09-10 10:17:00+00:00,bench-03,2285,51.1,0,auto,-35.0,1329976,35,65,2026-09-10-s1
2026-09-10 10:17:10+00:00,bench-03,2292,50.8,0,auto,-35.1,1339976,35,65,2026-09-10-s1
2026-09-10 10:17:20+00:00,bench-03,2332,49.5,0,auto,-35.6,1349973,35,65,2026-09-10-s1
2026-09-10 10:17:30+00:00,bench-03,2320,49.4,0,auto,-35.0,1359976,35,65,2026-09-10-s1
2026-09-10 10:17:40+00:00,bench-03,2341,48.5,0,auto,-35.0,1369974,35,65,2026-09-10-s1
2026-09-10 10:17:50+00:00,bench-03,2336,48.8,0,auto,-36.1,1379969,35,65,2026-09-10-s1
2026-09-10 10:18:00+00:00,bench-03,2366,48.1,0,auto,-35.3,1389966,35,65,2026-09-10-s1
2026-09-10 10:18:10+00:00,bench-03,2358,48.2,0,auto,-35.2,1399962,35,65,2026-09-10-s1
2026-09-10 10:18:20+00:00,bench-03,2371,47.4,0,auto,-36.4,1409965,35,65,2026-09-10-s1
2026-09-10 10:18:30+00:00,bench-03,2385,47.0,0,auto,-35.0,1419962,35,65,2026-09-10-s1
2026-09-10 10:18:40+00:00,bench-03,2390,46.6,0,auto,-35.1,1429962,35,65,2026-09-10-s1
2026-09-10 10:18:50+00:00,bench-03,2371,46.4,0,auto,-35.0,1439962,35,65,2026-09-10-s1
2026-09-10 10:19:00+00:00,bench-03,2426,45.7,0,auto,-36.0,1449958,35,65,2026-09-10-s1
2026-09-10 10:19:10+00:00,bench-03,2416,45.1,0,auto,-35.0,1459953,35,65,2026-09-10-s1
2026-09-10 10:19:20+00:00,bench-03,2414,45.1,0,auto,-35.0,1469957,35,65,2026-09-10-s1
2026-09-10 10:19:30+00:00,bench-03,2405,45.4,0,auto,-36.7,1479957,35,65,2026-09-10-s1
2026-09-10 10:19:40+00:00,bench-03,2424,45.1,0,auto,-38.2,1489954,35,65,2026-09-10-s1
2026-09-10 10:19:50+00:00,bench-03,2450,43.9,0,auto,-38.2,1499949,35,65,2026-09-10-s1
2026-09-10 10:20:00+00:00,bench-03,2482,43.4,0,auto,-37.9,1509949,35,65,2026-09-10-s1
2026-09-10 10:20:10+00:00,bench-03,2468,43.4,0,auto,-38.1,1519946,35,65,2026-09-10-s1
2026-09-10 10:20:20+00:00,bench-03,2448,43.1,0,auto,-37.1,1529945,35,65,2026-09-10-s1
2026-09-10 10:20:30+00:00,bench-03,2475,43.3,0,auto,-37.4,1539945,35,65,2026-09-10-s1
2026-09-10 10:20:40+00:00,bench-03,2493,41.9,0,auto,-38.7,1549943,35,65,2026-09-10-s1
2026-09-10 10:20:50+00:00,bench-03,2478,41.8,0,auto,-38.5,1559945,35,65,2026-09-10-s1
2026-09-10 10:21:00+00:00,bench-03,2494,41.5,0,auto,-39.4,1569946,35,65,2026-09-10-s1
2026-09-10 10:21:10+00:00,bench-03,2495,41.5,0,auto,-37.5,1579941,35,65,2026-09-10-s1
2026-09-10 10:21:20+00:00,bench-03,2501,40.8,0,auto,-36.1,1589938,35,65,2026-09-10-s1
2026-09-10 10:21:30+00:00,bench-03,2519,40.7,0,auto,-35.0,1599941,35,65,2026-09-10-s1
2026-09-10 10:21:40+00:00,bench-03,2541,39.8,0,auto,-35.0,1609941,35,65,2026-09-10-s1
2026-09-10 10:21:50+00:00,bench-03,2546,39.8,0,auto,-35.0,1619940,35,65,2026-09-10-s1
2026-09-10 10:22:00+00:00,bench-03,2560,39.3,0,auto,-35.0,1629939,35,65,2026-09-10-s1
2026-09-10 10:22:10+00:00,bench-03,2566,38.6,0,auto,-35.0,1639940,35,65,2026-09-10-s1
2026-09-10 10:22:20+00:00,bench-03,2554,39.4,0,auto,-35.6,1649939,35,65,2026-09-10-s1
2026-09-10 10:22:30+00:00,bench-03,2566,38.5,0,auto,-38.1,1659941,35,65,2026-09-10-s1
2026-09-10 10:22:40+00:00,bench-03,2551,38.9,0,auto,-37.9,1669943,35,65,2026-09-10-s1
2026-09-10 10:22:50+00:00,bench-03,2600,37.6,0,auto,-38.9,1679940,35,65,2026-09-10-s1
2026-09-10 10:23:00+00:00,bench-03,2590,37.2,0,auto,-39.8,1689936,35,65,2026-09-10-s1
2026-09-10 10:23:10+00:00,bench-03,2597,37.2,0,auto,-38.2,1699932,35,65,2026-09-10-s1
2026-09-10 10:23:20+00:00,bench-03,2591,36.8,0,auto,-37.9,1709934,35,65,2026-09-10-s1
2026-09-10 10:23:30+00:00,bench-03,2613,36.4,0,auto,-36.4,1719936,35,65,2026-09-10-s1
2026-09-10 10:23:40+00:00,bench-03,2598,35.9,0,auto,-38.4,1729936,35,65,2026-09-10-s1
2026-09-10 10:23:50+00:00,bench-03,2609,35.8,0,auto,-36.0,1739937,35,65,2026-09-10-s1
2026-09-10 10:24:00+00:00,bench-03,2663,35.3,0,auto,-35.7,1749936,35,65,2026-09-10-s1
2026-09-10 10:24:10+00:00,bench-03,2625,35.3,0,auto,-35.5,1759931,35,65,2026-09-10-s1
2026-09-10 10:24:20+00:00,bench-03,2638,35.9,0,auto,-35.0,1769930,35,65,2026-09-10-s1
2026-09-10 10:24:30+00:00,bench-03,2623,35.1,0,auto,-35.6,1779929,35,65,2026-09-10-s1
2026-09-10 10:24:40+00:00,bench-03,2660,34.2,0,auto,-35.1,1789927,35,65,2026-09-10-s1
2026-09-10 10:24:50+00:00,bench-03,2623,35.2,1,auto,-35.9,1799924,35,65,2026-09-10-s1
2026-09-10 10:25:00+00:00,bench-03,2634,35.9,1,auto,-36.3,1809920,35,65,2026-09-10-s1
2026-09-10 10:25:10+00:00,bench-03,2620,36.0,1,auto,-36.3,1819924,35,65,2026-09-10-s1
2026-09-10 10:25:20+00:00,bench-03,2594,37.4,1,auto,-36.1,1829922,35,65,2026-09-10-s1
2026-09-10 10:25:30+00:00,bench-03,2591,38.0,1,auto,-35.0,1839919,35,65,2026-09-10-s1
2026-09-10 10:25:40+00:00,bench-03,2553,38.4,1,auto,-36.5,1849921,35,65,2026-09-10-s1
2026-09-10 10:25:50+00:00,bench-03,2582,38.5,1,auto,-35.0,1859918,35,65,2026-09-10-s1
2026-09-10 10:26:00+00:00,bench-03,2550,39.5,1,auto,-35.7,1869919,35,65,2026-09-10-s1
2026-09-10 10:26:10+00:00,bench-03,2526,40.3,1,auto,-35.7,1879922,35,65,2026-09-10-s1
2026-09-10 10:26:20+00:00,bench-03,2519,40.2,1,auto,-35.0,1889923,35,65,2026-09-10-s1
2026-09-10 10:26:30+00:00,bench-03,2521,40.2,1,auto,-35.0,1899926,35,65,2026-09-10-s1
2026-09-10 10:26:40+00:00,bench-03,2511,41.5,1,auto,-35.0,1909927,35,65,2026-09-10-s1
2026-09-10 10:26:50+00:00,bench-03,2479,42.5,1,auto,-35.6,1919930,35,65,2026-09-10-s1
2026-09-10 10:27:00+00:00,bench-03,2465,42.1,1,auto,-39.7,1929931,35,65,2026-09-10-s1
2026-09-10 10:27:10+00:00,bench-03,2464,42.7,1,auto,-38.1,1939927,35,65,2026-09-10-s1
2026-09-10 10:27:20+00:00,bench-03,2450,43.3,1,auto,-39.5,1949925,35,65,2026-09-10-s1
2026-09-10 10:27:30+00:00,bench-03,2472,43.0,1,auto,-38.8,1959929,35,65,2026-09-10-s1
2026-09-10 10:27:40+00:00,bench-03,2414,44.3,1,auto,-37.8,1969931,35,65,2026-09-10-s1
2026-09-10 10:27:50+00:00,bench-03,2442,43.6,1,auto,-38.7,1979933,35,65,2026-09-10-s1
2026-09-10 10:28:00+00:00,bench-03,2453,44.8,1,auto,-39.4,1989937,35,65,2026-09-10-s1
2026-09-10 10:28:10+00:00,bench-03,2417,45.0,1,auto,-39.7,1999938,35,65,2026-09-10-s1
2026-09-10 10:28:20+00:00,bench-03,2463,44.6,1,auto,-38.8,2009939,35,65,2026-09-10-s1
2026-09-10 10:28:30+00:00,bench-03,2416,45.2,1,auto,-38.3,2019941,35,65,2026-09-10-s1
2026-09-10 10:28:40+00:00,bench-03,2419,46.3,1,auto,-36.0,2029944,35,65,2026-09-10-s1
2026-09-10 10:28:50+00:00,bench-03,2399,46.8,1,auto,-35.9,2039939,35,65,2026-09-10-s1
2026-09-10 10:29:00+00:00,bench-03,2367,47.2,1,auto,-36.5,2049942,35,65,2026-09-10-s1
2026-09-10 10:29:10+00:00,bench-03,2378,47.6,1,auto,-36.1,2059946,35,65,2026-09-10-s1
2026-09-10 10:29:20+00:00,bench-03,2348,47.6,1,auto,-35.0,2069944,35,65,2026-09-10-s1
2026-09-10 10:29:30+00:00,bench-03,2354,48.3,1,auto,-35.0,2079946,35,65,2026-09-10-s1
2026-09-10 10:29:40+00:00,bench-03,2347,48.6,1,auto,-35.0,2089947,35,65,2026-09-10-s1
2026-09-10 10:29:50+00:00,bench-03,2364,48.3,1,auto,-35.0,2099949,35,65,2026-09-10-s1
2026-09-10 10:30:00+00:00,bench-03,2349,48.5,1,auto,-35.7,2109946,35,65,2026-09-10-s1
2026-09-10 10:30:10+00:00,bench-03,2310,49.7,1,auto,-35.0,2119943,35,65,2026-09-10-s1
2026-09-10 10:30:20+00:00,bench-03,2330,49.8,1,auto,-36.4,2129938,35,65,2026-09-10-s1
2026-09-10 10:30:30+00:00,bench-03,2316,50.3,1,auto,-35.9,2139938,35,65,2026-09-10-s1
2026-09-10 10:30:40+00:00,bench-03,2320,50.1,1,auto,-35.3,2149942,35,65,2026-09-10-s1
2026-09-10 10:30:50+00:00,bench-03,2290,51.6,1,auto,-35.0,2159937,35,65,2026-09-10-s1
2026-09-10 10:31:00+00:00,bench-03,2267,51.9,1,auto,-35.7,2169935,35,65,2026-09-10-s1
2026-09-10 10:31:10+00:00,bench-03,2280,51.6,1,auto,-35.0,2179939,35,65,2026-09-10-s1
2026-09-10 10:31:20+00:00,bench-03,2248,52.6,1,auto,-35.0,2189943,35,65,2026-09-10-s1
2026-09-10 10:31:30+00:00,bench-03,2261,52.6,1,auto,-35.0,2199943,35,65,2026-09-10-s1
2026-09-10 10:31:40+00:00,bench-03,2268,52.6,1,auto,-37.4,2209945,35,65,2026-09-10-s1
2026-09-10 10:31:50+00:00,bench-03,2220,53.9,1,auto,-37.5,2219947,35,65,2026-09-10-s1
2026-09-10 10:32:00+00:00,bench-03,2228,54.1,1,auto,-36.8,2229951,35,65,2026-09-10-s1
2026-09-10 10:32:10+00:00,bench-03,2223,54.5,1,auto,-39.2,2239950,35,65,2026-09-10-s1
2026-09-10 10:32:20+00:00,bench-03,2244,53.6,1,auto,-41.4,2249945,35,65,2026-09-10-s1
2026-09-10 10:32:30+00:00,bench-03,2217,54.8,1,auto,-40.8,2259943,35,65,2026-09-10-s1
2026-09-10 10:32:40+00:00,bench-03,2176,55.1,1,auto,-39.8,2269939,35,65,2026-09-10-s1
2026-09-10 10:32:50+00:00,bench-03,2220,54.8,1,auto,-38.3,2279937,35,65,2026-09-10-s1
2026-09-10 10:33:00+00:00,bench-03,2201,55.3,1,auto,-36.9,2289935,35,65,2026-09-10-s1
2026-09-10 10:33:10+00:00,bench-03,2230,54.7,1,auto,-37.2,2299933,35,65,2026-09-10-s1
2026-09-10 10:33:20+00:00,bench-03,2175,56.4,1,auto,-38.4,2309929,35,65,2026-09-10-s1
2026-09-10 10:33:30+00:00,bench-03,2187,55.9,1,auto,-37.9,2319933,35,65,2026-09-10-s1
2026-09-10 10:33:40+00:00,bench-03,2202,56.4,1,auto,-36.3,2329934,35,65,2026-09-10-s1
2026-09-10 10:33:50+00:00,bench-03,2181,56.8,1,auto,-37.3,2339932,35,65,2026-09-10-s1
2026-09-10 10:34:00+00:00,bench-03,2170,57.1,1,auto,-37.3,2349931,35,65,2026-09-10-s1
2026-09-10 10:34:10+00:00,bench-03,2165,56.7,1,auto,-37.4,2359934,35,65,2026-09-10-s1
2026-09-10 10:34:20+00:00,bench-03,2129,58.6,1,auto,-37.6,2369936,35,65,2026-09-10-s1
2026-09-10 10:34:30+00:00,bench-03,2137,58.5,1,auto,-35.8,2379935,35,65,2026-09-10-s1
2026-09-10 10:34:40+00:00,bench-03,2135,58.6,1,auto,-35.0,2389937,35,65,2026-09-10-s1
2026-09-10 10:34:50+00:00,bench-03,2144,57.9,1,auto,-36.5,2399933,35,65,2026-09-10-s1
2026-09-10 10:35:00+00:00,bench-03,2142,58.3,1,auto,-36.8,2409936,35,65,2026-09-10-s1
2026-09-10 10:35:10+00:00,bench-03,2144,58.4,1,auto,-36.1,2419935,35,65,2026-09-10-s1
2026-09-10 10:35:20+00:00,bench-03,2118,58.8,1,auto,-37.1,2429939,35,65,2026-09-10-s1
2026-09-10 10:35:30+00:00,bench-03,2115,59.0,1,auto,-35.5,2439940,35,65,2026-09-10-s1
2026-09-10 10:35:40+00:00,bench-03,2117,60.1,1,auto,-35.0,2449940,35,65,2026-09-10-s1
2026-09-10 10:35:50+00:00,bench-03,2093,60.0,1,auto,-35.0,2459937,35,65,2026-09-10-s1
2026-09-10 10:36:00+00:00,bench-03,2094,60.5,1,auto,-36.2,2469935,35,65,2026-09-10-s1
2026-09-10 10:36:10+00:00,bench-03,2119,60.3,1,auto,-36.7,2479933,35,65,2026-09-10-s1
2026-09-10 10:36:20+00:00,bench-03,2080,60.8,1,auto,-36.6,2489929,35,65,2026-09-10-s1
2026-09-10 10:36:30+00:00,bench-03,2053,61.5,1,auto,-35.0,2499933,35,65,2026-09-10-s1
2026-09-10 10:36:40+00:00,bench-03,2081,60.7,1,auto,-36.4,2509937,35,65,2026-09-10-s1
2026-09-10 10:36:50+00:00,bench-03,2075,61.1,1,auto,-35.0,2519939,35,65,2026-09-10-s1
2026-09-10 10:37:00+00:00,bench-03,2055,61.9,1,auto,-35.2,2529934,35,65,2026-09-10-s1
2026-09-10 10:37:10+00:00,bench-03,2049,62.1,1,auto,-35.1,2539937,35,65,2026-09-10-s1
2026-09-10 10:37:20+00:00,bench-03,2037,61.7,1,auto,-35.0,2549935,35,65,2026-09-10-s1
2026-09-10 10:37:30+00:00,bench-03,2042,62.1,1,auto,-35.2,2559934,35,65,2026-09-10-s1
2026-09-10 10:37:40+00:00,bench-03,2054,62.5,1,auto,-35.0,2569935,35,65,2026-09-10-s1
2026-09-10 10:37:50+00:00,bench-03,2028,62.5,1,auto,-35.3,2579932,35,65,2026-09-10-s1
2026-09-10 10:38:00+00:00,bench-03,2026,63.2,1,auto,-35.0,2589935,35,65,2026-09-10-s1
2026-09-10 10:38:10+00:00,bench-03,2033,63.1,1,auto,-35.0,2599933,35,65,2026-09-10-s1
2026-09-10 10:38:20+00:00,bench-03,2022,63.8,1,auto,-36.3,2609930,35,65,2026-09-10-s1
2026-09-10 10:38:30+00:00,bench-03,2020,64.1,1,auto,-36.4,2619927,35,65,2026-09-10-s1
2026-09-10 10:38:40+00:00,bench-03,1996,64.4,1,auto,-35.0,2629931,35,65,2026-09-10-s1
2026-09-10 10:38:50+00:00,bench-03,2013,64.1,1,auto,-35.0,2639928,35,65,2026-09-10-s1
2026-09-10 10:39:00+00:00,bench-03,2014,64.2,1,auto,-37.1,2649929,35,65,2026-09-10-s1
2026-09-10 10:39:10+00:00,bench-03,1996,64.8,1,auto,-35.9,2659928,35,65,2026-09-10-s1
2026-09-10 10:39:20+00:00,bench-03,1999,65.0,1,auto,-37.4,2669926,35,65,2026-09-10-s1
2026-09-10 10:39:30+00:00,bench-03,1978,65.4,0,auto,-37.9,2679921,35,65,2026-09-10-s1
2026-09-10 10:39:40+00:00,bench-03,2008,63.7,0,auto,-37.7,2689922,35,65,2026-09-10-s1
2026-09-10 10:39:50+00:00,bench-03,2017,63.2,0,auto,-37.9,2699921,35,65,2026-09-10-s1
2026-09-10 10:40:00+00:00,bench-03,2038,62.6,0,auto,-38.0,2709916,35,65,2026-09-10-s1
2026-09-10 10:40:10+00:00,bench-03,2044,61.9,0,auto,-38.8,2719915,35,65,2026-09-10-s1
2026-09-10 10:40:20+00:00,bench-03,2051,61.9,0,auto,-38.5,2729916,35,65,2026-09-10-s1
2026-09-10 10:40:30+00:00,bench-03,2112,60.2,0,auto,-39.0,2739920,35,65,2026-09-10-s1
2026-09-10 10:40:40+00:00,bench-03,2087,60.7,0,auto,-38.7,2749923,35,65,2026-09-10-s1
2026-09-10 10:40:50+00:00,bench-03,2106,59.8,0,auto,-40.4,2759926,35,65,2026-09-10-s1
2026-09-10 10:41:00+00:00,bench-03,2099,59.8,0,auto,-38.6,2769921,35,65,2026-09-10-s1
2026-09-10 10:41:10+00:00,bench-03,2128,58.7,0,auto,-40.2,2779920,35,65,2026-09-10-s1
2026-09-10 10:41:20+00:00,bench-03,2126,58.7,0,auto,-38.7,2789920,35,65,2026-09-10-s1
2026-09-10 10:41:30+00:00,bench-03,2126,58.1,0,auto,-38.2,2799919,35,65,2026-09-10-s1
2026-09-10 10:41:40+00:00,bench-03,2162,57.0,0,auto,-38.3,2809923,35,65,2026-09-10-s1
2026-09-10 10:41:50+00:00,bench-03,2185,56.7,0,auto,-38.3,2819919,35,65,2026-09-10-s1
2026-09-10 10:42:00+00:00,bench-03,2158,56.6,0,auto,-36.4,2829920,35,65,2026-09-10-s1
2026-09-10 10:42:10+00:00,bench-03,2163,56.3,0,auto,-38.0,2839922,35,65,2026-09-10-s1
2026-09-10 10:42:20+00:00,bench-03,2183,55.4,0,auto,-37.9,2849918,35,65,2026-09-10-s1
2026-09-10 10:42:30+00:00,bench-03,2192,55.6,0,auto,-37.4,2859917,35,65,2026-09-10-s1
2026-09-10 10:42:40+00:00,bench-03,2204,54.9,0,auto,-37.3,2869914,35,65,2026-09-10-s1
2026-09-10 10:42:50+00:00,bench-03,2222,54.7,0,auto,-38.6,2879914,35,65,2026-09-10-s1
2026-09-10 10:43:00+00:00,bench-03,2236,53.2,0,auto,-39.8,2889915,35,65,2026-09-10-s1
2026-09-10 10:43:10+00:00,bench-03,2266,52.7,0,auto,-38.8,2899911,35,65,2026-09-10-s1
2026-09-10 10:43:20+00:00,bench-03,2237,52.9,0,auto,-39.5,2909910,35,65,2026-09-10-s1
2026-09-10 10:43:30+00:00,bench-03,2282,51.8,0,auto,-38.2,2919913,35,65,2026-09-10-s1
2026-09-10 10:43:40+00:00,bench-03,2265,52.2,0,auto,-38.6,2929917,35,65,2026-09-10-s1
2026-09-10 10:43:50+00:00,bench-03,2286,51.3,0,auto,-38.6,2939912,35,65,2026-09-10-s1
2026-09-10 10:44:00+00:00,bench-03,2314,51.5,0,auto,-38.5,2949915,35,65,2026-09-10-s1
2026-09-10 10:44:10+00:00,bench-03,2279,50.5,0,auto,-37.7,2959917,35,65,2026-09-10-s1
2026-09-10 10:44:20+00:00,bench-03,2324,50.5,0,auto,-35.9,2969914,35,65,2026-09-10-s1
2026-09-10 10:44:30+00:00,bench-03,2315,49.8,0,auto,-37.0,2979917,35,65,2026-09-10-s1
2026-09-10 10:44:40+00:00,bench-03,2354,49.2,0,auto,-38.1,2989920,35,65,2026-09-10-s1
2026-09-10 10:44:50+00:00,bench-03,2339,49.0,0,auto,-40.5,2999919,35,65,2026-09-10-s1
2026-09-10 10:45:00+00:00,bench-03,2357,48.2,0,auto,-41.3,3009917,35,65,2026-09-10-s1
2026-09-10 10:45:10+00:00,bench-03,2357,47.5,0,auto,-42.0,3019920,35,65,2026-09-10-s1
2026-09-10 10:45:20+00:00,bench-03,2359,47.3,0,auto,-39.8,3029920,35,65,2026-09-10-s1
2026-09-10 10:45:30+00:00,bench-03,2373,47.3,0,auto,-37.5,3039922,35,65,2026-09-10-s1
2026-09-10 10:45:40+00:00,bench-03,2388,46.9,0,auto,-37.5,3049925,35,65,2026-09-10-s1
2026-09-10 10:45:50+00:00,bench-03,2414,46.3,0,auto,-36.7,3059925,35,65,2026-09-10-s1
2026-09-10 10:46:00+00:00,bench-03,2387,47.0,0,auto,-36.1,3069924,35,65,2026-09-10-s1
2026-09-10 10:46:10+00:00,bench-03,2411,45.7,0,auto,-35.0,3079922,35,65,2026-09-10-s1
2026-09-10 10:46:20+00:00,bench-03,2422,44.7,0,auto,-35.0,3089920,35,65,2026-09-10-s1
2026-09-10 10:46:30+00:00,bench-03,2408,44.6,0,auto,-35.0,3099916,35,65,2026-09-10-s1
2026-09-10 10:46:40+00:00,bench-03,2456,43.9,0,auto,-35.8,3109913,35,65,2026-09-10-s1
2026-09-10 10:46:50+00:00,bench-03,2434,44.2,0,auto,-35.8,3119916,35,65,2026-09-10-s1
2026-09-10 10:47:00+00:00,bench-03,2449,44.4,0,auto,-35.0,3129917,35,65,2026-09-10-s1
2026-09-10 10:47:10+00:00,bench-03,2471,43.6,0,auto,-37.5,3139916,35,65,2026-09-10-s1
2026-09-10 10:47:20+00:00,bench-03,2451,42.9,0,auto,-37.9,3149920,35,65,2026-09-10-s1
2026-09-10 10:47:30+00:00,bench-03,2481,42.5,0,auto,-36.8,3159917,35,65,2026-09-10-s1
2026-09-10 10:47:40+00:00,bench-03,2499,41.9,0,auto,-37.9,3169917,35,65,2026-09-10-s1
2026-09-10 10:47:50+00:00,bench-03,2494,41.4,0,auto,-38.3,3179920,35,65,2026-09-10-s1
2026-09-10 10:48:00+00:00,bench-03,2486,42.0,0,auto,-39.1,3189917,35,65,2026-09-10-s1
2026-09-10 10:48:10+00:00,bench-03,2529,40.6,0,auto,-39.7,3199915,35,65,2026-09-10-s1
2026-09-10 10:48:20+00:00,bench-03,2532,40.2,0,auto,-39.4,3209911,35,65,2026-09-10-s1
2026-09-10 10:48:30+00:00,bench-03,2536,39.9,0,auto,-40.7,3219911,35,65,2026-09-10-s1
2026-09-10 10:48:40+00:00,bench-03,2549,39.2,0,auto,-39.5,3229911,35,65,2026-09-10-s1
2026-09-10 10:48:50+00:00,bench-03,2528,39.8,0,auto,-39.3,3239915,35,65,2026-09-10-s1
2026-09-10 10:49:00+00:00,bench-03,2560,39.1,0,auto,-38.1,3249913,35,65,2026-09-10-s1
2026-09-10 10:49:10+00:00,bench-03,2552,39.2,0,auto,-39.1,3259917,35,65,2026-09-10-s1
2026-09-10 10:49:20+00:00,bench-03,2547,39.3,0,auto,-41.1,3269916,35,65,2026-09-10-s1
2026-09-10 10:49:30+00:00,bench-03,2584,37.7,0,auto,-41.5,3279917,35,65,2026-09-10-s1
2026-09-10 10:49:40+00:00,bench-03,2574,37.8,0,auto,-40.5,3289912,35,65,2026-09-10-s1
2026-09-10 10:49:50+00:00,bench-03,2567,38.0,0,auto,-38.2,3299910,35,65,2026-09-10-s1
2026-09-10 10:50:00+00:00,bench-03,2590,37.5,0,auto,-38.3,3309911,35,65,2026-09-10-s1
2026-09-10 10:50:10+00:00,bench-03,2578,37.7,0,auto,-39.1,3319913,35,65,2026-09-10-s1
2026-09-10 10:50:20+00:00,bench-03,2602,36.7,0,auto,-40.9,3329916,35,65,2026-09-10-s1
2026-09-10 10:50:30+00:00,bench-03,2603,36.9,0,auto,-44.0,3339916,35,65,2026-09-10-s1
2026-09-10 10:50:40+00:00,bench-03,2637,35.5,0,auto,-43.2,3349912,35,65,2026-09-10-s1
2026-09-10 10:50:50+00:00,bench-03,2597,36.7,0,auto,-42.0,3359915,35,65,2026-09-10-s1
2026-09-10 10:51:00+00:00,bench-03,2628,35.4,0,auto,-42.5,3369911,35,65,2026-09-10-s1
2026-09-10 10:51:10+00:00,bench-03,2626,35.6,0,auto,-43.1,3379915,35,65,2026-09-10-s1
2026-09-10 10:51:20+00:00,bench-03,2637,35.1,0,auto,-44.6,3389914,35,65,2026-09-10-s1
2026-09-10 10:51:30+00:00,bench-03,2631,34.5,0,auto,-43.4,3399916,35,65,2026-09-10-s1
2026-09-10 10:51:40+00:00,bench-03,2636,35.2,1,auto,-43.3,3409920,35,65,2026-09-10-s1
2026-09-10 10:51:50+00:00,bench-03,2606,35.6,1,auto,-42.4,3419919,35,65,2026-09-10-s1
2026-09-10 10:52:00+00:00,bench-03,2621,37.1,1,auto,-43.8,3429918,35,65,2026-09-10-s1
2026-09-10 10:52:10+00:00,bench-03,2609,36.6,1,auto,-43.9,3439922,35,65,2026-09-10-s1
2026-09-10 10:52:20+00:00,bench-03,2582,37.4,1,auto,-44.7,3449924,35,65,2026-09-10-s1
2026-09-10 10:52:30+00:00,bench-03,2592,37.1,1,auto,-46.1,3459922,35,65,2026-09-10-s1
2026-09-10 10:52:40+00:00,bench-03,2541,38.8,1,auto,-45.8,3469918,35,65,2026-09-10-s1
2026-09-10 10:52:50+00:00,bench-03,2577,38.7,1,auto,-45.3,3479913,35,65,2026-09-10-s1
2026-09-10 10:53:00+00:00,bench-03,2549,39.5,1,auto,-47.7,3489908,35,65,2026-09-10-s1
2026-09-10 10:53:10+00:00,bench-03,2519,40.4,1,auto,-47.4,3499906,35,65,2026-09-10-s1
2026-09-10 10:53:20+00:00,bench-03,2524,40.1,1,auto,-47.8,3509905,35,65,2026-09-10-s1
2026-09-10 10:53:30+00:00,bench-03,2524,40.9,1,auto,-47.8,3519906,35,65,2026-09-10-s1
2026-09-10 10:53:40+00:00,bench-03,2518,41.9,1,auto,-47.9,3529905,35,65,2026-09-10-s1
2026-09-10 10:53:50+00:00,bench-03,2521,41.7,1,auto,-47.1,3539905,35,65,2026-09-10-s1
2026-09-10 10:54:00+00:00,bench-03,2455,42.9,1,auto,-48.1,3549908,35,65,2026-09-10-s1
2026-09-10 10:54:10+00:00,bench-03,2492,42.6,1,auto,-49.0,3559910,35,65,2026-09-10-s1
2026-09-10 10:54:20+00:00,bench-03,2427,43.4,1,auto,-50.3,3569914,35,65,2026-09-10-s1
2026-09-10 10:54:30+00:00,bench-03,2443,44.0,1,auto,-49.4,3579915,35,65,2026-09-10-s1
2026-09-10 10:54:40+00:00,bench-03,2430,44.4,1,auto,-50.4,3589914,35,65,2026-09-10-s1
2026-09-10 10:54:50+00:00,bench-03,2425,44.7,1,auto,-49.2,3599918,35,65,2026-09-10-s1
2026-09-10 10:55:00+00:00,bench-03,2397,45.6,1,auto,-49.8,3609919,35,65,2026-09-10-s1
2026-09-10 10:55:10+00:00,bench-03,2407,45.8,1,auto,-52.0,3619916,35,65,2026-09-10-s1
2026-09-10 10:55:20+00:00,bench-03,2401,45.5,1,auto,-51.4,3629911,35,65,2026-09-10-s1
2026-09-10 10:55:30+00:00,bench-03,2391,46.4,1,auto,-50.9,3639911,35,65,2026-09-10-s1
2026-09-10 10:55:40+00:00,bench-03,2376,46.9,1,auto,-51.4,3649907,35,65,2026-09-10-s1
2026-09-10 10:55:50+00:00,bench-03,2358,47.7,1,auto,-51.1,3659907,35,65,2026-09-10-s1
2026-09-10 10:56:00+00:00,bench-03,2346,47.9,1,auto,-52.4,3669902,35,65,2026-09-10-s1
2026-09-10 10:56:10+00:00,bench-03,2367,47.0,1,auto,-53.0,3679904,35,65,2026-09-10-s1
2026-09-10 10:56:20+00:00,bench-03,2335,48.7,1,auto,-51.2,3689908,35,65,2026-09-10-s1
2026-09-10 10:56:30+00:00,bench-03,2341,48.4,1,auto,-50.8,3699903,35,65,2026-09-10-s1
2026-09-10 10:56:40+00:00,bench-03,2287,49.5,1,auto,-49.2,3709904,35,65,2026-09-10-s1
2026-09-10 10:56:50+00:00,bench-03,2324,49.7,1,auto,-50.6,3719907,35,65,2026-09-10-s1
2026-09-10 10:57:00+00:00,bench-03,2328,49.2,1,auto,-49.4,3729902,35,65,2026-09-10-s1
2026-09-10 10:57:10+00:00,bench-03,2321,49.9,1,auto,-51.0,3739905,35,65,2026-09-10-s1
2026-09-10 10:57:20+00:00,bench-03,2328,50.3,1,auto,-52.8,3749905,35,65,2026-09-10-s1
2026-09-10 10:57:30+00:00,bench-03,2316,50.6,1,auto,-54.8,3759902,35,65,2026-09-10-s1
2026-09-10 10:57:40+00:00,bench-03,2291,51.0,1,auto,-56.9,3769903,35,65,2026-09-10-s1
2026-09-10 10:57:50+00:00,bench-03,2290,51.3,1,auto,-56.4,3779900,35,65,2026-09-10-s1
2026-09-10 10:58:00+00:00,bench-03,2299,52.0,1,auto,-59.3,3789897,35,65,2026-09-10-s1
2026-09-10 10:58:10+00:00,bench-03,2280,52.2,1,auto,-58.6,3799892,35,65,2026-09-10-s1
2026-09-10 10:58:20+00:00,bench-03,2267,52.4,1,auto,-56.8,3809895,35,65,2026-09-10-s1
2026-09-10 10:58:30+00:00,bench-03,2246,53.2,1,auto,-55.6,3819895,35,65,2026-09-10-s1
2026-09-10 10:58:40+00:00,bench-03,2222,53.8,1,auto,-56.2,3829892,35,65,2026-09-10-s1
2026-09-10 10:58:50+00:00,bench-03,2277,52.4,1,auto,-56.2,3839893,35,65,2026-09-10-s1
2026-09-10 10:59:00+00:00,bench-03,2236,54.1,1,auto,-55.7,3849895,35,65,2026-09-10-s1
2026-09-10 10:59:10+00:00,bench-03,2214,54.8,1,auto,-56.8,3859892,35,65,2026-09-10-s1
2026-09-10 10:59:20+00:00,bench-03,2215,54.3,1,auto,-57.2,3869891,35,65,2026-09-10-s1
2026-09-10 10:59:30+00:00,bench-03,2234,54.3,1,auto,-56.8,3879889,35,65,2026-09-10-s1
2026-09-10 10:59:40+00:00,bench-03,2181,55.2,1,auto,-58.2,3889891,35,65,2026-09-10-s1
2026-09-10 10:59:50+00:00,bench-03,2204,54.8,1,auto,-59.6,3899887,35,65,2026-09-10-s1
2026-09-10 11:00:00+00:00,bench-03,2160,56.2,1,auto,-60.0,3909888,35,65,2026-09-10-s1
2026-09-10 11:00:10+00:00,bench-03,2197,55.8,1,auto,-60.2,3919889,35,65,2026-09-10-s1
2026-09-10 11:00:20+00:00,bench-03,2205,55.7,1,auto,-58.2,3929888,35,65,2026-09-10-s1
2026-09-10 11:00:30+00:00,bench-03,2170,56.5,1,auto,-57.7,3939890,35,65,2026-09-10-s1
2026-09-10 11:00:40+00:00,bench-03,2158,57.2,1,auto,-57.1,3949889,35,65,2026-09-10-s1
2026-09-10 11:00:50+00:00,bench-03,2162,57.0,1,auto,-56.5,3959891,35,65,2026-09-10-s1
2026-09-10 11:01:00+00:00,bench-03,2183,57.2,1,auto,-56.5,3969889,35,65,2026-09-10-s1
2026-09-10 11:01:10+00:00,bench-03,2122,58.9,1,auto,-58.6,3979885,35,65,2026-09-10-s1
2026-09-10 11:01:20+00:00,bench-03,2120,58.7,1,auto,-60.7,3989885,35,65,2026-09-10-s1
2026-09-10 11:01:30+00:00,bench-03,2128,58.7,1,auto,-58.9,3999881,35,65,2026-09-10-s1
2026-09-10 11:01:40+00:00,bench-03,2117,58.8,1,auto,-60.4,4009876,35,65,2026-09-10-s1
2026-09-10 11:01:50+00:00,bench-03,2120,59.1,1,auto,-62.4,4019877,35,65,2026-09-10-s1
2026-09-10 11:02:00+00:00,bench-03,2090,59.0,1,auto,-60.9,4029880,35,65,2026-09-10-s1
2026-09-10 11:02:10+00:00,bench-03,2115,59.2,1,auto,-62.2,4039884,35,65,2026-09-10-s1
2026-09-10 11:02:20+00:00,bench-03,2099,58.9,1,auto,-62.6,4049879,35,65,2026-09-10-s1
2026-09-10 11:02:30+00:00,bench-03,2124,59.5,1,auto,-62.6,4059878,35,65,2026-09-10-s1
2026-09-10 11:02:40+00:00,bench-03,2086,60.7,1,auto,-63.3,4069877,35,65,2026-09-10-s1
2026-09-10 11:02:50+00:00,bench-03,2094,60.8,1,auto,-63.5,4079872,35,65,2026-09-10-s1
2026-09-10 11:03:00+00:00,bench-03,2074,61.3,1,auto,-64.3,4089873,35,65,2026-09-10-s1
2026-09-10 11:03:10+00:00,bench-03,2066,61.8,1,auto,-67.1,4099876,35,65,2026-09-10-s1
2026-09-10 11:03:20+00:00,bench-03,2067,61.5,1,auto,-66.2,4109872,35,65,2026-09-10-s1
2026-09-10 11:03:30+00:00,bench-03,2027,62.4,1,auto,-63.3,4119867,35,65,2026-09-10-s1
2026-09-10 11:03:40+00:00,bench-03,2043,61.8,1,auto,-63.6,4129863,35,65,2026-09-10-s1
2026-09-10 11:03:50+00:00,bench-03,2046,62.9,1,auto,-63.1,4139865,35,65,2026-09-10-s1
2026-09-10 11:04:00+00:00,bench-03,2040,62.6,1,auto,-61.1,4149864,35,65,2026-09-10-s1
2026-09-10 11:04:10+00:00,bench-03,2084,61.7,1,auto,-60.1,4159859,35,65,2026-09-10-s1
2026-09-10 11:04:20+00:00,bench-03,2022,63.0,1,auto,-60.2,4169860,35,65,2026-09-10-s1
2026-09-10 11:04:30+00:00,bench-03,2043,63.4,1,auto,-60.2,4179855,35,65,2026-09-10-s1
2026-09-10 11:04:40+00:00,bench-03,2026,63.6,1,auto,-59.2,4189852,35,65,2026-09-10-s1
2026-09-10 11:04:50+00:00,bench-03,1986,64.4,1,auto,-61.1,4199847,35,65,2026-09-10-s1
2026-09-10 11:05:00+00:00,bench-03,4095,-20.0,1,auto,-61.2,4209848,35,65,2026-09-10-s1
2026-09-10 11:05:10+00:00,bench-03,2006,64.2,1,auto,-61.2,4219846,35,65,2026-09-10-s1
2026-09-10 11:05:20+00:00,bench-03,1974,65.1,1,auto,-59.4,4229843,35,65,2026-09-10-s1
2026-09-10 11:05:30+00:00,bench-03,2001,64.8,1,auto,-58.3,4239845,35,65,2026-09-10-s1
2026-09-10 11:05:40+00:00,bench-03,1999,65.0,1,auto,-56.4,4249849,35,65,2026-09-10-s1
2026-09-10 11:05:50+00:00,bench-03,1972,64.8,1,auto,-55.6,4259846,35,65,2026-09-10-s1
2026-09-10 11:06:00+00:00,bench-03,1985,65.0,1,auto,-54.0,4269841,35,65,2026-09-10-s1
2026-09-10 11:06:10+00:00,bench-03,1994,64.4,0,auto,-53.6,4279839,35,65,2026-09-10-s1
2026-09-10 11:06:20+00:00,bench-03,2010,63.9,0,auto,-54.4,4289836,35,65,2026-09-10-s1
2026-09-10 11:06:30+00:00,bench-03,2043,63.4,0,auto,-54.5,4299838,35,65,2026-09-10-s1
2026-09-10 11:06:40+00:00,bench-03,2079,62.2,0,auto,-56.2,4309839,35,65,2026-09-10-s1
2026-09-10 11:06:50+00:00,bench-03,2027,62.1,0,auto,-57.2,4319839,35,65,2026-09-10-s1
2026-09-10 11:07:00+00:00,bench-03,2060,62.0,0,auto,-57.8,4329840,35,65,2026-09-10-s1
2026-09-10 11:07:10+00:00,bench-03,2059,61.3,0,auto,-58.2,4339841,35,65,2026-09-10-s1
2026-09-10 11:07:20+00:00,bench-03,2095,60.2,0,auto,-57.9,4349837,35,65,2026-09-10-s1
2026-09-10 11:07:30+00:00,bench-03,2083,60.0,0,auto,-57.9,4359839,35,65,2026-09-10-s1
2026-09-10 11:07:40+00:00,bench-03,2119,59.1,0,auto,-56.7,4369835,35,65,2026-09-10-s1
2026-09-10 11:07:50+00:00,bench-03,2132,58.2,0,auto,-59.2,4379836,35,65,2026-09-10-s1
2026-09-10 11:08:00+00:00,bench-03,2130,58.8,0,auto,-58.5,4389840,35,65,2026-09-10-s1
2026-09-10 11:08:10+00:00,bench-03,2137,57.6,0,auto,-58.0,4399836,35,65,2026-09-10-s1
2026-09-10 11:08:20+00:00,bench-03,2144,56.9,0,auto,-58.6,4409832,35,65,2026-09-10-s1
2026-09-10 11:08:30+00:00,bench-03,2178,56.6,0,auto,-58.7,4419830,35,65,2026-09-10-s1
2026-09-10 11:08:40+00:00,bench-03,2176,56.0,0,auto,-58.5,4429826,35,65,2026-09-10-s1
2026-09-10 11:08:50+00:00,bench-03,2193,55.5,0,auto,-58.6,4439826,35,65,2026-09-10-s1
2026-09-10 11:09:00+00:00,bench-03,2195,54.7,0,auto,-59.7,4449825,35,65,2026-09-10-s1
2026-09-10 11:09:10+00:00,bench-03,2239,54.7,0,auto,-57.4,4459827,35,65,2026-09-10-s1
2026-09-10 11:09:20+00:00,bench-03,2220,54.3,0,auto,-56.1,4469827,35,65,2026-09-10-s1
2026-09-10 11:09:30+00:00,bench-03,2242,53.7,0,auto,-55.3,4479828,35,65,2026-09-10-s1
2026-09-10 11:09:40+00:00,bench-03,2258,53.1,0,auto,-54.5,4489829,35,65,2026-09-10-s1
2026-09-10 11:09:50+00:00,bench-03,2294,52.0,0,auto,-54.4,4499825,35,65,2026-09-10-s1
2026-09-10 11:10:00+00:00,bench-03,2270,52.5,0,auto,-53.5,4509821,35,65,2026-09-10-s1
2026-09-10 11:10:10+00:00,bench-03,2283,51.6,0,auto,-51.2,4519818,35,65,2026-09-10-s1
2026-09-10 11:10:20+00:00,bench-03,2302,50.6,0,auto,-51.6,4529822,35,65,2026-09-10-s1
2026-09-10 11:10:30+00:00,bench-03,2287,51.3,0,auto,-51.1,4539826,35,65,2026-09-10-s1
2026-09-10 11:10:40+00:00,bench-03,2271,50.7,0,auto,-49.9,4549825,35,65,2026-09-10-s1
2026-09-10 11:10:50+00:00,bench-03,2312,50.0,0,auto,-48.1,4559822,35,65,2026-09-10-s1
2026-09-10 11:11:00+00:00,bench-03,2328,49.5,0,auto,-47.2,4569825,35,65,2026-09-10-s1
2026-09-10 11:11:10+00:00,bench-03,2341,49.2,0,auto,-45.1,4579822,35,65,2026-09-10-s1
2026-09-10 11:11:20+00:00,bench-03,2346,48.8,0,auto,-43.7,4589819,35,65,2026-09-10-s1
2026-09-10 11:11:30+00:00,bench-03,2354,48.1,0,auto,-42.4,4599822,35,65,2026-09-10-s1
2026-09-10 11:11:40+00:00,bench-03,2360,47.4,0,auto,-42.6,4609822,35,65,2026-09-10-s1
2026-09-10 11:11:50+00:00,bench-03,2380,47.6,0,auto,-42.1,4619825,35,65,2026-09-10-s1
2026-09-10 11:12:00+00:00,bench-03,2389,47.1,0,auto,-40.8,4629826,35,65,2026-09-10-s1
2026-09-10 11:12:10+00:00,bench-03,2389,46.8,0,auto,-41.7,4639821,35,65,2026-09-10-s1
2026-09-10 11:12:20+00:00,bench-03,2405,46.2,0,auto,-41.8,4649820,35,65,2026-09-10-s1
2026-09-10 11:12:30+00:00,bench-03,2396,45.8,0,auto,-42.2,4659822,35,65,2026-09-10-s1
2026-09-10 11:12:40+00:00,bench-03,2395,45.8,0,auto,-41.5,4669825,35,65,2026-09-10-s1
2026-09-10 11:12:50+00:00,bench-03,2438,44.9,0,auto,-40.7,4679826,35,65,2026-09-10-s1
2026-09-10 11:13:00+00:00,bench-03,2419,44.4,0,auto,-41.6,4689825,35,65,2026-09-10-s1
2026-09-10 11:13:10+00:00,bench-03,2432,44.7,0,auto,-41.8,4699827,35,65,2026-09-10-s1
2026-09-10 11:13:20+00:00,bench-03,2441,44.1,0,auto,-39.6,4709822,35,65,2026-09-10-s1
2026-09-10 11:13:30+00:00,bench-03,2454,43.5,0,auto,-40.6,4719823,35,65,2026-09-10-s1
2026-09-10 11:13:40+00:00,bench-03,2468,42.5,0,auto,-41.5,4729820,35,65,2026-09-10-s1
2026-09-10 11:13:50+00:00,bench-03,2480,42.9,0,auto,-40.4,4739822,35,65,2026-09-10-s1
2026-09-10 11:14:00+00:00,bench-03,2473,42.8,0,auto,-40.1,4749823,35,65,2026-09-10-s1
2026-09-10 11:14:10+00:00,bench-03,2493,42.5,0,auto,-39.6,4759821,35,65,2026-09-10-s1
2026-09-10 11:14:20+00:00,bench-03,2507,41.2,0,auto,-39.9,4769822,35,65,2026-09-10-s1
2026-09-10 11:14:30+00:00,bench-03,2498,41.3,0,auto,-40.0,4779825,35,65,2026-09-10-s1
2026-09-10 11:14:40+00:00,bench-03,2548,40.0,0,auto,-40.7,4789829,35,65,2026-09-10-s1
2026-09-10 11:14:50+00:00,bench-03,2526,40.7,0,auto,-41.1,4799826,35,65,2026-09-10-s1
2026-09-10 11:15:00+00:00,bench-03,2533,40.3,0,auto,-41.0,4809824,35,65,2026-09-10-s1
2026-09-10 11:15:10+00:00,bench-03,2562,38.9,0,auto,-40.7,4819820,35,65,2026-09-10-s1
2026-09-10 11:15:20+00:00,bench-03,2524,40.0,0,auto,-42.0,4829819,35,65,2026-09-10-s1
2026-09-10 11:15:30+00:00,bench-03,2563,39.6,0,auto,-42.5,4839822,35,65,2026-09-10-s1
2026-09-10 11:15:40+00:00,bench-03,2565,38.2,0,auto,-45.6,4849822,35,65,2026-09-10-s1
2026-09-10 11:15:50+00:00,bench-03,2548,38.9,0,auto,-45.7,4859826,35,65,2026-09-10-s1
2026-09-10 11:16:00+00:00,bench-03,2602,37.1,0,auto,-45.4,4869828,35,65,2026-09-10-s1
2026-09-10 11:16:10+00:00,bench-03,2596,37.0,0,auto,-44.9,4879824,35,65,2026-09-10-s1
2026-09-10 11:16:20+00:00,bench-03,2581,37.5,0,auto,-44.7,4889821,35,65,2026-09-10-s1
2026-09-10 11:16:30+00:00,bench-03,2576,37.3,0,auto,-43.4,4899823,35,65,2026-09-10-s1
2026-09-10 11:16:40+00:00,bench-03,2589,36.2,0,auto,-44.9,4909826,35,65,2026-09-10-s1
2026-09-10 11:16:50+00:00,bench-03,2597,37.1,0,auto,-47.0,4919826,35,65,2026-09-10-s1
2026-09-10 11:17:00+00:00,bench-03,2610,36.1,0,auto,-47.3,4929825,35,65,2026-09-10-s1
2026-09-10 11:17:10+00:00,bench-03,2626,35.5,0,auto,-47.6,4939824,35,65,2026-09-10-s1
2026-09-10 11:17:20+00:00,bench-03,2620,35.8,0,auto,-47.4,4949827,35,65,2026-09-10-s1
2026-09-10 11:17:30+00:00,bench-03,2651,35.3,0,auto,-49.0,4959825,35,65,2026-09-10-s1
2026-09-10 11:17:40+00:00,bench-03,2632,35.3,0,auto,-49.4,4969822,35,65,2026-09-10-s1
2026-09-10 11:17:50+00:00,bench-03,2630,35.3,1,auto,-49.3,4979820,35,65,2026-09-10-s1
2026-09-10 11:18:00+00:00,bench-03,2602,36.3,1,auto,-50.4,4989817,35,65,2026-09-10-s1
2026-09-10 11:18:10+00:00,bench-03,2592,37.0,1,auto,-50.6,4999820,35,65,2026-09-10-s1
2026-09-10 11:18:20+00:00,bench-03,2594,37.1,1,auto,-49.6,5009822,35,65,2026-09-10-s1
2026-09-10 11:18:30+00:00,bench-03,2594,37.4,1,auto,-49.9,5019820,35,65,2026-09-10-s1
2026-09-10 11:18:40+00:00,bench-03,2570,38.3,1,auto,-50.7,5029816,35,65,2026-09-10-s1
2026-09-10 11:18:50+00:00,bench-03,2562,39.2,1,auto,-50.0,5039814,35,65,2026-09-10-s1
2026-09-10 11:19:00+00:00,bench-03,2530,38.9,1,auto,-50.0,5049813,35,65,2026-09-10-s1
2026-09-10 11:19:10+00:00,bench-03,2560,39.2,1,auto,-50.5,5059812,35,65,2026-09-10-s1
2026-09-10 11:19:20+00:00,bench-03,2552,40.0,1,auto,-50.9,5069808,35,65,2026-09-10-s1
2026-09-10 11:19:30+00:00,bench-03,2511,40.4,1,auto,-51.6,5079808,35,65,2026-09-10-s1
2026-09-10 11:19:40+00:00,bench-03,2504,41.2,1,auto,-50.3,5089803,35,65,2026-09-10-s1
2026-09-10 11:19:50+00:00,bench-03,2515,41.0,1,auto,-49.8,5099805,35,65,2026-09-10-s1
2026-09-10 11:20:00+00:00,bench-03,2495,41.5,1,auto,-52.5,5109805,35,65,2026-09-10-s1
2026-09-10 11:20:10+00:00,bench-03,2487,42.6,1,auto,-52.5,5119806,35,65,2026-09-10-s1
2026-09-10 11:20:20+00:00,bench-03,2446,42.9,1,auto,-50.2,5129804,35,65,2026-09-10-s1
2026-09-10 11:20:30+00:00,bench-03,2464,43.2,1,auto,-49.4,5139804,35,65,2026-09-10-s1
2026-09-10 11:20:40+00:00,bench-03,2452,43.5,1,auto,-51.1,5149799,35,65,2026-09-10-s1
2026-09-10 11:20:50+00:00,bench-03,2438,44.5,1,auto,-51.3,5159797,35,65,2026-09-10-s1
2026-09-10 11:21:00+00:00,bench-03,2413,45.3,1,auto,-51.4,5169800,35,65,2026-09-10-s1
2026-09-10 11:21:10+00:00,bench-03,2441,44.7,1,auto,-52.9,5179798,35,65,2026-09-10-s1
2026-09-10 11:21:20+00:00,bench-03,2419,45.5,1,auto,-53.7,5189797,35,65,2026-09-10-s1
2026-09-10 11:21:30+00:00,bench-03,2403,45.3,1,auto,-53.7,5199792,35,65,2026-09-10-s1
2026-09-10 11:21:40+00:00,bench-03,2382,46.1,1,auto,-53.8,5209793,35,65,2026-09-10-s1
2026-09-10 11:21:50+00:00,bench-03,2392,46.4,1,auto,-53.0,5219796,35,65,2026-09-10-s1
2026-09-10 11:22:00+00:00,bench-03,2391,46.6,1,auto,-54.6,5229796,35,65,2026-09-10-s1
2026-09-10 11:22:10+00:00,bench-03,2355,47.6,1,auto,-52.4,5239795,35,65,2026-09-10-s1
2026-09-10 11:22:20+00:00,bench-03,2383,47.6,1,auto,-52.3,5249793,35,65,2026-09-10-s1
2026-09-10 11:22:30+00:00,bench-03,2362,48.2,1,auto,-49.6,5259797,35,65,2026-09-10-s1
2026-09-10 11:22:40+00:00,bench-03,2325,49.4,1,auto,-48.2,5269798,35,65,2026-09-10-s1
2026-09-10 11:22:50+00:00,bench-03,2353,48.3,1,auto,-49.0,5279801,35,65,2026-09-10-s1
2026-09-10 11:23:00+00:00,bench-03,2343,49.2,1,auto,-46.9,5289798,35,65,2026-09-10-s1
2026-09-10 11:23:10+00:00,bench-03,2315,49.8,1,auto,-46.1,5299800,35,65,2026-09-10-s1
2026-09-10 11:23:20+00:00,bench-03,2316,49.7,1,auto,-45.5,5309802,35,65,2026-09-10-s1
2026-09-10 11:23:30+00:00,bench-03,2269,51.0,1,auto,-45.4,5319800,35,65,2026-09-10-s1
2026-09-10 11:23:40+00:00,bench-03,2279,50.9,1,auto,-46.2,5329797,35,65,2026-09-10-s1
2026-09-10 11:23:50+00:00,bench-03,2303,51.0,1,auto,-45.9,5339798,35,65,2026-09-10-s1
2026-09-10 11:24:00+00:00,bench-03,2295,51.8,1,auto,-43.6,5349802,35,65,2026-09-10-s1
2026-09-10 11:24:10+00:00,bench-03,2315,51.5,1,auto,-43.5,5359798,35,65,2026-09-10-s1
2026-09-10 11:24:20+00:00,bench-03,2234,52.3,1,auto,-44.0,5369797,35,65,2026-09-10-s1
2026-09-10 11:24:30+00:00,bench-03,2256,52.9,1,auto,-44.3,5379793,35,65,2026-09-10-s1
2026-09-10 11:24:40+00:00,bench-03,2278,52.4,1,auto,-43.5,5389789,35,65,2026-09-10-s1
2026-09-10 11:24:50+00:00,bench-03,2232,52.7,1,auto,-42.1,5399791,35,65,2026-09-10-s1
2026-09-10 11:25:00+00:00,bench-03,2240,53.6,1,auto,-42.7,5409795,35,65,2026-09-10-s1
2026-09-10 11:25:10+00:00,bench-03,2229,53.7,1,auto,-41.0,5419790,35,65,2026-09-10-s1
2026-09-10 11:25:20+00:00,bench-03,2237,54.3,1,auto,-43.0,5429794,35,65,2026-09-10-s1
2026-09-10 11:25:30+00:00,bench-03,2219,54.8,1,auto,-42.5,5439791,35,65,2026-09-10-s1
2026-09-10 11:25:40+00:00,bench-03,2229,54.4,1,auto,-43.2,5449793,35,65,2026-09-10-s1
2026-09-10 11:25:50+00:00,bench-03,2210,55.0,1,auto,-42.1,5459796,35,65,2026-09-10-s1
2026-09-10 11:26:00+00:00,bench-03,2209,54.7,1,auto,-42.7,5469792,35,65,2026-09-10-s1
2026-09-10 11:26:10+00:00,bench-03,2181,56.0,1,auto,-41.5,5479789,35,65,2026-09-10-s1
2026-09-10 11:26:20+00:00,bench-03,2194,55.5,1,auto,-42.6,5489785,35,65,2026-09-10-s1
2026-09-10 11:26:30+00:00,bench-03,2198,55.7,1,auto,-44.5,5499780,35,65,2026-09-10-s1
2026-09-10 11:26:40+00:00,bench-03,2192,56.0,1,auto,-45.6,5509782,35,65,2026-09-10-s1
2026-09-10 11:26:50+00:00,bench-03,2177,56.8,1,auto,-45.2,5519781,35,65,2026-09-10-s1
2026-09-10 11:27:00+00:00,bench-03,2177,56.5,1,auto,-44.7,5529784,35,65,2026-09-10-s1
2026-09-10 11:27:10+00:00,bench-03,2170,57.1,1,auto,-43.8,5539784,35,65,2026-09-10-s1
2026-09-10 11:27:20+00:00,bench-03,2170,57.0,1,auto,-45.3,5549781,35,65,2026-09-10-s1
2026-09-10 11:27:30+00:00,bench-03,2139,58.2,1,auto,-46.4,5559776,35,65,2026-09-10-s1
2026-09-10 11:27:40+00:00,bench-03,2141,58.0,1,auto,-46.4,5569772,35,65,2026-09-10-s1
2026-09-10 11:27:50+00:00,bench-03,2114,58.8,1,auto,-47.7,5579769,35,65,2026-09-10-s1
2026-09-10 11:28:00+00:00,bench-03,2114,59.1,1,auto,-46.8,5589767,35,65,2026-09-10-s1
2026-09-10 11:28:10+00:00,bench-03,2092,59.5,1,auto,-45.6,5599764,35,65,2026-09-10-s1
2026-09-10 11:28:20+00:00,bench-03,2112,59.2,1,auto,-46.7,5609764,35,65,2026-09-10-s1
2026-09-10 11:28:30+00:00,bench-03,2103,59.8,1,auto,-47.4,5619759,35,65,2026-09-10-s1
2026-09-10 11:28:40+00:00,bench-03,2142,59.5,1,auto,-45.9,5629759,35,65,2026-09-10-s1
2026-09-10 11:28:50+00:00,bench-03,2092,60.4,1,auto,-46.4,5639756,35,65,2026-09-10-s1
2026-09-10 11:29:00+00:00,bench-03,2085,60.8,1,auto,-47.6,5649752,35,65,2026-09-10-s1
2026-09-10 11:29:10+00:00,bench-03,2102,60.9,1,auto,-48.3,5659754,35,65,2026-09-10-s1
2026-09-10 11:29:20+00:00,bench-03,2084,60.8,1,auto,-48.8,5669757,35,65,2026-09-10-s1
2026-09-10 11:29:30+00:00,bench-03,2079,61.2,1,auto,-50.6,5679757,35,65,2026-09-10-s1
2026-09-10 11:29:40+00:00,bench-03,2099,61.0,1,auto,-48.4,5689755,35,65,2026-09-10-s1
2026-09-10 11:29:50+00:00,bench-03,2060,61.9,1,auto,-46.6,5699756,35,65,2026-09-10-s1
2026-09-10 11:30:00+00:00,bench-03,2058,61.7,1,auto,-47.6,5709758,35,65,2026-09-10-s1
2026-09-10 11:30:10+00:00,bench-03,2053,62.6,1,auto,-49.4,5719762,35,65,2026-09-10-s1
2026-09-10 11:30:20+00:00,bench-03,2030,62.8,1,auto,-47.7,5729763,35,65,2026-09-10-s1
2026-09-10 11:30:30+00:00,bench-03,2044,62.5,1,auto,-48.3,5739766,35,65,2026-09-10-s1
2026-09-10 11:30:40+00:00,bench-03,2034,62.4,1,auto,-47.6,5749766,35,65,2026-09-10-s1
2026-09-10 11:30:50+00:00,bench-03,2044,63.1,1,auto,-46.9,5759761,35,65,2026-09-10-s1
2026-09-10 11:31:00+00:00,bench-03,2032,62.3,1,auto,-47.3,5769762,35,65,2026-09-10-s1
2026-09-10 11:31:10+00:00,bench-03,2012,63.5,1,auto,-47.1,5779759,35,65,2026-09-10-s1
2026-09-10 11:31:20+00:00,bench-03,2008,63.9,1,auto,-49.3,5789758,35,65,2026-09-10-s1
2026-09-10 11:31:30+00:00,bench-03,1990,64.2,1,auto,-48.3,5799757,35,65,2026-09-10-s1
2026-09-10 11:31:40+00:00,bench-03,1976,64.9,1,auto,-48.6,5809761,35,65,2026-09-10-s1
2026-09-10 11:31:50+00:00,bench-03,1975,65.0,1,auto,-48.6,5819764,35,65,2026-09-10-s1
2026-09-10 11:32:00+00:00,bench-03,1991,64.7,1,auto,-47.6,5829763,35,65,2026-09-10-s1
2026-09-10 11:32:10+00:00,bench-03,2010,64.3,1,auto,-46.4,5839765,35,65,2026-09-10-s1
2026-09-10 11:32:20+00:00,bench-03,1990,65.1,1,auto,-45.6,5849760,35,65,2026-09-10-s1
2026-09-10 11:32:30+00:00,bench-03,1996,64.2,0,auto,-45.0,5859757,35,65,2026-09-10-s1
2026-09-10 11:32:40+00:00,bench-03,2013,63.4,0,auto,-45.6,5869758,35,65,2026-09-10-s1
2026-09-10 11:32:50+00:00,bench-03,2035,63.9,0,auto,-47.0,5879758,35,65,2026-09-10-s1
2026-09-10 11:33:00+00:00,bench-03,1995,63.6,0,auto,-47.2,5889755,35,65,2026-09-10-s1
2026-09-10 11:33:10+00:00,bench-03,2042,62.0,0,auto,-48.3,5899750,35,65,2026-09-10-s1
2026-09-10 11:33:20+00:00,bench-03,2045,61.6,0,auto,-47.2,5909745,35,65,2026-09-10-s1
2026-09-10 11:33:30+00:00,bench-03,2042,61.2,0,auto,-47.4,5919742,35,65,2026-09-10-s1
2026-09-10 11:33:40+00:00,bench-03,2089,60.6,0,auto,-49.0,5929746,35,65,2026-09-10-s1
2026-09-10 11:33:50+00:00,bench-03,2124,59.1,0,auto,-49.8,5939749,35,65,2026-09-10-s1
2026-09-10 11:34:00+00:00,bench-03,2130,59.8,0,auto,-49.2,5949744,35,65,2026-09-10-s1
2026-09-10 11:34:10+00:00,bench-03,2130,59.0,0,auto,-48.5,5959744,35,65,2026-09-10-s1
2026-09-10 11:34:20+00:00,bench-03,2126,58.2,0,auto,-48.6,5969746,35,65,2026-09-10-s1
2026-09-10 11:34:30+00:00,bench-03,2134,58.1,0,auto,-48.1,5979746,35,65,2026-09-10-s1
2026-09-10 11:34:40+00:00,bench-03,2142,58.1,0,auto,-48.6,5989750,35,65,2026-09-10-s1
2026-09-10 11:34:50+00:00,bench-03,2158,56.9,0,auto,-49.0,5999752,35,65,2026-09-10-s1
2026-09-10 11:35:00+00:00,bench-03,2163,56.8,0,auto,-50.9,6009754,35,65,2026-09-10-s1
2026-09-10 11:35:10+00:00,bench-03,2179,55.8,0,auto,-51.2,6019757,35,65,2026-09-10-s1
2026-09-10 11:35:20+00:00,bench-03,2178,55.8,0,auto,-50.6,6029758,35,65,2026-09-10-s1
2026-09-10 11:35:30+00:00,bench-03,2213,54.8,0,auto,-50.1,6039761,35,65,2026-09-10-s1
2026-09-10 11:35:40+00:00,bench-03,2207,54.7,0,auto,-50.5,6049764,35,65,2026-09-10-s1
2026-09-10 11:35:50+00:00,bench-03,2233,54.1,0,auto,-51.5,6059759,35,65,2026-09-10-s1
2026-09-10 11:36:00+00:00,bench-03,2244,52.9,0,auto,-54.2,6069761,35,65,2026-09-10-s1
2026-09-10 11:36:10+00:00,bench-03,2234,52.8,0,auto,-53.9,6079763,35,65,2026-09-10-s1
2026-09-10 11:36:20+00:00,bench-03,2265,52.2,0,auto,-54.0,6089767,35,65,2026-09-10-s1
2026-09-10 11:36:30+00:00,bench-03,2263,52.4,0,auto,-54.3,6099770,35,65,2026-09-10-s1
2026-09-10 11:36:40+00:00,bench-03,2276,51.4,0,auto,-54.2,6109768,35,65,2026-09-10-s1
2026-09-10 11:36:50+00:00,bench-03,2278,51.2,0,auto,-54.2,6119767,35,65,2026-09-10-s1
2026-09-10 11:37:00+00:00,bench-03,2312,50.1,0,auto,-54.4,6129766,35,65,2026-09-10-s1
2026-09-10 11:37:10+00:00,bench-03,2304,50.0,0,auto,-52.5,6139767,35,65,2026-09-10-s1
2026-09-10 11:37:20+00:00,bench-03,2333,49.3,0,auto,-55.2,6149764,35,65,2026-09-10-s1
2026-09-10 11:37:30+00:00,bench-03,2306,49.6,0,auto,-54.6,6159759,35,65,2026-09-10-s1
2026-09-10 11:37:40+00:00,bench-03,2325,48.6,0,auto,-55.1,6169754,35,65,2026-09-10-s1
2026-09-10 11:37:50+00:00,bench-03,2371,47.6,0,auto,-55.0,6179749,35,65,2026-09-10-s1
2026-09-10 11:38:00+00:00,bench-03,2349,48.3,0,auto,-55.6,6189751,35,65,2026-09-10-s1
2026-09-10 11:38:10+00:00,bench-03,2388,47.0,0,auto,-57.1,6199755,35,65,2026-09-10-s1
2026-09-10 11:38:20+00:00,bench-03,2365,47.5,0,auto,-56.0,6209757,35,65,2026-09-10-s1
2026-09-10 11:38:30+00:00,bench-03,2372,47.3,0,auto,-55.6,6219761,35,65,2026-09-10-s1
2026-09-10 11:38:40+00:00,bench-03,2428,45.7,0,auto,-55.5,6229763,35,65,2026-09-10-s1
2026-09-10 11:38:50+00:00,bench-03,2390,46.1,0,auto,-55.6,6239764,35,65,2026-09-10-s1
2026-09-10 11:39:00+00:00,bench-03,2439,44.8,0,auto,-56.8,6249765,35,65,2026-09-10-s1
2026-09-10 11:39:10+00:00,bench-03,2420,45.6,0,auto,-58.0,6259766,35,65,2026-09-10-s1
2026-09-10 11:39:20+00:00,bench-03,2452,44.0,0,auto,-57.8,6269769,35,65,2026-09-10-s1
2026-09-10 11:39:30+00:00,bench-03,2446,44.4,0,auto,-59.2,6279770,35,65,2026-09-10-s1
2026-09-10 11:39:40+00:00,bench-03,2462,43.7,0,auto,-59.0,6289768,35,65,2026-09-10-s1
2026-09-10 11:39:50+00:00,bench-03,2429,43.5,0,auto,-58.0,6299763,35,65,2026-09-10-s1
2026-09-10 11:40:00+00:00,bench-03,2473,42.8,0,auto,-57.5,6309760,35,65,2026-09-10-s1
2026-09-10 11:40:10+00:00,bench-03,2477,42.1,0,auto,-57.1,6319757,35,65,2026-09-10-s1
2026-09-10 11:40:20+00:00,bench-03,2504,41.8,0,auto,-59.5,6329757,35,65,2026-09-10-s1
2026-09-10 11:40:30+00:00,bench-03,2495,42.2,0,auto,-58.4,6339760,35,65,2026-09-10-s1
2026-09-10 11:40:40+00:00,bench-03,2530,41.0,0,auto,-58.3,6349764,35,65,2026-09-10-s1
2026-09-10 11:40:50+00:00,bench-03,2505,41.5,0,auto,-58.4,6359768,35,65,2026-09-10-s1
2026-09-10 11:41:00+00:00,bench-03,2518,40.9,0,auto,-58.1,6369771,35,65,2026-09-10-s1
2026-09-10 11:41:10+00:00,bench-03,2527,40.3,0,auto,-58.3,6379766,35,65,2026-09-10-s1
2026-09-10 11:41:20+00:00,bench-03,2548,40.4,0,auto,-58.5,6389770,35,65,2026-09-10-s1
2026-09-10 11:41:30+00:00,bench-03,2513,40.2,0,auto,-57.2,6399765,35,65,2026-09-10-s1
2026-09-10 11:41:40+00:00,bench-03,2508,39.7,0,auto,-56.0,6409762,35,65,2026-09-10-s1
2026-09-10 11:41:50+00:00,bench-03,2571,38.6,0,auto,-55.2,6419761,35,65,2026-09-10-s1
2026-09-10 11:42:00+00:00,bench-03,2558,39.4,0,auto,-54.7,6429762,35,65,2026-09-10-s1
2026-09-10 11:42:10+00:00,bench-03,2583,37.9,0,auto,-53.7,6439757,35,65,2026-09-10-s1
2026-09-10 11:42:20+00:00,bench-03,2565,38.9,0,auto,-54.7,6449753,35,65,2026-09-10-s1
2026-09-10 11:42:30+00:00,bench-03,2566,38.2,0,auto,-52.7,6459755,35,65,2026-09-10-s1
2026-09-10 11:42:40+00:00,bench-03,2563,37.8,0,auto,-53.4,6469756,35,65,2026-09-10-s1
2026-09-10 11:42:50+00:00,bench-03,2578,37.7,0,auto,-52.9,6479753,35,65,2026-09-10-s1
2026-09-10 11:43:00+00:00,bench-03,2595,36.9,0,auto,-51.7,6489751,35,65,2026-09-10-s1
2026-09-10 11:43:10+00:00,bench-03,2611,37.3,0,auto,-50.0,6499748,35,65,2026-09-10-s1
2026-09-10 11:43:20+00:00,bench-03,2633,36.4,0,auto,-49.3,6509749,35,65,2026-09-10-s1
2026-09-10 11:43:30+00:00,bench-03,2613,36.3,0,auto,-50.3,6519751,35,65,2026-09-10-s1
2026-09-10 11:43:40+00:00,bench-03,2618,36.4,0,auto,-50.0,6529755,35,65,2026-09-10-s1
2026-09-10 11:43:50+00:00,bench-03,4095,-20.0,0,auto,-51.3,6539752,35,65,2026-09-10-s1
2026-09-10 11:44:00+00:00,bench-03,2623,35.8,0,auto,-50.3,6549748,35,65,2026-09-10-s1
2026-09-10 11:44:10+00:00,bench-03,2622,35.1,0,auto,-50.4,6559752,35,65,2026-09-10-s1
2026-09-10 11:44:20+00:00,bench-03,2617,35.8,0,auto,-50.9,6569750,35,65,2026-09-10-s1
2026-09-10 11:44:30+00:00,bench-03,2598,35.7,1,auto,-51.6,6579745,35,65,2026-09-10-s1
2026-09-10 11:44:40+00:00,bench-03,2605,35.8,1,auto,-52.5,6589745,35,65,2026-09-10-s1
2026-09-10 11:44:50+00:00,bench-03,2603,36.4,1,auto,-53.6,6599747,35,65,2026-09-10-s1
2026-09-10 11:45:00+00:00,bench-03,2618,36.7,1,auto,-54.6,6609742,35,65,2026-09-10-s1
2026-09-10 11:45:10+00:00,bench-03,2583,37.6,1,auto,-53.0,6619739,35,65,2026-09-10-s1
2026-09-10 11:45:20+00:00,bench-03,2576,37.4,1,auto,-54.9,6629742,35,65,2026-09-10-s1
2026-09-10 11:45:30+00:00,bench-03,2583,38.7,1,auto,-53.3,6639744,35,65,2026-09-10-s1
2026-09-10 11:45:40+00:00,bench-03,2558,38.9,1,auto,-55.8,6649745,35,65,2026-09-10-s1
2026-09-10 11:45:50+00:00,bench-03,2566,39.1,1,auto,-56.6,6659746,35,65,2026-09-10-s1
2026-09-10 11:46:00+00:00,bench-03,2553,39.8,1,auto,-57.2,6669741,35,65,2026-09-10-s1
2026-09-10 11:46:10+00:00,bench-03,2538,40.0,1,auto,-56.9,6679738,35,65,2026-09-10-s1
2026-09-10 11:46:20+00:00,bench-03,2486,41.4,1,auto,-57.4,6689733,35,65,2026-09-10-s1
2026-09-10 11:46:30+00:00,bench-03,2499,40.9,1,auto,-58.2,6699731,35,65,2026-09-10-s1
2026-09-10 11:46:40+00:00,bench-03,2495,41.8,1,auto,-59.6,6709735,35,65,2026-09-10-s1
2026-09-10 11:46:50+00:00,bench-03,2501,41.9,1,auto,-58.5,6719737,35,65,2026-09-10-s1
2026-09-10 11:47:00+00:00,bench-03,2493,42.4,1,auto,-59.3,6729733,35,65,2026-09-10-s1
2026-09-10 11:47:10+00:00,bench-03,2496,42.5,1,auto,-60.2,6739731,35,65,2026-09-10-s1
2026-09-10 11:47:20+00:00,bench-03,2482,42.7,1,auto,-60.6,6749730,35,65,2026-09-10-s1
2026-09-10 11:47:30+00:00,bench-03,2431,44.3,1,auto,-61.0,6759729,35,65,2026-09-10-s1
2026-09-10 11:47:40+00:00,bench-03,2449,44.6,1,auto,-60.4,6769728,35,65,2026-09-10-s1
2026-09-10 11:47:50+00:00,bench-03,2426,45.0,1,auto,-61.0,6779731,35,65,2026-09-10-s1
2026-09-10 11:48:00+00:00,bench-03,2393,45.7,1,auto,-61.8,6789726,35,65,2026-09-10-s1
2026-09-10 11:48:10+00:00,bench-03,2392,45.5,1,auto,-61.2,6799725,35,65,2026-09-10-s1
2026-09-10 11:48:20+00:00,bench-03,2388,46.4,1,auto,-60.1,6809724,35,65,2026-09-10-s1
2026-09-10 11:48:30+00:00,bench-03,2379,46.7,1,auto,-60.1,6819725,35,65,2026-09-10-s1
2026-09-10 11:48:40+00:00,bench-03,2374,46.9,1,auto,-62.0,6829722,35,65,2026-09-10-s1
2026-09-10 11:48:50+00:00,bench-03,2365,47.7,1,auto,-62.3,6839718,35,65,2026-09-10-s1
2026-09-10 11:49:00+00:00,bench-03,2366,48.2,1,auto,-63.6,6849721,35,65,2026-09-10-s1
2026-09-10 11:49:10+00:00,bench-03,2363,47.9,1,auto,-63.6,6859716,35,65,2026-09-10-s1
2026-09-10 11:49:20+00:00,bench-03,2343,48.3,1,auto,-61.1,6869719,35,65,2026-09-10-s1
2026-09-10 11:49:30+00:00,bench-03,2346,48.3,1,auto,-61.0,6879716,35,65,2026-09-10-s1
2026-09-10 11:49:40+00:00,bench-03,2306,49.8,1,auto,-62.2,6889715,35,65,2026-09-10-s1
2026-09-10 11:49:50+00:00,bench-03,2331,49.5,1,auto,-62.2,6899715,35,65,2026-09-10-s1
2026-09-10 11:50:00+00:00,bench-03,2338,49.4,1,auto,-64.7,6909715,35,65,2026-09-10-s1
2026-09-10 11:50:10+00:00,bench-03,2298,49.9,1,auto,-66.0,6919710,35,65,2026-09-10-s1
2026-09-10 11:50:20+00:00,bench-03,2283,51.1,1,auto,-66.3,6929705,35,65,2026-09-10-s1
2026-09-10 11:50:30+00:00,bench-03,2317,51.2,1,auto,-66.1,6939700,35,65,2026-09-10-s1
2026-09-10 11:50:40+00:00,bench-03,2290,51.3,1,auto,-66.9,6949704,35,65,2026-09-10-s1
2026-09-10 11:50:50+00:00,bench-03,2282,51.6,1,auto,-66.9,6959702,35,65,2026-09-10-s1
2026-09-10 11:51:00+00:00,bench-03,2272,52.1,1,auto,-66.0,6969702,35,65,2026-09-10-s1
2026-09-10 11:51:10+00:00,bench-03,2251,52.9,1,auto,-66.4,6979699,35,65,2026-09-10-s1
2026-09-10 11:51:20+00:00,bench-03,2260,52.8,1,auto,-65.5,6989702,35,65,2026-09-10-s1
2026-09-10 11:51:30+00:00,bench-03,2269,52.6,1,auto,-64.2,6999701,35,65,2026-09-10-s1
2026-09-10 11:51:40+00:00,bench-03,2252,52.4,1,auto,-65.8,7009703,35,65,2026-09-10-s1
2026-09-10 11:51:50+00:00,bench-03,2257,53.3,1,auto,-66.2,7019704,35,65,2026-09-10-s1
2026-09-10 11:52:00+00:00,bench-03,2257,53.9,1,auto,-64.8,7029707,35,65,2026-09-10-s1
2026-09-10 11:52:10+00:00,bench-03,2233,53.5,1,auto,-63.8,7039709,35,65,2026-09-10-s1
2026-09-10 11:52:20+00:00,bench-03,2218,54.3,1,auto,-64.0,7049708,35,65,2026-09-10-s1
2026-09-10 11:52:30+00:00,bench-03,2237,54.8,1,auto,-62.7,7059710,35,65,2026-09-10-s1
2026-09-10 11:52:40+00:00,bench-03,2201,55.0,1,auto,-63.2,7069713,35,65,2026-09-10-s1
2026-09-10 11:52:50+00:00,bench-03,2205,55.6,1,auto,-64.2,7079714,35,65,2026-09-10-s1
2026-09-10 11:53:00+00:00,bench-03,2188,55.4,1,auto,-65.1,7089711,35,65,2026-09-10-s1
2026-09-10 11:53:10+00:00,bench-03,2183,56.4,1,auto,-63.6,7099714,35,65,2026-09-10-s1
2026-09-10 11:53:20+00:00,bench-03,2192,56.1,1,auto,-65.2,7109712,35,65,2026-09-10-s1
2026-09-10 11:53:30+00:00,bench-03,2228,55.2,1,auto,-68.0,7119710,35,65,2026-09-10-s1
2026-09-10 11:53:40+00:00,bench-03,2172,56.9,1,auto,-68.1,7129705,35,65,2026-09-10-s1
2026-09-10 11:53:50+00:00,bench-03,2156,56.8,1,auto,-70.2,7139708,35,65,2026-09-10-s1
2026-09-10 11:54:00+00:00,bench-03,2159,57.1,1,auto,-69.0,7149710,35,65,2026-09-10-s1
2026-09-10 11:54:10+00:00,bench-03,2138,58.0,1,auto,-68.6,7159713,35,65,2026-09-10-s1
2026-09-10 11:54:20+00:00,bench-03,2126,57.6,1,auto,-68.6,7169712,35,65,2026-09-10-s1
2026-09-10 11:54:30+00:00,bench-03,2131,58.7,1,auto,-67.7,7179716,35,65,2026-09-10-s1
2026-09-10 11:54:40+00:00,bench-03,2135,58.1,1,auto,-66.3,7189711,35,65,2026-09-10-s1
2026-09-10 11:54:50+00:00,bench-03,2123,59.3,1,auto,-65.2,7199712,35,65,2026-09-10-s1
2026-09-10 11:55:00+00:00,bench-03,2118,59.2,1,auto,-64.0,7209711,35,65,2026-09-10-s1
2026-09-10 11:55:10+00:00,bench-03,2119,59.2,1,auto,-63.4,7219709,35,65,2026-09-10-s1
2026-09-10 11:55:20+00:00,bench-03,2124,59.1,1,auto,-63.4,7229705,35,65,2026-09-10-s1
2026-09-10 11:55:30+00:00,bench-03,2093,59.7,1,auto,-61.1,7239708,35,65,2026-09-10-s1
2026-09-10 11:55:40+00:00,bench-03,2101,59.8,1,auto,-62.6,7249706,35,65,2026-09-10-s1
2026-09-10 11:55:50+00:00,bench-03,2110,60.2,1,auto,-64.1,7259703,35,65,2026-09-10-s1
2026-09-10 11:56:00+00:00,bench-03,2096,60.9,1,auto,-64.0,7269706,35,65,2026-09-10-s1
2026-09-10 11:56:10+00:00,bench-03,2064,61.3,1,auto,-63.3,7279710,35,65,2026-09-10-s1
2026-09-10 11:56:20+00:00,bench-03,2056,61.0,1,auto,-63.3,7289711,35,65,2026-09-10-s1
2026-09-10 11:56:30+00:00,bench-03,2059,61.9,1,auto,-61.8,7299712,35,65,2026-09-10-s1
2026-09-10 11:56:40+00:00,bench-03,2051,62.5,1,auto,-61.9,7309710,35,65,2026-09-10-s1
2026-09-10 11:56:50+00:00,bench-03,2048,62.0,1,auto,-62.2,7319711,35,65,2026-09-10-s1
2026-09-10 11:57:00+00:00,bench-03,2041,62.4,1,auto,-59.9,7329712,35,65,2026-09-10-s1
2026-09-10 11:57:10+00:00,bench-03,2056,63.1,1,auto,-59.8,7339710,35,65,2026-09-10-s1
2026-09-10 11:57:20+00:00,bench-03,2031,62.4,1,auto,-59.2,7349710,35,65,2026-09-10-s1
2026-09-10 11:57:30+00:00,bench-03,2012,63.7,1,auto,-59.2,7359710,35,65,2026-09-10-s1
2026-09-10 11:57:40+00:00,bench-03,2025,63.4,1,auto,-58.6,7369706,35,65,2026-09-10-s1
2026-09-10 11:57:50+00:00,bench-03,2023,63.5,1,auto,-58.9,7379708,35,65,2026-09-10-s1
2026-09-10 11:58:00+00:00,bench-03,2020,63.6,1,auto,-57.6,7389712,35,65,2026-09-10-s1
2026-09-10 11:58:10+00:00,bench-03,2005,64.6,1,auto,-56.4,7399714,35,65,2026-09-10-s1
2026-09-10 11:58:20+00:00,bench-03,2008,64.1,1,auto,-56.3,7409710,35,65,2026-09-10-s1
2026-09-10 11:58:30+00:00,bench-03,2033,64.2,1,auto,-53.8,7419711,35,65,2026-09-10-s1
2026-09-10 11:58:40+00:00,bench-03,2004,64.7,1,auto,-53.3,7429711,35,65,2026-09-10-s1
2026-09-10 11:58:50+00:00,bench-03,2001,64.9,1,auto,-54.7,7439715,35,65,2026-09-10-s1
2026-09-10 11:59:00+00:00,bench-03,1985,64.9,0,auto,-56.1,7449712,35,65,2026-09-10-s1
2026-09-10 11:59:10+00:00,bench-03,2016,63.3,0,auto,-55.8,7459712,35,65,2026-09-10-s1
2026-09-10 11:59:20+00:00,bench-03,2018,64.0,0,auto,-57.0,7469713,35,65,2026-09-10-s1
2026-09-10 11:59:30+00:00,bench-03,2013,63.3,0,auto,-56.7,7479717,35,65,2026-09-10-s1
2026-09-10 11:59:40+00:00,bench-03,2062,62.1,0,auto,-57.4,7489717,35,65,2026-09-10-s1
2026-09-10 11:59:50+00:00,bench-03,2068,61.2,0,auto,-58.7,7499720,35,65,2026-09-10-s1
2026-09-11 14:15:00+00:00,bench-03,2188,55.8,0,auto,-56.6,10002,35,65,2026-09-11-s1
2026-09-11 14:15:10+00:00,bench-03,2198,55.3,0,auto,-53.3,20006,35,65,2026-09-11-s1
2026-09-11 14:15:20+00:00,bench-03,2226,54.7,0,auto,-53.0,30007,35,65,2026-09-11-s1
2026-09-11 14:15:30+00:00,bench-03,2219,54.1,0,auto,-53.3,40003,35,65,2026-09-11-s1
2026-09-11 14:15:40+00:00,bench-03,2267,53.5,0,auto,-52.4,50004,35,65,2026-09-11-s1
2026-09-11 14:15:50+00:00,bench-03,2214,53.9,0,auto,-51.3,60004,35,65,2026-09-11-s1
2026-09-11 14:16:00+00:00,bench-03,2253,52.2,0,auto,-51.1,70003,35,65,2026-09-11-s1
2026-09-11 14:16:10+00:00,bench-03,2280,52.1,0,auto,-49.3,79998,35,65,2026-09-11-s1
2026-09-11 14:16:20+00:00,bench-03,2268,52.3,0,auto,-50.9,89998,35,65,2026-09-11-s1
2026-09-11 14:16:30+00:00,bench-03,2287,51.3,0,auto,-49.9,99996,35,65,2026-09-11-s1
2026-09-11 14:16:40+00:00,bench-03,2291,50.5,0,auto,-50.0,109998,35,65,2026-09-11-s1
2026-09-11 14:16:50+00:00,bench-03,2319,50.1,0,auto,-49.3,119993,35,65,2026-09-11-s1
2026-09-11 14:17:00+00:00,bench-03,2361,49.2,0,auto,-49.4,129995,35,65,2026-09-11-s1
2026-09-11 14:17:10+00:00,bench-03,2339,50.0,0,auto,-49.6,139995,35,65,2026-09-11-s1
2026-09-11 14:17:20+00:00,bench-03,2281,49.8,0,auto,-49.6,149993,35,65,2026-09-11-s1
2026-09-11 14:17:30+00:00,bench-03,2326,49.6,0,auto,-51.0,159991,35,65,2026-09-11-s1
2026-09-11 14:17:40+00:00,bench-03,2326,48.0,0,auto,-49.4,169994,35,65,2026-09-11-s1
2026-09-11 14:17:50+00:00,bench-03,2341,48.5,0,auto,-48.5,179992,35,65,2026-09-11-s1
2026-09-11 14:18:00+00:00,bench-03,2358,48.0,0,auto,-50.4,189989,35,65,2026-09-11-s1
2026-09-11 14:18:10+00:00,bench-03,2354,46.8,0,auto,-49.6,199986,35,65,2026-09-11-s1
2026-09-11 14:18:20+00:00,bench-03,2359,48.1,0,auto,-50.1,209982,35,65,2026-09-11-s1
2026-09-11 14:18:30+00:00,bench-03,2375,46.7,0,auto,-50.9,219981,35,65,2026-09-11-s1
2026-09-11 14:18:40+00:00,bench-03,2420,46.0,0,auto,-50.9,229981,35,65,2026-09-11-s1
2026-09-11 14:18:50+00:00,bench-03,2393,46.4,0,auto,-49.0,239979,35,65,2026-09-11-s1
2026-09-11 14:19:00+00:00,bench-03,2402,45.6,0,auto,-48.6,249975,35,65,2026-09-11-s1
2026-09-11 14:19:10+00:00,bench-03,2421,45.2,0,auto,-47.1,259974,35,65,2026-09-11-s1
2026-09-11 14:19:20+00:00,bench-03,2427,45.3,0,auto,-45.9,269969,35,65,2026-09-11-s1
2026-09-11 14:19:30+00:00,bench-03,2408,43.7,0,auto,-45.4,279972,35,65,2026-09-11-s1
2026-09-11 14:19:40+00:00,bench-03,2427,44.4,0,auto,-45.1,289969,35,65,2026-09-11-s1
2026-09-11 14:19:50+00:00,bench-03,2451,43.3,0,auto,-45.4,299971,35,65,2026-09-11-s1
2026-09-11 14:20:00+00:00,bench-03,2469,42.9,0,auto,-45.0,309973,35,65,2026-09-11-s1
2026-09-11 14:20:10+00:00,bench-03,2447,43.0,0,auto,-44.9,319975,35,65,2026-09-11-s1
2026-09-11 14:20:20+00:00,bench-03,2478,42.8,0,auto,-45.0,329973,35,65,2026-09-11-s1
2026-09-11 14:20:30+00:00,bench-03,2468,43.0,0,auto,-43.7,339974,35,65,2026-09-11-s1
2026-09-11 14:20:40+00:00,bench-03,2468,42.2,0,auto,-41.4,349975,35,65,2026-09-11-s1
2026-09-11 14:20:50+00:00,bench-03,2472,42.5,0,auto,-41.3,359971,35,65,2026-09-11-s1
2026-09-11 14:21:00+00:00,bench-03,2515,41.3,0,auto,-41.0,369974,35,65,2026-09-11-s1
2026-09-11 14:21:10+00:00,bench-03,2507,41.1,0,auto,-40.8,379978,35,65,2026-09-11-s1
2026-09-11 14:21:20+00:00,bench-03,2509,40.5,0,auto,-40.7,389979,35,65,2026-09-11-s1
2026-09-11 14:21:30+00:00,bench-03,2530,39.6,0,auto,-40.2,399977,35,65,2026-09-11-s1
2026-09-11 14:21:40+00:00,bench-03,2539,39.7,0,auto,-40.8,409976,35,65,2026-09-11-s1
2026-09-11 14:21:50+00:00,bench-03,2557,39.7,0,auto,-40.5,419975,35,65,2026-09-11-s1
2026-09-11 14:22:00+00:00,bench-03,2544,39.1,0,auto,-39.8,429971,35,65,2026-09-11-s1
2026-09-11 14:22:10+00:00,bench-03,2537,38.9,0,auto,-38.1,439974,35,65,2026-09-11-s1
2026-09-11 14:22:20+00:00,bench-03,2569,39.4,0,auto,-37.5,449969,35,65,2026-09-11-s1
2026-09-11 14:22:30+00:00,bench-03,2566,38.5,0,auto,-37.4,459970,35,65,2026-09-11-s1
2026-09-11 14:22:40+00:00,bench-03,2557,38.2,0,auto,-36.8,469965,35,65,2026-09-11-s1
2026-09-11 14:22:50+00:00,bench-03,2553,38.9,0,auto,-37.5,479966,35,65,2026-09-11-s1
2026-09-11 14:23:00+00:00,bench-03,2573,38.0,0,auto,-36.7,489966,35,65,2026-09-11-s1
2026-09-11 14:23:10+00:00,bench-03,2587,37.5,0,auto,-36.3,499970,35,65,2026-09-11-s1
2026-09-11 14:23:20+00:00,bench-03,2614,36.6,0,auto,-37.8,509971,35,65,2026-09-11-s1
2026-09-11 14:23:30+00:00,bench-03,2612,36.6,0,auto,-38.6,519971,35,65,2026-09-11-s1
2026-09-11 14:23:40+00:00,bench-03,2619,36.2,0,auto,-38.0,529975,35,65,2026-09-11-s1
2026-09-11 14:23:50+00:00,bench-03,2579,37.2,0,auto,-37.2,539975,35,65,2026-09-11-s1
2026-09-11 14:24:00+00:00,bench-03,2596,36.1,0,auto,-39.9,549977,35,65,2026-09-11-s1
2026-09-11 14:24:10+00:00,bench-03,2632,35.1,0,auto,-40.3,559975,35,65,2026-09-11-s1
2026-09-11 14:24:20+00:00,bench-03,2625,35.7,0,auto,-40.3,569970,35,65,2026-09-11-s1
2026-09-11 14:24:30+00:00,bench-03,2653,35.0,0,auto,-40.7,579968,35,65,2026-09-11-s1
2026-09-11 14:24:40+00:00,bench-03,2653,34.8,0,auto,-40.2,589966,35,65,2026-09-11-s1
2026-09-11 14:24:50+00:00,bench-03,2636,34.8,1,auto,-38.3,599963,35,65,2026-09-11-s1
2026-09-11 14:25:00+00:00,bench-03,2633,36.2,1,auto,-39.3,609963,35,65,2026-09-11-s1
2026-09-11 14:25:10+00:00,bench-03,2621,36.1,1,auto,-38.5,619967,35,65,2026-09-11-s1
2026-09-11 14:25:20+00:00,bench-03,2566,37.8,1,auto,-40.4,629962,35,65,2026-09-11-s1
2026-09-11 14:25:30+00:00,bench-03,2598,37.4,1,auto,-41.1,639963,35,65,2026-09-11-s1
2026-09-11 14:25:40+00:00,bench-03,2569,38.2,1,auto,-41.4,649963,35,65,2026-09-11-s1
2026-09-11 14:25:50+00:00,bench-03,2573,38.4,1,auto,-41.3,659965,35,65,2026-09-11-s1
2026-09-11 14:26:00+00:00,bench-03,2548,39.1,1,auto,-41.5,669964,35,65,2026-09-11-s1
2026-09-11 14:26:10+00:00,bench-03,2523,40.3,1,auto,-39.7,679960,35,65,2026-09-11-s1
2026-09-11 14:26:20+00:00,bench-03,2552,39.7,1,auto,-40.8,689961,35,65,2026-09-11-s1
2026-09-11 14:26:30+00:00,bench-03,2524,40.2,1,auto,-41.8,699965,35,65,2026-09-11-s1
2026-09-11 14:26:40+00:00,bench-03,2498,40.9,1,auto,-41.5,709963,35,65,2026-09-11-s1
2026-09-11 14:26:50+00:00,bench-03,2473,41.1,1,auto,-40.8,719962,35,65,2026-09-11-s1
2026-09-11 14:27:00+00:00,bench-03,2505,41.6,1,auto,-38.3,729964,35,65,2026-09-11-s1
2026-09-11 14:27:10+00:00,bench-03,2483,43.0,1,auto,-38.0,739963,35,65,2026-09-11-s1
2026-09-11 14:27:20+00:00,bench-03,2477,42.6,1,auto,-37.5,749961,35,65,2026-09-11-s1
2026-09-11 14:27:30+00:00,bench-03,2442,43.3,1,auto,-36.6,759957,35,65,2026-09-11-s1
2026-09-11 14:27:40+00:00,bench-03,2449,44.0,1,auto,-37.7,769952,35,65,2026-09-11-s1
2026-09-11 14:27:50+00:00,bench-03,2440,44.2,1,auto,-37.0,779951,35,65,2026-09-11-s1
2026-09-11 14:28:00+00:00,bench-03,2411,44.6,1,auto,-37.7,789951,35,65,2026-09-11-s1
2026-09-11 14:28:10+00:00,bench-03,2426,44.6,1,auto,-39.1,799947,35,65,2026-09-11-s1
2026-09-11 14:28:20+00:00,bench-03,2405,45.5,1,auto,-39.5,809948,35,65,2026-09-11-s1
2026-09-11 14:28:30+00:00,bench-03,2399,45.9,1,auto,-39.6,819943,35,65,2026-09-11-s1
2026-09-11 14:28:40+00:00,bench-03,2421,46.2,1,auto,-38.6,829941,35,65,2026-09-11-s1
2026-09-11 14:28:50+00:00,bench-03,2378,47.6,1,auto,-41.1,839942,35,65,2026-09-11-s1
2026-09-11 14:29:00+00:00,bench-03,2370,47.1,1,auto,-43.2,849945,35,65,2026-09-11-s1
2026-09-11 14:29:10+00:00,bench-03,2372,47.6,1,auto,-43.7,859945,35,65,2026-09-11-s1
2026-09-11 14:29:20+00:00,bench-03,2352,48.2,1,auto,-45.8,869948,35,65,2026-09-11-s1
2026-09-11 14:29:30+00:00,bench-03,2358,48.3,1,auto,-46.6,879944,35,65,2026-09-11-s1
2026-09-11 14:29:40+00:00,bench-03,2329,49.3,1,auto,-46.1,889941,35,65,2026-09-11-s1
2026-09-11 14:29:50+00:00,bench-03,2326,48.8,1,auto,-46.2,899945,35,65,2026-09-11-s1
2026-09-11 14:30:00+00:00,bench-03,2332,49.9,1,auto,-44.6,909945,35,65,2026-09-11-s1
2026-09-11 14:30:10+00:00,bench-03,2305,49.9,1,auto,-44.5,919943,35,65,2026-09-11-s1
2026-09-11 14:30:20+00:00,bench-03,2308,50.7,1,auto,-44.1,929939,35,65,2026-09-11-s1
2026-09-11 14:30:30+00:00,bench-03,2283,51.3,1,auto,-45.0,939941,35,65,2026-09-11-s1
2026-09-11 14:30:40+00:00,bench-03,2298,50.8,1,auto,-46.7,949936,35,65,2026-09-11-s1
2026-09-11 14:30:50+00:00,bench-03,2296,52.2,1,auto,-46.0,959937,35,65,2026-09-11-s1
2026-09-11 14:31:00+00:00,bench-03,2242,52.9,1,auto,-45.5,969941,35,65,2026-09-11-s1
2026-09-11 14:31:10+00:00,bench-03,2258,52.8,1,auto,-44.8,979938,35,65,2026-09-11-s1
2026-09-11 14:31:20+00:00,bench-03,2259,52.9,1,auto,-44.5,989937,35,65,2026-09-11-s1
2026-09-11 14:31:30+00:00,bench-03,2235,53.4,1,auto,-43.1,999939,35,65,2026-09-11-s1
2026-09-11 14:31:40+00:00,bench-03,2232,53.3,1,auto,-42.3,1009941,35,65,2026-09-11-s1
2026-09-11 14:31:50+00:00,bench-03,2213,54.4,1,auto,-43.0,1019944,35,65,2026-09-11-s1
2026-09-11 14:32:00+00:00,bench-03,2222,55.1,1,auto,-43.1,1029946,35,65,2026-09-11-s1
2026-09-11 14:32:10+00:00,bench-03,2204,54.9,1,auto,-43.6,1039945,35,65,2026-09-11-s1
2026-09-11 14:32:20+00:00,bench-03,2177,55.4,1,auto,-42.9,1049945,35,65,2026-09-11-s1
2026-09-11 14:32:30+00:00,bench-03,2164,55.9,1,auto,-40.4,1059942,35,65,2026-09-11-s1
2026-09-11 14:32:40+00:00,bench-03,2176,55.8,1,auto,-38.5,1069940,35,65,2026-09-11-s1
2026-09-11 14:32:50+00:00,bench-03,2186,56.0,1,auto,-38.2,1079937,35,65,2026-09-11-s1
2026-09-11 14:33:00+00:00,bench-03,2138,57.1,1,auto,-38.4,1089941,35,65,2026-09-11-s1
2026-09-11 14:33:10+00:00,bench-03,2178,56.5,1,auto,-38.6,1099939,35,65,2026-09-11-s1
2026-09-11 14:33:20+00:00,bench-03,2144,58.2,1,auto,-38.1,1109937,35,65,2026-09-11-s1
2026-09-11 14:33:30+00:00,bench-03,2148,57.6,1,auto,-39.0,1119940,35,65,2026-09-11-s1
2026-09-11 14:33:40+00:00,bench-03,2137,58.3,1,auto,-38.8,1129936,35,65,2026-09-11-s1
2026-09-11 14:33:50+00:00,bench-03,2149,58.0,1,auto,-37.8,1139933,35,65,2026-09-11-s1
2026-09-11 14:34:00+00:00,bench-03,2134,58.7,1,auto,-38.7,1149933,35,65,2026-09-11-s1
2026-09-11 14:34:10+00:00,bench-03,2128,58.4,1,auto,-38.2,1159929,35,65,2026-09-11-s1
2026-09-11 14:34:20+00:00,bench-03,2109,59.9,1,auto,-38.7,1169931,35,65,2026-09-11-s1
2026-09-11 14:34:30+00:00,bench-03,2095,59.8,1,auto,-39.6,1179930,35,65,2026-09-11-s1
2026-09-11 14:34:40+00:00,bench-03,2087,60.3,1,auto,-40.0,1189930,35,65,2026-09-11-s1
2026-09-11 14:34:50+00:00,bench-03,2106,60.5,1,auto,-39.9,1199933,35,65,2026-09-11-s1
2026-09-11 14:35:00+00:00,bench-03,2091,60.9,1,auto,-38.7,1209933,35,65,2026-09-11-s1
2026-09-11 14:35:10+00:00,bench-03,2111,60.2,1,auto,-40.1,1219929,35,65,2026-09-11-s1
2026-09-11 14:35:20+00:00,bench-03,2061,61.3,1,auto,-41.0,1229924,35,65,2026-09-11-s1
2026-09-11 14:35:30+00:00,bench-03,2065,61.4,1,auto,-40.8,1239925,35,65,2026-09-11-s1
2026-09-11 14:35:40+00:00,bench-03,2068,61.0,1,auto,-41.7,1249921,35,65,2026-09-11-s1
2026-09-11 14:35:50+00:00,bench-03,2069,61.0,1,auto,-43.8,1259921,35,65,2026-09-11-s1
2026-09-11 14:36:00+00:00,bench-03,2036,61.9,1,auto,-44.7,1269921,35,65,2026-09-11-s1
2026-09-11 14:36:10+00:00,bench-03,2048,62.6,1,auto,-42.6,1279925,35,65,2026-09-11-s1
2026-09-11 14:36:20+00:00,bench-03,2047,62.6,1,auto,-41.9,1289925,35,65,2026-09-11-s1
2026-09-11 14:36:30+00:00,bench-03,2039,62.7,1,auto,-43.6,1299923,35,65,2026-09-11-s1
2026-09-11 14:36:40+00:00,bench-03,2047,63.7,1,auto,-44.6,1309922,35,65,2026-09-11-s1
2026-09-11 14:36:50+00:00,bench-03,2009,64.0,1,auto,-44.9,1319920,35,65,2026-09-11-s1
2026-09-11 14:37:00+00:00,bench-03,2003,63.6,1,auto,-44.2,1329921,35,65,2026-09-11-s1
2026-09-11 14:37:10+00:00,bench-03,2013,64.2,1,auto,-43.1,1339917,35,65,2026-09-11-s1
2026-09-11 14:37:20+00:00,bench-03,2019,63.6,1,auto,-41.5,1349916,35,65,2026-09-11-s1
2026-09-11 14:37:30+00:00,bench-03,1978,64.8,1,auto,-42.3,1359918,35,65,2026-09-11-s1
2026-09-11 14:37:40+00:00,bench-03,1974,65.4,1,auto,-39.9,1369913,35,65,2026-09-11-s1
2026-09-11 14:37:50+00:00,bench-03,1983,65.3,1,auto,-41.5,1379912,35,65,2026-09-11-s1
2026-09-11 14:38:00+00:00,bench-03,1982,64.5,0,auto,-41.9,1389908,35,65,2026-09-11-s1
2026-09-11 14:38:10+00:00,bench-03,2001,64.3,0,auto,-40.9,1399906,35,65,2026-09-11-s1
2026-09-11 14:38:20+00:00,bench-03,2021,63.6,0,auto,-41.6,1409905,35,65,2026-09-11-s1
2026-09-11 14:38:30+00:00,bench-03,2045,62.4,0,auto,-44.1,1419909,35,65,2026-09-11-s1
2026-09-11 14:38:40+00:00,bench-03,2072,62.3,0,auto,-43.1,1429909,35,65,2026-09-11-s1
2026-09-11 14:38:50+00:00,bench-03,2031,61.6,0,auto,-43.4,1439910,35,65,2026-09-11-s1
2026-09-11 14:39:00+00:00,bench-03,2106,61.1,0,auto,-45.0,1449909,35,65,2026-09-11-s1
2026-09-11 14:39:10+00:00,bench-03,2061,61.5,0,auto,-45.5,1459907,35,65,2026-09-11-s1
2026-09-11 14:39:20+00:00,bench-03,2085,60.1,0,auto,-45.3,1469902,35,65,2026-09-11-s1
2026-09-11 14:39:30+00:00,bench-03,2110,59.5,0,auto,-47.1,1479906,35,65,2026-09-11-s1
2026-09-11 14:39:40+00:00,bench-03,2122,59.4,0,auto,-47.0,1489905,35,65,2026-09-11-s1
2026-09-11 14:39:50+00:00,bench-03,2091,59.3,0,auto,-45.8,1499901,35,65,2026-09-11-s1
2026-09-11 14:40:00+00:00,bench-03,2105,58.9,0,auto,-45.5,1509903,35,65,2026-09-11-s1
2026-09-11 14:40:10+00:00,bench-03,2144,58.0,0,auto,-44.7,1519898,35,65,2026-09-11-s1
2026-09-11 14:40:20+00:00,bench-03,2127,58.1,0,auto,-45.2,1529893,35,65,2026-09-11-s1
2026-09-11 14:40:30+00:00,bench-03,2148,57.2,0,auto,-47.0,1539891,35,65,2026-09-11-s1
2026-09-11 14:40:40+00:00,bench-03,2165,56.9,0,auto,-46.3,1549894,35,65,2026-09-11-s1
2026-09-11 14:40:50+00:00,bench-03,2159,56.0,0,auto,-47.2,1559894,35,65,2026-09-11-s1
2026-09-11 14:41:00+00:00,bench-03,2175,55.3,0,auto,-47.3,1569890,35,65,2026-09-11-s1
2026-09-11 14:41:10+00:00,bench-03,2208,55.5,0,auto,-48.7,1579890,35,65,2026-09-11-s1
2026-09-11 14:41:20+00:00,bench-03,2199,55.5,0,auto,-47.5,1589892,35,65,2026-09-11-s1
2026-09-11 14:41:30+00:00,bench-03,2246,54.3,0,auto,-47.5,1599887,35,65,2026-09-11-s1
2026-09-11 14:41:40+00:00,bench-03,2231,53.7,0,auto,-48.2,1609890,35,65,2026-09-11-s1
2026-09-11 14:41:50+00:00,bench-03,2252,53.4,0,auto,-49.0,1619894,35,65,2026-09-11-s1
2026-09-11 14:42:00+00:00,bench-03,2230,53.7,0,auto,-51.2,1629889,35,65,2026-09-11-s1
2026-09-11 14:42:10+00:00,bench-03,2269,52.1,0,auto,-52.0,1639886,35,65,2026-09-11-s1
2026-09-11 14:42:20+00:00,bench-03,2280,52.3,0,auto,-52.8,1649882,35,65,2026-09-11-s1
2026-09-11 14:42:30+00:00,bench-03,2282,51.7,0,auto,-50.9,1659882,35,65,2026-09-11-s1
2026-09-11 14:42:40+00:00,bench-03,2292,51.1,0,auto,-52.2,1669877,35,65,2026-09-11-s1
2026-09-11 14:42:50+00:00,bench-03,2259,51.2,0,auto,-51.5,1679875,35,65,2026-09-11-s1
2026-09-11 14:43:00+00:00,bench-03,2309,50.6,0,auto,-53.3,1689876,35,65,2026-09-11-s1
2026-09-11 14:43:10+00:00,bench-03,2310,50.0,0,auto,-50.3,1699877,35,65,2026-09-11-s1
2026-09-11 14:43:20+00:00,bench-03,2327,49.7,0,auto,-50.3,1709881,35,65,2026-09-11-s1
2026-09-11 14:43:30+00:00,bench-03,2352,48.7,0,auto,-50.5,1719880,35,65,2026-09-11-s1
2026-09-11 14:43:40+00:00,bench-03,2338,48.4,0,auto,-51.4,1729880,35,65,2026-09-11-s1
2026-09-11 14:43:50+00:00,bench-03,2350,47.9,0,auto,-52.1,1739882,35,65,2026-09-11-s1
2026-09-11 14:44:00+00:00,bench-03,0,120.0,0,auto,-52.4,1749878,35,65,2026-09-11-s1
2026-09-11 14:44:10+00:00,bench-03,2377,47.6,0,auto,-52.4,1759876,35,65,2026-09-11-s1
2026-09-11 14:44:20+00:00,bench-03,2370,47.4,0,auto,-51.7,1769876,35,65,2026-09-11-s1
2026-09-11 14:44:30+00:00,bench-03,2349,47.0,0,auto,-52.0,1779878,35,65,2026-09-11-s1
2026-09-11 14:44:40+00:00,bench-03,2412,46.1,0,auto,-51.6,1789878,35,65,2026-09-11-s1
2026-09-11 14:44:50+00:00,bench-03,2389,45.9,0,auto,-52.8,1799881,35,65,2026-09-11-s1
2026-09-11 14:45:00+00:00,bench-03,2384,46.1,0,auto,-54.0,1809878,35,65,2026-09-11-s1
2026-09-11 14:45:10+00:00,bench-03,2393,46.4,0,auto,-54.9,1819876,35,65,2026-09-11-s1
2026-09-11 14:45:20+00:00,bench-03,2434,45.2,0,auto,-54.2,1829873,35,65,2026-09-11-s1
2026-09-11 14:45:30+00:00,bench-03,2439,44.8,0,auto,-53.4,1839871,35,65,2026-09-11-s1
2026-09-11 14:45:40+00:00,bench-03,2445,43.6,0,auto,-53.5,1849869,35,65,2026-09-11-s1
2026-09-11 14:45:50+00:00,bench-03,2451,44.3,0,auto,-54.3,1859866,35,65,2026-09-11-s1
2026-09-11 14:46:00+00:00,bench-03,2455,43.1,0,auto,-55.7,1869861,35,65,2026-09-11-s1
2026-09-11 14:46:10+00:00,bench-03,2466,42.8,0,auto,-54.4,1879865,35,65,2026-09-11-s1
2026-09-11 14:46:20+00:00,bench-03,2485,42.4,0,auto,-55.6,1889867,35,65,2026-09-11-s1
2026-09-11 14:46:30+00:00,bench-03,2486,41.8,0,auto,-56.0,1899868,35,65,2026-09-11-s1
2026-09-11 14:46:40+00:00,bench-03,2481,42.1,0,auto,-57.4,1909870,35,65,2026-09-11-s1
2026-09-11 14:46:50+00:00,bench-03,2490,41.4,0,auto,-59.3,1919865,35,65,2026-09-11-s1
2026-09-11 14:47:00+00:00,bench-03,2489,41.4,0,auto,-58.9,1929866,35,65,2026-09-11-s1
2026-09-11 14:47:10+00:00,bench-03,2529,41.0,0,auto,-59.0,1939862,35,65,2026-09-11-s1
2026-09-11 14:47:20+00:00,bench-03,2516,40.1,0,auto,-58.5,1949865,35,65,2026-09-11-s1
2026-09-11 14:47:30+00:00,bench-03,2538,40.3,0,auto,-58.4,1959868,35,65,2026-09-11-s1
2026-09-11 14:47:40+00:00,bench-03,2538,40.3,0,auto,-58.7,1969865,35,65,2026-09-11-s1
2026-09-11 14:47:50+00:00,bench-03,2556,39.3,0,auto,-58.4,1979860,35,65,2026-09-11-s1
2026-09-11 14:48:00+00:00,bench-03,2538,40.2,0,auto,-55.9,1989864,35,65,2026-09-11-s1
2026-09-11 14:48:10+00:00,bench-03,2549,39.0,0,auto,-56.8,1999860,35,65,2026-09-11-s1
2026-09-11 14:48:20+00:00,bench-03,2546,39.1,0,auto,-57.3,2009862,35,65,2026-09-11-s1
2026-09-11 14:48:30+00:00,bench-03,2570,38.3,0,auto,-55.8,2019863,35,65,2026-09-11-s1
2026-09-11 14:48:40+00:00,bench-03,2570,38.1,0,auto,-56.2,2029859,35,65,2026-09-11-s1
2026-09-11 14:48:50+00:00,bench-03,2554,38.6,0,auto,-58.0,2039854,35,65,2026-09-11-s1
2026-09-11 14:49:00+00:00,bench-03,2578,37.6,0,auto,-57.9,2049849,35,65,2026-09-11-s1
2026-09-11 14:49:10+00:00,bench-03,2568,38.1,0,auto,-56.5,2059847,35,65,2026-09-11-s1
2026-09-11 14:49:20+00:00,bench-03,2584,37.6,0,auto,-55.4,2069843,35,65,2026-09-11-s1
2026-09-11 14:49:30+00:00,bench-03,2573,37.5,0,auto,-54.5,2079841,35,65,2026-09-11-s1
2026-09-11 14:49:40+00:00,bench-03,2597,37.3,0,auto,-54.2,2089845,35,65,2026-09-11-s1
2026-09-11 14:49:50+00:00,bench-03,2612,36.4,0,auto,-54.6,2099841,35,65,2026-09-11-s1
2026-09-11 14:50:00+00:00,bench-03,2604,36.3,0,auto,-54.9,2109839,35,65,2026-09-11-s1
2026-09-11 14:50:10+00:00,bench-03,2619,35.6,0,auto,-54.0,2119842,35,65,2026-09-11-s1
2026-09-11 14:50:20+00:00,bench-03,2624,35.7,0,auto,-52.4,2129844,35,65,2026-09-11-s1
2026-09-11 14:50:30+00:00,bench-03,2639,35.2,0,auto,-52.1,2139846,35,65,2026-09-11-s1
2026-09-11 14:50:40+00:00,bench-03,2645,35.3,0,auto,-54.2,2149847,35,65,2026-09-11-s1
2026-09-11 14:50:50+00:00,bench-03,2639,34.7,0,auto,-53.6,2159848,35,65,2026-09-11-s1
2026-09-11 14:51:00+00:00,bench-03,2649,35.2,1,auto,-54.3,2169844,35,65,2026-09-11-s1
2026-09-11 14:51:10+00:00,bench-03,2618,36.4,1,auto,-55.7,2179841,35,65,2026-09-11-s1
2026-09-11 14:51:20+00:00,bench-03,2623,36.2,1,auto,-56.9,2189841,35,65,2026-09-11-s1
2026-09-11 14:51:30+00:00,bench-03,2608,36.8,1,auto,-56.3,2199840,35,65,2026-09-11-s1
2026-09-11 14:51:40+00:00,bench-03,2585,37.7,1,auto,-54.6,2209841,35,65,2026-09-11-s1
2026-09-11 14:51:50+00:00,bench-03,2587,37.5,1,auto,-48.6,2219836,35,65,2026-09-11-s1
2026-09-11 14:52:00+00:00,bench-03,2571,38.7,1,auto,-49.4,2229837,35,65,2026-09-11-s1
2026-09-11 14:52:10+00:00,bench-03,2540,38.6,1,auto,-49.4,2239833,35,65,2026-09-11-s1
2026-09-11 14:52:20+00:00,bench-03,2552,39.1,1,auto,-48.1,2249836,35,65,2026-09-11-s1
2026-09-11 14:52:30+00:00,bench-03,2516,39.6,1,auto,-48.2,2259832,35,65,2026-09-11-s1
2026-09-11 14:52:40+00:00,bench-03,2488,41.2,1,auto,-48.9,2269829,35,65,2026-09-11-s1
2026-09-11 14:52:50+00:00,bench-03,2483,41.4,1,auto,-49.0,2279825,35,65,2026-09-11-s1
2026-09-11 14:53:00+00:00,bench-03,2520,41.0,1,auto,-48.4,2289822,35,65,2026-09-11-s1
2026-09-11 14:53:10+00:00,bench-03,2472,42.8,1,auto,-48.4,2299819,35,65,2026-09-11-s1
2026-09-11 14:53:20+00:00,bench-03,2468,42.4,1,auto,-48.5,2309818,35,65,2026-09-11-s1
2026-09-11 14:53:30+00:00,bench-03,2466,43.6,1,auto,-50.0,2319817,35,65,2026-09-11-s1
2026-09-11 14:53:40+00:00,bench-03,2445,44.1,1,auto,-50.3,2329821,35,65,2026-09-11-s1
2026-09-11 14:53:50+00:00,bench-03,2461,43.9,1,auto,-50.2,2339825,35,65,2026-09-11-s1
2026-09-11 14:54:00+00:00,bench-03,2433,44.6,1,auto,-52.8,2349820,35,65,2026-09-11-s1
2026-09-11 14:54:10+00:00,bench-03,2391,44.9,1,auto,-52.6,2359824,35,65,2026-09-11-s1
2026-09-11 14:54:20+00:00,bench-03,2415,45.4,1,auto,-51.8,2369822,35,65,2026-09-11-s1
2026-09-11 14:54:30+00:00,bench-03,2373,46.4,1,auto,-49.9,2379819,35,65,2026-09-11-s1
2026-09-11 14:54:40+00:00,bench-03,2381,46.5,1,auto,-50.2,2389814,35,65,2026-09-11-s1
2026-09-11 14:54:50+00:00,bench-03,2371,47.2,1,auto,-50.8,2399809,35,65,2026-09-11-s1
2026-09-11 14:55:00+00:00,bench-03,2362,48.0,1,auto,-50.7,2409811,35,65,2026-09-11-s1
2026-09-11 14:55:10+00:00,bench-03,2335,48.5,1,auto,-50.7,2419809,35,65,2026-09-11-s1
2026-09-11 14:55:20+00:00,bench-03,2356,48.4,1,auto,-50.2,2429806,35,65,2026-09-11-s1
2026-09-11 14:55:30+00:00,bench-03,2364,48.7,1,auto,-53.3,2439809,35,65,2026-09-11-s1
2026-09-11 14:55:40+00:00,bench-03,2332,49.7,1,auto,-49.9,2449805,35,65,2026-09-11-s1
2026-09-11 14:55:50+00:00,bench-03,2314,49.5,1,auto,-50.1,2459800,35,65,2026-09-11-s1
2026-09-11 14:56:00+00:00,bench-03,2292,50.8,1,auto,-49.4,2469801,35,65,2026-09-11-s1
2026-09-11 14:56:10+00:00,bench-03,2307,51.0,1,auto,-48.4,2479798,35,65,2026-09-11-s1
2026-09-11 14:56:20+00:00,bench-03,2296,50.6,1,auto,-47.1,2489801,35,65,2026-09-11-s1
2026-09-11 14:56:30+00:00,bench-03,2308,50.8,1,auto,-47.0,2499797,35,65,2026-09-11-s1
2026-09-11 14:56:40+00:00,bench-03,2301,51.2,1,auto,-46.8,2509793,35,65,2026-09-11-s1
2026-09-11 14:56:50+00:00,bench-03,2270,52.0,1,auto,-47.6,2519790,35,65,2026-09-11-s1
2026-09-11 14:57:00+00:00,bench-03,2269,52.1,1,auto,-45.4,2529786,35,65,2026-09-11-s1
2026-09-11 14:57:10+00:00,bench-03,2254,52.6,1,auto,-46.3,2539784,35,65,2026-09-11-s1
2026-09-11 14:57:20+00:00,bench-03,2249,53.6,1,auto,-47.1,2549786,35,65,2026-09-11-s1
2026-09-11 14:57:30+00:00,bench-03,2226,53.5,1,auto,-47.9,2559783,35,65,2026-09-11-s1
2026-09-11 14:57:40+00:00,bench-03,2264,53.1,1,auto,-47.5,2569782,35,65,2026-09-11-s1
2026-09-11 14:57:50+00:00,bench-03,2234,54.1,1,auto,-46.5,2579778,35,65,2026-09-11-s1
2026-09-11 14:58:00+00:00,bench-03,2202,55.0,1,auto,-47.0,2589778,35,65,2026-09-11-s1
2026-09-11 14:58:10+00:00,bench-03,2200,55.4,1,auto,-47.7,2599773,35,65,2026-09-11-s1
2026-09-11 14:58:20+00:00,bench-03,2203,55.0,1,auto,-48.5,2609774,35,65,2026-09-11-s1
2026-09-11 14:58:30+00:00,bench-03,2176,55.7,1,auto,-48.6,2619773,35,65,2026-09-11-s1
2026-09-11 14:58:40+00:00,bench-03,2186,56.7,1,auto,-48.6,2629774,35,65,2026-09-11-s1
2026-09-11 14:58:50+00:00,bench-03,2175,56.4,1,auto,-47.9,2639778,35,65,2026-09-11-s1
2026-09-11 14:59:00+00:00,bench-03,2148,57.1,1,auto,-48.6,2649779,35,65,2026-09-11-s1
2026-09-11 14:59:10+00:00,bench-03,2155,56.7,1,auto,-48.8,2659779,35,65,2026-09-11-s1
2026-09-11 14:59:20+00:00,bench-03,2146,57.2,1,auto,-46.3,2669781,35,65,2026-09-11-s1
2026-09-11 14:59:30+00:00,bench-03,2160,57.2,1,auto,-44.2,2679781,35,65,2026-09-11-s1
2026-09-11 14:59:40+00:00,bench-03,2121,59.0,1,auto,-46.2,2689781,35,65,2026-09-11-s1
2026-09-11 14:59:50+00:00,bench-03,2118,59.3,1,auto,-45.3,2699782,35,65,2026-09-11-s1
2026-09-11 15:00:00+00:00,bench-03,2120,58.7,1,auto,-43.2,2709784,35,65,2026-09-11-s1
2026-09-11 15:00:10+00:00,bench-03,2131,59.2,1,auto,-41.6,2719780,35,65,2026-09-11-s1
2026-09-11 15:00:20+00:00,bench-03,2100,60.2,1,auto,-40.7,2729778,35,65,2026-09-11-s1
2026-09-11 15:00:30+00:00,bench-03,2086,59.7,1,auto,-40.3,2739773,35,65,2026-09-11-s1
2026-09-11 15:00:40+00:00,bench-03,2105,60.3,1,auto,-40.1,2749772,35,65,2026-09-11-s1
2026-09-11 15:00:50+00:00,bench-03,2091,60.9,1,auto,-39.8,2759775,35,65,2026-09-11-s1
2026-09-11 15:01:00+00:00,bench-03,2066,60.6,1,auto,-38.8,2769777,35,65,2026-09-11-s1
2026-09-11 15:01:10+00:00,bench-03,2059,61.4,1,auto,-42.0,2779773,35,65,2026-09-11-s1
2026-09-11 15:01:20+00:00,bench-03,2093,61.2,1,auto,-42.6,2789774,35,65,2026-09-11-s1
2026-09-11 15:01:30+00:00,bench-03,2036,62.5,1,auto,-42.8,2799774,35,65,2026-09-11-s1
2026-09-11 15:01:40+00:00,bench-03,2055,62.0,1,auto,-42.3,2809777,35,65,2026-09-11-s1
2026-09-11 15:01:50+00:00,bench-03,2038,62.5,1,auto,-44.8,2819773,35,65,2026-09-11-s1
2026-09-11 15:02:00+00:00,bench-03,2012,63.1,1,auto,-45.8,2829770,35,65,2026-09-11-s1
2026-09-11 15:02:10+00:00,bench-03,2028,62.7,1,auto,-46.1,2839773,35,65,2026-09-11-s1
2026-09-11 15:02:20+00:00,bench-03,2058,62.5,1,auto,-47.6,2849768,35,65,2026-09-11-s1
2026-09-11 15:02:30+00:00,bench-03,2037,63.3,1,auto,-48.3,2859767,35,65,2026-09-11-s1
2026-09-11 15:02:40+00:00,bench-03,2011,63.8,1,auto,-47.0,2869767,35,65,2026-09-11-s1
2026-09-11 15:02:50+00:00,bench-03,1999,64.4,1,auto,-50.7,2879763,35,65,2026-09-11-s1
2026-09-11 15:03:00+00:00,bench-03,2001,64.0,1,auto,-49.6,2889761,35,65,2026-09-11-s1
2026-09-11 15:03:10+00:00,bench-03,1975,65.2,1,auto,-50.0,2899759,35,65,2026-09-11-s1
2026-09-11 15:03:20+00:00,bench-03,1993,65.3,1,auto,-50.8,2909754,35,65,2026-09-11-s1
2026-09-11 15:03:30+00:00,bench-03,1986,64.7,0,auto,-51.2,2919752,35,65,2026-09-11-s1
2026-09-11 15:03:40+00:00,bench-03,1988,64.5,0,auto,-51.1,2929747,35,65,2026-09-11-s1
2026-09-11 15:03:50+00:00,bench-03,2023,64.0,0,auto,-50.7,2939747,35,65,2026-09-11-s1
2026-09-11 15:04:00+00:00,bench-03,2044,63.0,0,auto,-53.0,2949746,35,65,2026-09-11-s1
2026-09-11 15:04:10+00:00,bench-03,2047,62.3,0,auto,-53.1,2959744,35,65,2026-09-11-s1
2026-09-11 15:04:20+00:00,bench-03,2037,62.1,0,auto,-52.6,2969741,35,65,2026-09-11-s1
2026-09-11 15:04:30+00:00,bench-03,2021,61.7,0,auto,-54.3,2979741,35,65,2026-09-11-s1
2026-09-11 15:04:40+00:00,bench-03,2069,61.4,0,auto,-55.5,2989743,35,65,2026-09-11-s1
2026-09-11 15:04:50+00:00,bench-03,2079,60.4,0,auto,-54.5,2999743,35,65,2026-09-11-s1
2026-09-11 15:05:00+00:00,bench-03,2091,60.5,0,auto,-56.3,3009745,35,65,2026-09-11-s1
2026-09-11 15:05:10+00:00,bench-03,2105,59.8,0,auto,-57.9,3019747,35,65,2026-09-11-s1
2026-09-11 15:05:20+00:00,bench-03,2127,58.7,0,auto,-57.2,3029748,35,65,2026-09-11-s1
2026-09-11 15:05:30+00:00,bench-03,2144,58.5,0,auto,-59.4,3039745,35,65,2026-09-11-s1
2026-09-11 15:05:40+00:00,bench-03,2124,58.4,0,auto,-57.5,3049743,35,65,2026-09-11-s1
2026-09-11 15:05:50+00:00,bench-03,2159,57.6,0,auto,-56.4,3059746,35,65,2026-09-11-s1
2026-09-11 15:06:00+00:00,bench-03,2167,56.7,0,auto,-57.4,3069742,35,65,2026-09-11-s1
2026-09-11 15:06:10+00:00,bench-03,2198,56.3,0,auto,-58.5,3079742,35,65,2026-09-11-s1
2026-09-11 15:06:20+00:00,bench-03,2181,56.5,0,auto,-56.7,3089741,35,65,2026-09-11-s1
2026-09-11 15:06:30+00:00,bench-03,2198,55.9,0,auto,-54.7,3099743,35,65,2026-09-11-s1
2026-09-11 15:06:40+00:00,bench-03,2164,55.8,0,auto,-55.7,3109738,35,65,2026-09-11-s1
2026-09-11 15:06:50+00:00,bench-03,2194,55.2,0,auto,-54.6,3119733,35,65,2026-09-11-s1
2026-09-11 15:07:00+00:00,bench-03,2232,54.0,0,auto,-54.4,3129733,35,65,2026-09-11-s1
2026-09-11 15:07:10+00:00,bench-03,2229,54.2,0,auto,-54.6,3139737,35,65,2026-09-11-s1
2026-09-11 15:07:20+00:00,bench-03,2230,54.3,0,auto,-54.5,3149737,35,65,2026-09-11-s1
2026-09-11 15:07:30+00:00,bench-03,2229,53.4,0,auto,-54.1,3159740,35,65,2026-09-11-s1
2026-09-11 15:07:40+00:00,bench-03,2259,52.8,0,auto,-53.0,3169738,35,65,2026-09-11-s1
2026-09-11 15:07:50+00:00,bench-03,2252,52.7,0,auto,-51.0,3179741,35,65,2026-09-11-s1
2026-09-11 15:08:00+00:00,bench-03,2278,51.9,0,auto,-50.2,3189737,35,65,2026-09-11-s1
2026-09-11 15:08:10+00:00,bench-03,2295,51.0,0,auto,-49.6,3199734,35,65,2026-09-11-s1
2026-09-11 15:08:20+00:00,bench-03,2288,51.5,0,auto,-48.7,3209735,35,65,2026-09-11-s1
2026-09-11 15:08:30+00:00,bench-03,2280,51.1,0,auto,-48.1,3219739,35,65,2026-09-11-s1
2026-09-11 15:08:40+00:00,bench-03,2323,50.2,0,auto,-48.4,3229734,35,65,2026-09-11-s1
2026-09-11 15:08:50+00:00,bench-03,2288,50.6,0,auto,-49.4,3239733,35,65,2026-09-11-s1
2026-09-11 15:09:00+00:00,bench-03,2322,50.1,0,auto,-50.5,3249730,35,65,2026-09-11-s1
2026-09-11 15:09:10+00:00,bench-03,2304,49.4,0,auto,-50.9,3259727,35,65,2026-09-11-s1
2026-09-11 15:09:20+00:00,bench-03,2303,49.6,0,auto,-50.3,3269725,35,65,2026-09-11-s1
2026-09-11 15:09:30+00:00,bench-03,2344,48.5,0,auto,-47.8,3279724,35,65,2026-09-11-s1
2026-09-11 15:09:40+00:00,bench-03,2362,48.1,0,auto,-48.8,3289722,35,65,2026-09-11-s1
2026-09-11 15:09:50+00:00,bench-03,2354,48.0,0,auto,-47.6,3299719,35,65,2026-09-11-s1
2026-09-11 15:10:00+00:00,bench-03,2356,47.3,0,auto,-45.9,3309721,35,65,2026-09-11-s1
2026-09-11 15:10:10+00:00,bench-03,2397,47.0,0,auto,-46.5,3319722,35,65,2026-09-11-s1
2026-09-11 15:10:20+00:00,bench-03,2381,46.8,0,auto,-46.0,3329724,35,65,2026-09-11-s1
2026-09-11 15:10:30+00:00,bench-03,2407,45.9,0,auto,-47.7,3339726,35,65,2026-09-11-s1
2026-09-11 15:10:40+00:00,bench-03,2404,45.7,0,auto,-47.5,3349721,35,65,2026-09-11-s1
2026-09-11 15:10:50+00:00,bench-03,2404,45.5,0,auto,-45.8,3359722,35,65,2026-09-11-s1
2026-09-11 15:11:00+00:00,bench-03,2416,45.5,0,auto,-44.4,3369717,35,65,2026-09-11-s1
2026-09-11 15:11:10+00:00,bench-03,2433,45.3,0,auto,-45.5,3379715,35,65,2026-09-11-s1
2026-09-11 15:11:20+00:00,bench-03,2442,44.3,0,auto,-46.7,3389718,35,65,2026-09-11-s1
2026-09-11 15:11:30+00:00,bench-03,2432,44.5,0,auto,-45.2,3399713,35,65,2026-09-11-s1
2026-09-11 15:11:40+00:00,bench-03,2441,44.2,0,auto,-44.5,3409715,35,65,2026-09-11-s1
2026-09-11 15:11:50+00:00,bench-03,2460,43.5,0,auto,-45.0,3419711,35,65,2026-09-11-s1
2026-09-11 15:12:00+00:00,bench-03,2485,42.5,0,auto,-46.0,3429715,35,65,2026-09-11-s1
2026-09-11 15:12:10+00:00,bench-03,2438,43.5,0,auto,-45.2,3439717,35,65,2026-09-11-s1
2026-09-11 15:12:20+00:00,bench-03,2473,42.6,0,auto,-46.1,3449718,35,65,2026-09-11-s1
2026-09-11 15:12:30+00:00,bench-03,2480,43.1,0,auto,-45.8,3459719,35,65,2026-09-11-s1
2026-09-11 15:12:40+00:00,bench-03,2484,42.6,0,auto,-45.5,3469717,35,65,2026-09-11-s1
2026-09-11 15:12:50+00:00,bench-03,2495,42.3,0,auto,-42.8,3479713,35,65,2026-09-11-s1
2026-09-11 15:13:00+00:00,bench-03,2480,42.1,0,auto,-43.4,3489714,35,65,2026-09-11-s1
2026-09-11 15:13:10+00:00,bench-03,2498,41.5,0,auto,-42.1,3499710,35,65,2026-09-11-s1
2026-09-11 15:13:20+00:00,bench-03,2524,40.7,0,auto,-41.4,3509714,35,65,2026-09-11-s1
2026-09-11 15:13:30+00:00,bench-03,2503,40.8,0,auto,-40.3,3519716,35,65,2026-09-11-s1
2026-09-11 15:13:40+00:00,bench-03,2537,40.5,0,auto,-40.2,3529716,35,65,2026-09-11-s1
2026-09-11 15:13:50+00:00,bench-03,2549,39.8,0,auto,-40.5,3539716,35,65,2026-09-11-s1
2026-09-11 15:14:00+00:00,bench-03,2541,39.3,0,auto,-41.1,3549718,35,65,2026-09-11-s1
2026-09-11 15:14:10+00:00,bench-03,2557,39.1,0,auto,-41.7,3559714,35,65,2026-09-11-s1
2026-09-11 15:14:20+00:00,bench-03,2551,39.5,0,auto,-39.4,3569709,35,65,2026-09-11-s1
2026-09-11 15:14:30+00:00,bench-03,2556,39.0,0,auto,-38.4,3579706,35,65,2026-09-11-s1
2026-09-11 15:14:40+00:00,bench-03,2568,38.9,0,auto,-38.9,3589707,35,65,2026-09-11-s1
2026-09-11 15:14:50+00:00,bench-03,2554,38.8,0,auto,-36.4,3599711,35,65,2026-09-11-s1
2026-09-11 15:15:00+00:00,bench-03,2600,38.1,0,auto,-36.5,3609710,35,65,2026-09-11-s1
2026-09-11 15:15:10+00:00,bench-03,2568,37.9,0,auto,-36.0,3619712,35,65,2026-09-11-s1
2026-09-11 15:15:20+00:00,bench-03,2575,37.9,0,auto,-36.5,3629710,35,65,2026-09-11-s1
2026-09-11 15:15:30+00:00,bench-03,2584,36.9,0,auto,-38.1,3639710,35,65,2026-09-11-s1
2026-09-11 15:15:40+00:00,bench-03,2584,37.2,0,auto,-36.5,3649709,35,65,2026-09-11-s1
2026-09-11 15:15:50+00:00,bench-03,2603,37.2,0,auto,-36.2,3659713,35,65,2026-09-11-s1
2026-09-11 15:16:00+00:00,bench-03,2584,36.8,0,auto,-36.1,3669714,35,65,2026-09-11-s1
2026-09-11 15:16:10+00:00,bench-03,2632,35.2,0,auto,-38.9,3679718,35,65,2026-09-11-s1
2026-09-11 15:16:20+00:00,bench-03,2606,36.4,0,auto,-37.9,3689713,35,65,2026-09-11-s1
2026-09-11 15:16:30+00:00,bench-03,2611,36.2,0,auto,-39.1,3699716,35,65,2026-09-11-s1
2026-09-11 15:16:40+00:00,bench-03,2604,36.3,0,auto,-39.2,3709712,35,65,2026-09-11-s1
2026-09-11 15:16:50+00:00,bench-03,2628,35.0,0,auto,-36.7,3719708,35,65,2026-09-11-s1
2026-09-11 15:17:00+00:00,bench-03,2628,35.2,0,auto,-35.0,3729706,35,65,2026-09-11-s1
2026-09-11 15:17:10+00:00,bench-03,2634,35.2,0,auto,-36.1,3739701,35,65,2026-09-11-s1
2026-09-11 15:17:20+00:00,bench-03,2631,35.9,1,auto,-37.0,3749701,35,65,2026-09-11-s1
2026-09-11 15:17:30+00:00,bench-03,2634,36.2,1,auto,-36.0,3759704,35,65,2026-09-11-s1
2026-09-11 15:17:40+00:00,bench-03,2601,36.3,1,auto,-38.0,3769700,35,65,2026-09-11-s1
2026-09-11 15:17:50+00:00,bench-03,2579,37.7,1,auto,-37.0,3779699,35,65,2026-09-11-s1
2026-09-11 15:18:00+00:00,bench-03,2615,37.5,1,auto,-38.4,3789696,35,65,2026-09-11-s1
2026-09-11 15:18:10+00:00,bench-03,2550,38.6,1,auto,-38.3,3799700,35,65,2026-09-11-s1
2026-09-11 15:18:20+00:00,bench-03,2560,38.3,1,auto,-38.6,3809703,35,65,2026-09-11-s1
2026-09-11 15:18:30+00:00,bench-03,2562,39.6,1,auto,-42.4,3819707,35,65,2026-09-11-s1
2026-09-11 15:18:40+00:00,bench-03,2533,39.7,1,auto,-42.5,3829704,35,65,2026-09-11-s1
2026-09-11 15:18:50+00:00,bench-03,2542,39.5,1,auto,-43.0,3839703,35,65,2026-09-11-s1
2026-09-11 15:19:00+00:00,bench-03,2527,41.1,1,auto,-44.9,3849702,35,65,2026-09-11-s1
2026-09-11 15:19:10+00:00,bench-03,2492,41.2,1,auto,-45.6,3859697,35,65,2026-09-11-s1
2026-09-11 15:19:20+00:00,bench-03,2472,42.8,1,auto,-43.8,3869700,35,65,2026-09-11-s1
2026-09-11 15:19:30+00:00,bench-03,2485,41.3,1,auto,-44.5,3879700,35,65,2026-09-11-s1
2026-09-11 15:19:40+00:00,bench-03,2470,43.0,1,auto,-44.1,3889696,35,65,2026-09-11-s1
2026-09-11 15:19:50+00:00,bench-03,2464,43.4,1,auto,-44.1,3899700,35,65,2026-09-11-s1
2026-09-11 15:20:00+00:00,bench-03,2437,43.7,1,auto,-43.7,3909702,35,65,2026-09-11-s1
2026-09-11 15:20:10+00:00,bench-03,2438,44.4,1,auto,-43.1,3919699,35,65,2026-09-11-s1
2026-09-11 15:20:20+00:00,bench-03,2415,44.4,1,auto,-45.2,3929697,35,65,2026-09-11-s1
2026-09-11 15:20:30+00:00,bench-03,2421,45.3,1,auto,-45.9,3939700,35,65,2026-09-11-s1
2026-09-11 15:20:40+00:00,bench-03,2417,45.6,1,auto,-44.6,3949701,35,65,2026-09-11-s1
2026-09-11 15:20:50+00:00,bench-03,2397,46.2,1,auto,-43.8,3959698,35,65,2026-09-11-s1
2026-09-11 15:21:00+00:00,bench-03,2381,46.7,1,auto,-45.5,3969700,35,65,2026-09-11-s1
2026-09-11 15:21:10+00:00,bench-03,2381,47.0,1,auto,-46.0,3979703,35,65,2026-09-11-s1
2026-09-11 15:21:20+00:00,bench-03,2349,48.2,1,auto,-46.0,3989703,35,65,2026-09-11-s1
2026-09-11 15:21:30+00:00,bench-03,2378,48.1,1,auto,-45.2,3999699,35,65,2026-09-11-s1
2026-09-11 15:21:40+00:00,bench-03,2316,49.1,1,auto,-44.8,4009702,35,65,2026-09-11-s1
2026-09-11 15:21:50+00:00,bench-03,2337,48.6,1,auto,-46.1,4019701,35,65,2026-09-11-s1
2026-09-11 15:22:00+00:00,bench-03,2325,49.1,1,auto,-43.2,4029699,35,65,2026-09-11-s1
2026-09-11 15:22:10+00:00,bench-03,2312,50.0,1,auto,-42.4,4039699,35,65,2026-09-11-s1
2026-09-11 15:22:20+00:00,bench-03,2304,50.0,1,auto,-42.5,4049694,35,65,2026-09-11-s1
2026-09-11 15:22:30+00:00,bench-03,2296,50.7,1,auto,-43.4,4059692,35,65,2026-09-11-s1
2026-09-11 15:22:40+00:00,bench-03,2281,51.1,1,auto,-45.8,4069690,35,65,2026-09-11-s1
2026-09-11 15:22:50+00:00,bench-03,2271,51.8,1,auto,-43.3,4079686,35,65,2026-09-11-s1
2026-09-11 15:23:00+00:00,bench-03,0,120.0,1,auto,-44.5,4089687,35,65,2026-09-11-s1
2026-09-11 15:23:10+00:00,bench-03,2240,52.7,1,auto,-43.9,4099687,35,65,2026-09-11-s1
2026-09-11 15:23:20+00:00,bench-03,2247,53.2,1,auto,-44.7,4109686,35,65,2026-09-11-s1
2026-09-11 15:23:30+00:00,bench-03,2240,53.9,1,auto,-43.8,4119687,35,65,2026-09-11-s1
2026-09-11 15:23:40+00:00,bench-03,2228,53.6,1,auto,-43.9,4129685,35,65,2026-09-11-s1
2026-09-11 15:23:50+00:00,bench-03,2200,54.3,1,auto,-43.8,4139682,35,65,2026-09-11-s1
2026-09-11 15:24:00+00:00,bench-03,2214,55.0,1,auto,-43.3,4149685,35,65,2026-09-11-s1
2026-09-11 15:24:10+00:00,bench-03,2210,55.0,1,auto,-41.6,4159680,35,65,2026-09-11-s1
2026-09-11 15:24:20+00:00,bench-03,2191,55.4,1,auto,-41.0,4169675,35,65,2026-09-11-s1
2026-09-11 15:24:30+00:00,bench-03,2194,56.2,1,auto,-40.8,4179674,35,65,2026-09-11-s1
2026-09-11 15:24:40+00:00,bench-03,2192,56.2,1,auto,-41.7,4189670,35,65,2026-09-11-s1
2026-09-11 15:24:50+00:00,bench-03,2170,56.0,1,auto,-41.5,4199670,35,65,2026-09-11-s1
2026-09-11 15:25:00+00:00,bench-03,2165,57.1,1,auto,-42.7,4209673,35,65,2026-09-11-s1
2026-09-11 15:25:10+00:00,bench-03,2148,57.2,1,auto,-42.6,4219670,35,65,2026-09-11-s1
2026-09-11 15:25:20+00:00,bench-03,2181,57.6,1,auto,-43.2,4229666,35,65,2026-09-11-s1
2026-09-11 15:25:30+00:00,bench-03,2148,58.1,1,auto,-42.8,4239669,35,65,2026-09-11-s1
2026-09-11 15:25:40+00:00,bench-03,2126,59.3,1,auto,-44.2,4249665,35,65,2026-09-11-s1
2026-09-11 15:25:50+00:00,bench-03,2130,58.4,1,auto,-44.0,4259667,35,65,2026-09-11-s1
2026-09-11 15:26:00+00:00,bench-03,2111,58.9,1,auto,-45.9,4269662,35,65,2026-09-11-s1
2026-09-11 15:26:10+00:00,bench-03,2106,60.0,1,auto,-44.9,4279664,35,65,2026-09-11-s1
2026-09-11 15:26:20+00:00,bench-03,2107,59.1,1,auto,-45.8,4289660,35,65,2026-09-11-s1
2026-09-11 15:26:30+00:00,bench-03,2091,60.2,1,auto,-44.0,4299663,35,65,2026-09-11-s1
2026-09-11 15:26:40+00:00,bench-03,2089,61.0,1,auto,-42.1,4309664,35,65,2026-09-11-s1
2026-09-11 15:26:50+00:00,bench-03,2073,61.2,1,auto,-42.4,4319666,35,65,2026-09-11-s1
2026-09-11 15:27:00+00:00,bench-03,2080,60.5,1,auto,-43.8,4329670,35,65,2026-09-11-s1
2026-09-11 15:27:10+00:00,bench-03,2099,60.8,1,auto,-42.5,4339665,35,65,2026-09-11-s1
2026-09-11 15:27:20+00:00,bench-03,2056,61.2,1,auto,-43.9,4349661,35,65,2026-09-11-s1
2026-09-11 15:27:30+00:00,bench-03,2067,61.4,1,auto,-44.5,4359659,35,65,2026-09-11-s1
2026-09-11 15:27:40+00:00,bench-03,2034,62.7,1,auto,-45.1,4369659,35,65,2026-09-11-s1
2026-09-11 15:27:50+00:00,bench-03,2018,63.5,1,auto,-45.6,4379659,35,65,2026-09-11-s1
2026-09-11 15:28:00+00:00,bench-03,2001,62.7,1,auto,-43.6,4389660,35,65,2026-09-11-s1
2026-09-11 15:28:10+00:00,bench-03,2049,62.6,1,auto,-43.4,4399657,35,65,2026-09-11-s1
2026-09-11 15:28:20+00:00,bench-03,2000,64.0,1,auto,-43.6,4409653,35,65,2026-09-11-s1
2026-09-11 15:28:30+00:00,bench-03,1995,64.3,1,auto,-45.0,4419649,35,65,2026-09-11-s1
2026-09-11 15:28:40+00:00,bench-03,2026,64.1,1,auto,-45.5,4429646,35,65,2026-09-11-s1
2026-09-11 15:28:50+00:00,bench-03,2006,64.1,1,auto,-46.8,4439650,35,65,2026-09-11-s1
2026-09-11 15:29:00+00:00,bench-03,1995,65.6,1,auto,-48.4,4449654,35,65,2026-09-11-s1
2026-09-11 15:29:10+00:00,bench-03,1967,65.4,1,auto,-50.2,4459658,35,65,2026-09-11-s1
2026-09-11 15:29:20+00:00,bench-03,1995,64.6,0,auto,-48.3,4469656,35,65,2026-09-11-s1
2026-09-11 15:29:30+00:00,bench-03,2017,63.8,0,auto,-47.0,4479653,35,65,2026-09-11-s1
2026-09-11 15:29:40+00:00,bench-03,2012,63.9,0,auto,-48.0,4489656,35,65,2026-09-11-s1
2026-09-11 15:29:50+00:00,bench-03,2023,63.7,0,auto,-50.0,4499658,35,65,2026-09-11-s1
2026-09-11 15:30:00+00:00,bench-03,2037,62.6,0,auto,-50.7,4509653,35,65,2026-09-11-s1
2026-09-11 15:30:10+00:00,bench-03,2041,62.8,0,auto,-49.5,4519650,35,65,2026-09-11-s1
2026-09-11 15:30:20+00:00,bench-03,2041,61.9,0,auto,-49.0,4529654,35,65,2026-09-11-s1
2026-09-11 15:30:30+00:00,bench-03,2088,61.4,0,auto,-50.3,4539655,35,65,2026-09-11-s1
2026-09-11 15:30:40+00:00,bench-03,2080,60.2,0,auto,-51.9,4549659,35,65,2026-09-11-s1
2026-09-11 15:30:50+00:00,bench-03,2075,60.8,0,auto,-53.2,4559657,35,65,2026-09-11-s1
2026-09-11 15:31:00+00:00,bench-03,2116,59.9,0,auto,-52.7,4569652,35,65,2026-09-11-s1
2026-09-11 15:31:10+00:00,bench-03,2111,59.9,0,auto,-53.7,4579653,35,65,2026-09-11-s1
2026-09-11 15:31:20+00:00,bench-03,2104,59.7,0,auto,-54.3,4589655,35,65,2026-09-11-s1
2026-09-11 15:31:30+00:00,bench-03,0,120.0,0,auto,-53.5,4599656,35,65,2026-09-11-s1
2026-09-11 15:31:40+00:00,bench-03,2173,57.2,0,auto,-55.5,4609651,35,65,2026-09-11-s1
2026-09-11 15:31:50+00:00,bench-03,2134,58.1,0,auto,-56.8,4619649,35,65,2026-09-11-s1
2026-09-11 15:32:00+00:00,bench-03,2168,56.6,0,auto,-55.7,4629646,35,65,2026-09-11-s1
2026-09-11 15:32:10+00:00,bench-03,2177,56.7,0,auto,-57.1,4639649,35,65,2026-09-11-s1
2026-09-11 15:32:20+00:00,bench-03,2177,56.5,0,auto,-55.5,4649653,35,65,2026-09-11-s1
2026-09-11 15:32:30+00:00,bench-03,2187,55.7,0,auto,-54.6,4659649,35,65,2026-09-11-s1
2026-09-11 15:32:40+00:00,bench-03,2208,55.3,0,auto,-54.7,4669648,35,65,2026-09-11-s1
2026-09-11 15:32:50+00:00,bench-03,2198,55.7,0,auto,-53.4,4679644,35,65,2026-09-11-s1
2026-09-11 15:33:00+00:00,bench-03,2210,55.1,0,auto,-53.9,4689640,35,65,2026-09-11-s1
2026-09-11 15:33:10+00:00,bench-03,2239,54.2,0,auto,-53.8,4699642,35,65,2026-09-11-s1
2026-09-11 15:33:20+00:00,bench-03,2204,54.3,0,auto,-54.9,4709646,35,65,2026-09-11-s1
2026-09-11 15:33:30+00:00,bench-03,2243,53.0,0,auto,-55.2,4719646,35,65,2026-09-11-s1
2026-09-11 15:33:40+00:00,bench-03,2242,53.5,0,auto,-54.7,4729645,35,65,2026-09-11-s1
2026-09-11 15:33:50+00:00,bench-03,2264,52.8,0,auto,-54.6,4739642,35,65,2026-09-11-s1
2026-09-11 15:34:00+00:00,bench-03,2258,52.5,0,auto,-55.2,4749638,35,65,2026-09-11-s1
2026-09-11 15:34:10+00:00,bench-03,2262,52.2,0,auto,-54.7,4759637,35,65,2026-09-11-s1
2026-09-11 15:34:20+00:00,bench-03,2281,51.1,0,auto,-54.8,4769639,35,65,2026-09-11-s1
2026-09-11 15:34:30+00:00,bench-03,2277,51.0,0,auto,-56.1,4779634,35,65,2026-09-11-s1
2026-09-11 15:34:40+00:00,bench-03,2301,50.7,0,auto,-54.7,4789633,35,65,2026-09-11-s1
2026-09-11 15:34:50+00:00,bench-03,2318,50.4,0,auto,-55.0,4799629,35,65,2026-09-11-s1
2026-09-11 15:35:00+00:00,bench-03,2339,49.3,0,auto,-53.7,4809627,35,65,2026-09-11-s1
2026-09-11 15:35:10+00:00,bench-03,2325,50.0,0,auto,-55.1,4819622,35,65,2026-09-11-s1
2026-09-11 15:35:20+00:00,bench-03,2333,49.0,0,auto,-55.3,4829622,35,65,2026-09-11-s1
2026-09-11 15:35:30+00:00,bench-03,2352,48.5,0,auto,-55.7,4839618,35,65,2026-09-11-s1
2026-09-11 15:35:40+00:00,bench-03,2364,47.9,0,auto,-56.1,4849614,35,65,2026-09-11-s1
2026-09-11 15:35:50+00:00,bench-03,2373,47.7,0,auto,-56.0,4859614,35,65,2026-09-11-s1
2026-09-11 15:36:00+00:00,bench-03,2370,47.1,0,auto,-55.2,4869612,35,65,2026-09-11-s1
2026-09-11 15:36:10+00:00,bench-03,2354,47.5,0,auto,-57.5,4879613,35,65,2026-09-11-s1
2026-09-11 15:36:20+00:00,bench-03,2399,47.0,0,auto,-60.0,4889609,35,65,2026-09-11-s1
2026-09-11 15:36:30+00:00,bench-03,2398,46.8,0,auto,-60.5,4899613,35,65,2026-09-11-s1
2026-09-11 15:36:40+00:00,bench-03,2430,44.9,0,auto,-58.6,4909613,35,65,2026-09-11-s1
2026-09-11 15:36:50+00:00,bench-03,2420,45.7,0,auto,-57.5,4919609,35,65,2026-09-11-s1
2026-09-11 15:37:00+00:00,bench-03,2405,46.0,0,auto,-56.9,4929612,35,65,2026-09-11-s1
2026-09-11 15:37:10+00:00,bench-03,2421,45.6,0,auto,-55.7,4939609,35,65,2026-09-11-s1
2026-09-11 15:37:20+00:00,bench-03,2436,44.8,0,auto,-54.5,4949612,35,65,2026-09-11-s1
2026-09-11 15:37:30+00:00,bench-03,2404,45.4,0,auto,-55.0,4959615,35,65,2026-09-11-s1
2026-09-11 15:37:40+00:00,bench-03,2433,44.6,0,auto,-55.2,4969611,35,65,2026-09-11-s1
2026-09-11 15:37:50+00:00,bench-03,2438,43.9,0,auto,-55.3,4979614,35,65,2026-09-11-s1
2026-09-11 15:38:00+00:00,bench-03,2462,43.3,0,auto,-55.6,4989614,35,65,2026-09-11-s1
2026-09-11 15:38:10+00:00,bench-03,2473,42.4,0,auto,-55.6,4999611,35,65,2026-09-11-s1
2026-09-11 15:38:20+00:00,bench-03,2487,42.4,0,auto,-57.0,5009608,35,65,2026-09-11-s1
2026-09-11 15:38:30+00:00,bench-03,2475,43.1,0,auto,-56.9,5019605,35,65,2026-09-11-s1
2026-09-11 15:38:40+00:00,bench-03,2485,42.3,0,auto,-56.8,5029606,35,65,2026-09-11-s1
2026-09-11 15:38:50+00:00,bench-03,2491,42.1,0,auto,-57.0,5039602,35,65,2026-09-11-s1
2026-09-11 15:39:00+00:00,bench-03,2496,41.9,0,auto,-57.0,5049599,35,65,2026-09-11-s1
2026-09-11 15:39:10+00:00,bench-03,2485,41.2,0,auto,-56.2,5059601,35,65,2026-09-11-s1
2026-09-11 15:39:20+00:00,bench-03,2476,41.5,0,auto,-56.5,5069603,35,65,2026-09-11-s1
2026-09-11 15:39:30+00:00,bench-03,2502,40.5,0,auto,-56.4,5079598,35,65,2026-09-11-s1
2026-09-11 15:39:40+00:00,bench-03,2499,40.7,0,auto,-59.9,5089599,35,65,2026-09-11-s1
2026-09-11 15:39:50+00:00,bench-03,2522,40.2,0,auto,-60.9,5099601,35,65,2026-09-11-s1
2026-09-11 15:40:00+00:00,bench-03,2562,39.4,0,auto,-63.7,5109597,35,65,2026-09-11-s1
2026-09-11 15:40:10+00:00,bench-03,2524,40.2,0,auto,-62.8,5119599,35,65,2026-09-11-s1
2026-09-11 15:40:20+00:00,bench-03,2544,38.8,0,auto,-59.6,5129603,35,65,2026-09-11-s1
2026-09-11 15:40:30+00:00,bench-03,2569,39.5,0,auto,-57.6,5139606,35,65,2026-09-11-s1
2026-09-11 15:40:40+00:00,bench-03,2552,39.0,0,auto,-57.3,5149602,35,65,2026-09-11-s1
2026-09-11 15:40:50+00:00,bench-03,2570,38.3,0,auto,-58.5,5159603,35,65,2026-09-11-s1
2026-09-11 15:41:00+00:00,bench-03,2551,38.5,0,auto,-59.9,5169601,35,65,2026-09-11-s1
2026-09-11 15:41:10+00:00,bench-03,2595,37.9,0,auto,-61.4,5179599,35,65,2026-09-11-s1
2026-09-11 15:41:20+00:00,bench-03,2581,37.6,0,auto,-60.4,5189598,35,65,2026-09-11-s1
2026-09-11 15:41:30+00:00,bench-03,2581,37.6,0,auto,-60.7,5199599,35,65,2026-09-11-s1
2026-09-11 15:41:40+00:00,bench-03,2638,36.8,0,auto,-61.7,5209602,35,65,2026-09-11-s1
2026-09-11 15:41:50+00:00,bench-03,2591,37.7,0,auto,-60.2,5219601,35,65,2026-09-11-s1
2026-09-11 15:42:00+00:00,bench-03,2626,36.5,0,auto,-58.8,5229603,35,65,2026-09-11-s1
2026-09-11 15:42:10+00:00,bench-03,2621,36.4,0,auto,-59.0,5239607,35,65,2026-09-11-s1
2026-09-11 15:42:20+00:00,bench-03,2620,36.1,0,auto,-57.5,5249604,35,65,2026-09-11-s1
2026-09-11 15:42:30+00:00,bench-03,2607,36.0,0,auto,-56.0,5259604,35,65,2026-09-11-s1
2026-09-11 15:42:40+00:00,bench-03,2610,36.1,0,auto,-55.6,5269607,35,65,2026-09-11-s1
2026-09-11 15:42:50+00:00,bench-03,2645,34.9,0,auto,-56.2,5279607,35,65,2026-09-11-s1
2026-09-11 15:43:00+00:00,bench-03,2649,34.6,0,auto,-56.2,5289604,35,65,2026-09-11-s1
2026-09-11 15:43:10+00:00,bench-03,2625,35.4,1,auto,-56.2,5299602,35,65,2026-09-11-s1
2026-09-11 15:43:20+00:00,bench-03,2617,36.5,1,auto,-56.1,5309598,35,65,2026-09-11-s1
2026-09-11 15:43:30+00:00,bench-03,2588,37.2,1,auto,-55.2,5319599,35,65,2026-09-11-s1
2026-09-11 15:43:40+00:00,bench-03,2613,36.9,1,auto,-53.6,5329599,35,65,2026-09-11-s1
2026-09-11 15:43:50+00:00,bench-03,2538,38.0,1,auto,-53.4,5339599,35,65,2026-09-11-s1
2026-09-11 15:44:00+00:00,bench-03,2538,38.6,1,auto,-52.0,5349603,35,65,2026-09-11-s1
2026-09-11 15:44:10+00:00,bench-03,2565,38.8,1,auto,-51.9,5359600,35,65,2026-09-11-s1
2026-09-11 15:44:20+00:00,bench-03,2549,39.8,1,auto,-52.9,5369601,35,65,2026-09-11-s1
2026-09-11 15:44:30+00:00,bench-03,2517,40.3,1,auto,-52.5,5379599,35,65,2026-09-11-s1
2026-09-11 15:44:40+00:00,bench-03,2520,40.6,1,auto,-51.8,5389594,35,65,2026-09-11-s1
2026-09-11 15:44:50+00:00,bench-03,2507,41.1,1,auto,-50.7,5399596,35,65,2026-09-11-s1
2026-09-09 13:13:00+00:00,bench-04,2192,54.7,0,auto,-49.6,10000,25,60,2026-09-09-s1
2026-09-09 13:13:10+00:00,bench-04,4095,-20.0,0,auto,-47.4,19998,25,60,2026-09-09-s1
2026-09-09 13:13:20+00:00,bench-04,2226,53.6,0,auto,-47.2,29997,25,60,2026-09-09-s1
2026-09-09 13:13:30+00:00,bench-04,2216,53.6,0,auto,-45.9,39996,25,60,2026-09-09-s1
2026-09-09 13:13:40+00:00,bench-04,2256,52.6,0,auto,-46.4,49993,25,60,2026-09-09-s1
2026-09-09 13:13:50+00:00,bench-04,2223,52.8,0,auto,-46.5,59991,25,60,2026-09-09-s1
2026-09-09 13:14:00+00:00,bench-04,2255,52.1,0,auto,-44.2,69989,25,60,2026-09-09-s1
2026-09-09 13:14:10+00:00,bench-04,2266,51.6,0,auto,-44.0,79987,25,60,2026-09-09-s1
2026-09-09 13:14:20+00:00,bench-04,2299,50.5,0,auto,-43.0,89990,25,60,2026-09-09-s1
2026-09-09 13:14:30+00:00,bench-04,2287,50.2,0,auto,-43.6,99990,25,60,2026-09-09-s1
2026-09-09 13:14:40+00:00,bench-04,2317,49.7,0,auto,-42.5,109992,25,60,2026-09-09-s1
2026-09-09 13:14:50+00:00,bench-04,2311,48.7,0,auto,-42.3,119987,25,60,2026-09-09-s1
2026-09-09 13:15:00+00:00,bench-04,2323,48.6,0,auto,-43.3,129990,25,60,2026-09-09-s1
2026-09-09 13:15:10+00:00,bench-04,2321,48.8,0,auto,-43.2,139989,25,60,2026-09-09-s1
2026-09-09 13:15:20+00:00,bench-04,2330,48.1,0,auto,-43.8,149993,25,60,2026-09-09-s1
2026-09-09 13:15:30+00:00,bench-04,2340,48.0,0,auto,-43.8,159993,25,60,2026-09-09-s1
2026-09-09 13:15:40+00:00,bench-04,2354,47.2,0,auto,-45.8,169997,25,60,2026-09-09-s1
2026-09-09 13:15:50+00:00,bench-04,2348,47.1,0,auto,-44.4,180001,25,60,2026-09-09-s1
2026-09-09 13:16:00+00:00,bench-04,2354,46.7,0,auto,-46.3,189996,25,60,2026-09-09-s1
2026-09-09 13:16:10+00:00,bench-04,2373,46.3,0,auto,-46.5,199997,25,60,2026-09-09-s1
2026-09-09 13:16:20+00:00,bench-04,2362,45.5,0,auto,-48.1,209999,25,60,2026-09-09-s1
2026-09-09 13:16:30+00:00,bench-04,2393,45.4,0,auto,-48.0,220001,25,60,2026-09-09-s1
2026-09-09 13:16:40+00:00,bench-04,2393,44.9,0,auto,-45.7,229997,25,60,2026-09-09-s1
2026-09-09 13:16:50+00:00,bench-04,2432,44.7,0,auto,-46.8,240001,25,60,2026-09-09-s1
2026-09-09 13:17:00+00:00,bench-04,2413,44.6,0,auto,-46.7,249999,25,60,2026-09-09-s1
2026-09-09 13:17:10+00:00,bench-04,2423,43.7,0,auto,-48.8,259999,25,60,2026-09-09-s1
2026-09-09 13:17:20+00:00,bench-04,2428,43.2,0,auto,-47.1,269995,25,60,2026-09-09-s1
2026-09-09 13:17:30+00:00,bench-04,2436,43.4,0,auto,-46.6,279992,25,60,2026-09-09-s1
2026-09-09 13:17:40+00:00,bench-04,2467,43.2,0,auto,-46.2,289990,25,60,2026-09-09-s1
2026-09-09 13:17:50+00:00,bench-04,2457,42.6,0,auto,-46.8,299986,25,60,2026-09-09-s1
2026-09-09 13:18:00+00:00,bench-04,2447,42.0,0,auto,-48.1,309981,25,60,2026-09-09-s1
2026-09-09 13:18:10+00:00,bench-04,2483,41.2,0,auto,-47.6,319981,25,60,2026-09-09-s1
2026-09-09 13:18:20+00:00,bench-04,2476,40.5,0,auto,-47.3,329983,25,60,2026-09-09-s1
2026-09-09 13:18:30+00:00,bench-04,2495,40.7,0,auto,-46.1,339982,25,60,2026-09-09-s1
2026-09-09 13:18:40+00:00,bench-04,2493,40.2,0,auto,-46.7,349984,25,60,2026-09-09-s1
2026-09-09 13:18:50+00:00,bench-04,2492,39.8,0,auto,-46.1,359985,25,60,2026-09-09-s1
2026-09-09 13:19:00+00:00,bench-04,2487,39.8,0,auto,-47.6,369982,25,60,2026-09-09-s1
2026-09-09 13:19:10+00:00,bench-04,2514,39.0,0,auto,-47.3,379981,25,60,2026-09-09-s1
2026-09-09 13:19:20+00:00,bench-04,2506,39.2,0,auto,-45.1,389980,25,60,2026-09-09-s1
2026-09-09 13:19:30+00:00,bench-04,2505,39.7,0,auto,-45.1,399979,25,60,2026-09-09-s1
2026-09-09 13:19:40+00:00,bench-04,2539,38.4,0,auto,-41.6,409976,25,60,2026-09-09-s1
2026-09-09 13:19:50+00:00,bench-04,0,120.0,0,auto,-40.0,419971,25,60,2026-09-09-s1
2026-09-09 13:20:00+00:00,bench-04,2538,37.8,0,auto,-41.9,429975,25,60,2026-09-09-s1
2026-09-09 13:20:10+00:00,bench-04,2555,37.6,0,auto,-39.8,439974,25,60,2026-09-09-s1
2026-09-09 13:20:20+00:00,bench-04,2565,36.5,0,auto,-39.8,449975,25,60,2026-09-09-s1
2026-09-09 13:20:30+00:00,bench-04,2533,37.2,0,auto,-38.9,459979,25,60,2026-09-09-s1
2026-09-09 13:20:40+00:00,bench-04,2584,36.7,0,auto,-37.2,469980,25,60,2026-09-09-s1
2026-09-09 13:20:50+00:00,bench-04,2569,36.1,0,auto,-38.3,479983,25,60,2026-09-09-s1
2026-09-09 13:21:00+00:00,bench-04,2588,36.8,0,auto,-39.3,489981,25,60,2026-09-09-s1
2026-09-09 13:21:10+00:00,bench-04,2580,36.2,0,auto,-39.1,499982,25,60,2026-09-09-s1
2026-09-09 13:21:20+00:00,bench-04,2581,35.8,0,auto,-36.5,509979,25,60,2026-09-09-s1
2026-09-09 13:21:30+00:00,bench-04,2589,34.9,0,auto,-35.1,519976,25,60,2026-09-09-s1
2026-09-09 13:21:40+00:00,bench-04,2575,35.6,0,auto,-35.0,529975,25,60,2026-09-09-s1
2026-09-09 13:21:50+00:00,bench-04,2599,34.2,0,auto,-35.0,539972,25,60,2026-09-09-s1
2026-09-09 13:22:00+00:00,bench-04,2574,34.5,0,auto,-35.0,549969,25,60,2026-09-09-s1
2026-09-09 13:22:10+00:00,bench-04,2634,34.3,0,auto,-35.0,559970,25,60,2026-09-09-s1
2026-09-09 13:22:20+00:00,bench-04,2601,34.1,0,auto,-35.0,569965,25,60,2026-09-09-s1
2026-09-09 13:22:30+00:00,bench-04,2640,33.4,0,auto,-35.2,579968,25,60,2026-09-09-s1
2026-09-09 13:22:40+00:00,bench-04,2633,32.8,0,auto,-35.0,589964,25,60,2026-09-09-s1
2026-09-09 13:22:50+00:00,bench-04,2625,32.5,0,auto,-35.2,599962,25,60,2026-09-09-s1
2026-09-09 13:23:00+00:00,bench-04,2628,33.5,0,auto,-35.0,609958,25,60,2026-09-09-s1
2026-09-09 13:23:10+00:00,bench-04,2654,32.4,0,auto,-35.0,619957,25,60,2026-09-09-s1
2026-09-09 13:23:20+00:00,bench-04,2642,32.8,0,auto,-35.0,629952,25,60,2026-09-09-s1
2026-09-09 13:23:30+00:00,bench-04,2660,31.6,0,auto,-36.3,639947,25,60,2026-09-09-s1
2026-09-09 13:23:40+00:00,bench-04,2669,31.6,0,auto,-35.8,649947,25,60,2026-09-09-s1
2026-09-09 13:23:50+00:00,bench-04,2666,31.2,0,auto,-35.0,659944,25,60,2026-09-09-s1
2026-09-09 13:24:00+00:00,bench-04,2687,30.6,0,auto,-35.0,669948,25,60,2026-09-09-s1
2026-09-09 13:24:10+00:00,bench-04,2670,30.4,0,auto,-35.0,679945,25,60,2026-09-09-s1
2026-09-09 13:24:20+00:00,bench-04,2677,30.9,0,auto,-35.5,689943,25,60,2026-09-09-s1
2026-09-09 13:24:30+00:00,bench-04,2701,30.2,0,auto,-35.7,699938,25,60,2026-09-09-s1
2026-09-09 13:24:40+00:00,bench-04,2707,29.8,0,auto,-36.4,709941,25,60,2026-09-09-s1
2026-09-09 13:24:50+00:00,bench-04,2706,29.5,0,auto,-36.1,719937,25,60,2026-09-09-s1
2026-09-09 13:25:00+00:00,bench-04,2702,29.6,0,auto,-36.9,729941,25,60,2026-09-09-s1
2026-09-09 13:25:10+00:00,bench-04,2701,30.0,0,auto,-38.8,739944,25,60,2026-09-09-s1
2026-09-09 13:25:20+00:00,bench-04,2723,28.9,0,auto,-40.2,749941,25,60,2026-09-09-s1
2026-09-09 13:25:30+00:00,bench-04,2728,28.5,0,auto,-38.7,759941,25,60,2026-09-09-s1
2026-09-09 13:25:40+00:00,bench-04,2727,28.8,0,auto,-39.5,769942,25,60,2026-09-09-s1
2026-09-09 13:25:50+00:00,bench-04,2729,28.6,0,auto,-38.6,779945,25,60,2026-09-09-s1
2026-09-09 13:26:00+00:00,bench-04,2729,28.1,0,auto,-38.6,789942,25,60,2026-09-09-s1
2026-09-09 13:26:10+00:00,bench-04,2717,28.0,0,auto,-36.2,799941,25,60,2026-09-09-s1
2026-09-09 13:26:20+00:00,bench-04,2751,27.3,0,auto,-37.6,809937,25,60,2026-09-09-s1
2026-09-09 13:26:30+00:00,bench-04,2742,27.6,0,auto,-38.0,819941,25,60,2026-09-09-s1
2026-09-09 13:26:40+00:00,bench-04,2744,27.2,0,auto,-38.5,829936,25,60,2026-09-09-s1
2026-09-09 13:26:50+00:00,bench-04,2743,27.2,0,auto,-38.0,839937,25,60,2026-09-09-s1
2026-09-09 13:27:00+00:00,bench-04,2754,26.6,0,auto,-39.7,849933,25,60,2026-09-09-s1
2026-09-09 13:27:10+00:00,bench-04,2725,27.7,0,auto,-40.7,859929,25,60,2026-09-09-s1
2026-09-09 13:27:20+00:00,bench-04,2810,25.5,0,auto,-42.8,869931,25,60,2026-09-09-s1
2026-09-09 13:27:30+00:00,bench-04,2790,25.1,0,auto,-42.4,879930,25,60,2026-09-09-s1
2026-09-09 13:27:40+00:00,bench-04,2764,25.7,0,auto,-43.3,889925,25,60,2026-09-09-s1
2026-09-09 13:27:50+00:00,bench-04,2777,25.7,0,auto,-43.8,899922,25,60,2026-09-09-s1
2026-09-09 13:28:00+00:00,bench-04,2797,25.4,0,auto,-43.7,909917,25,60,2026-09-09-s1
2026-09-09 13:28:10+00:00,bench-04,2797,24.9,0,auto,-43.8,919913,25,60,2026-09-09-s1
2026-09-09 13:28:20+00:00,bench-04,2803,25.2,0,auto,-44.4,929909,25,60,2026-09-09-s1
2026-09-09 13:28:30+00:00,bench-04,2795,25.2,0,auto,-44.9,939905,25,60,2026-09-09-s1
2026-09-09 13:28:40+00:00,bench-04,2781,24.4,0,auto,-43.7,949908,25,60,2026-09-09-s1
2026-09-09 13:28:50+00:00,bench-04,2796,25.3,1,auto,-44.6,959912,25,60,2026-09-09-s1
2026-09-09 13:29:00+00:00,bench-04,2760,26.2,1,auto,-44.5,969915,25,60,2026-09-09-s1
2026-09-09 13:29:10+00:00,bench-04,2795,25.8,1,auto,-43.7,979919,25,60,2026-09-09-s1
2026-09-09 13:29:20+00:00,bench-04,2749,26.4,1,auto,-42.3,989915,25,60,2026-09-09-s1
2026-09-09 13:29:30+00:00,bench-04,2776,26.5,1,auto,-42.9,999916,25,60,2026-09-09-s1
2026-09-09 13:29:40+00:00,bench-04,2742,27.0,1,auto,-41.1,1009920,25,60,2026-09-09-s1
2026-09-09 13:29:50+00:00,bench-04,2730,28.0,1,auto,-43.4,1019924,25,60,2026-09-09-s1
2026-09-09 13:30:00+00:00,bench-04,2724,28.4,1,auto,-43.4,1029926,25,60,2026-09-09-s1
2026-09-09 13:30:10+00:00,bench-04,2711,28.1,1,auto,-41.3,1039923,25,60,2026-09-09-s1
2026-09-09 13:30:20+00:00,bench-04,2725,29.0,1,auto,-40.9,1049924,25,60,2026-09-09-s1
2026-09-09 13:30:30+00:00,bench-04,2725,28.9,1,auto,-40.1,1059928,25,60,2026-09-09-s1
2026-09-09 13:30:40+00:00,bench-04,2714,29.4,1,auto,-40.4,1069925,25,60,2026-09-09-s1
2026-09-09 13:30:50+00:00,bench-04,2730,28.4,1,auto,-40.5,1079928,25,60,2026-09-09-s1
2026-09-09 13:31:00+00:00,bench-04,2688,30.2,1,auto,-40.7,1089926,25,60,2026-09-09-s1
2026-09-09 13:31:10+00:00,bench-04,2679,30.1,1,auto,-40.4,1099925,25,60,2026-09-09-s1
2026-09-09 13:31:20+00:00,bench-04,2674,31.1,1,auto,-39.9,1109927,25,60,2026-09-09-s1
2026-09-09 13:31:30+00:00,bench-04,2650,31.6,1,auto,-41.6,1119926,25,60,2026-09-09-s1
2026-09-09 13:31:40+00:00,bench-04,2659,32.3,1,auto,-43.0,1129922,25,60,2026-09-09-s1
2026-09-09 13:31:50+00:00,bench-04,2655,31.5,1,auto,-44.3,1139922,25,60,2026-09-09-s1
2026-09-09 13:32:00+00:00,bench-04,2669,31.5,1,auto,-43.7,1149921,25,60,2026-09-09-s1
2026-09-09 13:32:10+00:00,bench-04,2658,31.8,1,auto,-45.1,1159921,25,60,2026-09-09-s1
2026-09-09 13:32:20+00:00,bench-04,2627,32.9,1,auto,-44.3,1169919,25,60,2026-09-09-s1
2026-09-09 13:32:30+00:00,bench-04,2634,32.2,1,auto,-46.3,1179918,25,60,2026-09-09-s1
2026-09-09 13:32:40+00:00,bench-04,2645,33.5,1,auto,-46.1,1189915,25,60,2026-09-09-s1
2026-09-09 13:32:50+00:00,bench-04,2606,34.0,1,auto,-45.5,1199915,25,60,2026-09-09-s1
2026-09-09 13:33:00+00:00,bench-04,2623,34.0,1,auto,-44.5,1209913,25,60,2026-09-09-s1
2026-09-09 13:33:10+00:00,bench-04,2592,34.7,1,auto,-44.4,1219908,25,60,2026-09-09-s1
2026-09-09 13:33:20+00:00,bench-04,2620,34.2,1,auto,-45.7,1229909,25,60,2026-09-09-s1
2026-09-09 13:33:30+00:00,bench-04,2555,35.6,1,auto,-44.5,1239907,25,60,2026-09-09-s1
2026-09-09 13:33:40+00:00,bench-04,2611,35.6,1,auto,-45.1,1249903,25,60,2026-09-09-s1
2026-09-09 13:33:50+00:00,bench-04,2576,35.4,1,auto,-44.6,1259900,25,60,2026-09-09-s1
2026-09-09 13:34:00+00:00,bench-04,2596,35.5,1,auto,-45.2,1269899,25,60,2026-09-09-s1
2026-09-09 13:34:10+00:00,bench-04,2578,36.2,1,auto,-45.0,1279902,25,60,2026-09-09-s1
2026-09-09 13:34:20+00:00,bench-04,2586,36.4,1,auto,-43.9,1289899,25,60,2026-09-09-s1
2026-09-09 13:34:30+00:00,bench-04,2554,36.6,1,auto,-44.0,1299898,25,60,2026-09-09-s1
2026-09-09 13:34:40+00:00,bench-04,2572,36.4,1,auto,-43.6,1309894,25,60,2026-09-09-s1
2026-09-09 13:34:50+00:00,bench-04,2583,36.4,1,auto,-44.0,1319891,25,60,2026-09-09-s1
2026-09-09 13:35:00+00:00,bench-04,2556,37.4,1,auto,-43.7,1329891,25,60,2026-09-09-s1
2026-09-09 13:35:10+00:00,bench-04,2526,37.5,1,auto,-44.1,1339891,25,60,2026-09-09-s1
2026-09-09 13:35:20+00:00,bench-04,2533,37.4,1,auto,-43.8,1349890,25,60,2026-09-09-s1
2026-09-09 13:35:30+00:00,bench-04,2510,38.2,1,auto,-43.9,1359894,25,60,2026-09-09-s1
2026-09-09 13:35:40+00:00,bench-04,2546,37.8,1,auto,-43.9,1369897,25,60,2026-09-09-s1
2026-09-09 13:35:50+00:00,bench-04,2505,38.6,1,auto,-43.2,1379894,25,60,2026-09-09-s1
2026-09-09 13:36:00+00:00,bench-04,2525,39.4,1,auto,-41.7,1389896,25,60,2026-09-09-s1
2026-09-09 13:36:10+00:00,bench-04,2515,39.1,1,auto,-41.8,1399898,25,60,2026-09-09-s1
2026-09-09 13:36:20+00:00,bench-04,2531,38.7,1,auto,-41.4,1409899,25,60,2026-09-09-s1
2026-09-09 13:36:30+00:00,bench-04,2513,39.1,1,auto,-41.1,1419896,25,60,2026-09-09-s1
2026-09-09 13:36:40+00:00,bench-04,2517,39.5,1,auto,-38.6,1429891,25,60,2026-09-09-s1
2026-09-09 13:36:50+00:00,bench-04,2520,39.6,1,auto,-39.3,1439886,25,60,2026-09-09-s1
2026-09-09 13:37:00+00:00,bench-04,2491,40.5,1,auto,-39.7,1449884,25,60,2026-09-09-s1
2026-09-09 13:37:10+00:00,bench-04,2514,40.5,1,auto,-38.8,1459884,25,60,2026-09-09-s1
2026-09-09 13:37:20+00:00,bench-04,2472,40.4,1,auto,-40.6,1469886,25,60,2026-09-09-s1
2026-09-09 13:37:30+00:00,bench-04,2484,40.3,1,auto,-40.4,1479884,25,60,2026-09-09-s1
2026-09-09 13:37:40+00:00,bench-04,2432,42.7,1,auto,-39.1,1489887,25,60,2026-09-09-s1
2026-09-09 13:37:50+00:00,bench-04,2487,41.0,1,auto,-40.3,1499888,25,60,2026-09-09-s1
2026-09-09 13:38:00+00:00,bench-04,2478,41.3,1,auto,-40.5,1509886,25,60,2026-09-09-s1
2026-09-09 13:38:10+00:00,bench-04,2481,41.4,1,auto,-39.9,1519887,25,60,2026-09-09-s1
2026-09-09 13:38:20+00:00,bench-04,2463,41.4,1,auto,-39.2,1529886,25,60,2026-09-09-s1
2026-09-09 13:38:30+00:00,bench-04,2434,42.8,1,auto,-40.8,1539889,25,60,2026-09-09-s1
2026-09-09 13:38:40+00:00,bench-04,2438,42.8,1,auto,-41.5,1549889,25,60,2026-09-09-s1
2026-09-09 13:38:50+00:00,bench-04,2439,43.2,1,auto,-43.7,1559888,25,60,2026-09-09-s1
2026-09-09 13:39:00+00:00,bench-04,2469,42.2,1,auto,-42.9,1569892,25,60,2026-09-09-s1
2026-09-09 13:39:10+00:00,bench-04,2441,43.2,1,auto,-45.0,1579888,25,60,2026-09-09-s1
2026-09-09 13:39:20+00:00,bench-04,2418,44.1,1,auto,-45.7,1589889,25,60,2026-09-09-s1
2026-09-09 13:39:30+00:00,bench-04,2441,43.5,1,auto,-46.5,1599892,25,60,2026-09-09-s1
2026-09-09 13:39:40+00:00,bench-04,2427,44.1,1,auto,-47.2,1609894,25,60,2026-09-09-s1
2026-09-09 13:39:50+00:00,bench-04,2406,44.2,1,auto,-45.8,1619895,25,60,2026-09-09-s1
2026-09-09 13:40:00+00:00,bench-04,2413,44.1,1,auto,-46.8,1629896,25,60,2026-09-09-s1
2026-09-09 13:40:10+00:00,bench-04,2432,44.1,1,auto,-48.0,1639897,25,60,2026-09-09-s1
2026-09-09 13:40:20+00:00,bench-04,2402,44.9,1,auto,-48.0,1649898,25,60,2026-09-09-s1
2026-09-09 13:40:30+00:00,bench-04,2408,44.5,1,auto,-47.1,1659902,25,60,2026-09-09-s1
2026-09-09 13:40:40+00:00,bench-04,2430,45.1,1,auto,-47.0,1669902,25,60,2026-09-09-s1
2026-09-09 13:40:50+00:00,bench-04,2396,45.4,1,auto,-48.0,1679905,25,60,2026-09-09-s1
2026-09-09 13:41:00+00:00,bench-04,2388,45.2,1,auto,-48.6,1689905,25,60,2026-09-09-s1
2026-09-09 13:41:10+00:00,bench-04,2391,45.5,1,auto,-48.6,1699909,25,60,2026-09-09-s1
2026-09-09 13:41:20+00:00,bench-04,2382,45.5,1,auto,-47.5,1709905,25,60,2026-09-09-s1
2026-09-09 13:41:30+00:00,bench-04,2399,45.7,1,auto,-46.8,1719901,25,60,2026-09-09-s1
2026-09-09 13:41:40+00:00,bench-04,2386,45.8,1,auto,-45.8,1729901,25,60,2026-09-09-s1
2026-09-09 13:41:50+00:00,bench-04,2383,46.4,1,auto,-45.9,1739899,25,60,2026-09-09-s1
2026-09-09 13:42:00+00:00,bench-04,2366,46.5,1,auto,-45.4,1749896,25,60,2026-09-09-s1
2026-09-09 13:42:10+00:00,bench-04,2374,46.4,1,auto,-45.6,1759894,25,60,2026-09-09-s1
2026-09-09 13:42:20+00:00,bench-04,2353,46.4,1,auto,-43.5,1769894,25,60,2026-09-09-s1
2026-09-09 13:42:30+00:00,bench-04,2357,46.9,1,auto,-40.5,1779890,25,60,2026-09-09-s1
2026-09-09 13:42:40+00:00,bench-04,2340,47.5,1,auto,-41.4,1789890,25,60,2026-09-09-s1
2026-09-09 13:42:50+00:00,bench-04,2367,46.8,1,auto,-43.3,1799890,25,60,2026-09-09-s1
2026-09-09 13:43:00+00:00,bench-04,2339,47.3,1,auto,-43.0,1809893,25,60,2026-09-09-s1
2026-09-09 13:43:10+00:00,bench-04,2359,47.4,1,auto,-44.7,1819894,25,60,2026-09-09-s1
2026-09-09 13:43:20+00:00,bench-04,2347,47.6,1,auto,-43.5,1829896,25,60,2026-09-09-s1
2026-09-09 13:43:30+00:00,bench-04,2357,47.2,1,auto,-43.3,1839897,25,60,2026-09-09-s1
2026-09-09 13:43:40+00:00,bench-04,2331,48.1,1,auto,-42.8,1849892,25,60,2026-09-09-s1
2026-09-09 13:43:50+00:00,bench-04,2346,48.2,1,auto,-44.0,1859889,25,60,2026-09-09-s1
2026-09-09 13:44:00+00:00,bench-04,2343,47.9,1,auto,-43.3,1869887,25,60,2026-09-09-s1
2026-09-09 13:44:10+00:00,bench-04,2337,48.3,1,auto,-40.8,1879890,25,60,2026-09-09-s1
2026-09-09 13:44:20+00:00,bench-04,2334,48.7,1,auto,-43.2,1889889,25,60,2026-09-09-s1
2026-09-09 13:44:30+00:00,bench-04,2338,48.4,1,auto,-44.0,1899891,25,60,2026-09-09-s1
2026-09-09 13:44:40+00:00,bench-04,2329,49.1,1,auto,-42.0,1909887,25,60,2026-09-09-s1
2026-09-09 13:44:50+00:00,bench-04,2314,49.1,1,auto,-44.6,1919888,25,60,2026-09-09-s1
2026-09-09 13:45:00+00:00,bench-04,2297,49.3,1,auto,-43.2,1929887,25,60,2026-09-09-s1
2026-09-09 13:45:10+00:00,bench-04,2314,49.4,1,auto,-43.1,1939886,25,60,2026-09-09-s1
2026-09-09 13:45:20+00:00,bench-04,2325,48.9,1,auto,-40.8,1949888,25,60,2026-09-09-s1
2026-09-09 13:45:30+00:00,bench-04,2322,49.2,1,auto,-39.5,1959884,25,60,2026-09-09-s1
2026-09-09 13:45:40+00:00,bench-04,2281,50.6,1,auto,-40.8,1969881,25,60,2026-09-09-s1
2026-09-09 13:45:50+00:00,bench-04,2315,49.5,1,auto,-43.3,1979881,25,60,2026-09-09-s1
2026-09-09 13:46:00+00:00,bench-04,2287,50.6,1,auto,-45.2,1989879,25,60,2026-09-09-s1
2026-09-09 13:46:10+00:00,bench-04,2300,49.7,1,auto,-47.6,1999877,25,60,2026-09-09-s1
2026-09-09 13:46:20+00:00,bench-04,2301,50.6,1,auto,-45.2,2009878,25,60,2026-09-09-s1
2026-09-09 13:46:30+00:00,bench-04,2271,51.0,1,auto,-46.8,2019881,25,60,2026-09-09-s1
2026-09-09 13:46:40+00:00,bench-04,2283,50.5,1,auto,-46.8,2029877,25,60,2026-09-09-s1
2026-09-09 13:46:50+00:00,bench-04,2270,50.7,1,auto,-45.6,2039873,25,60,2026-09-09-s1
2026-09-09 13:47:00+00:00,bench-04,2286,50.5,1,auto,-46.7,2049873,25,60,2026-09-09-s1
2026-09-09 13:47:10+00:00,bench-04,2314,50.0,1,auto,-46.9,2059874,25,60,2026-09-09-s1
2026-09-09 13:47:20+00:00,bench-04,2292,51.0,1,auto,-47.0,2069869,25,60,2026-09-09-s1
2026-09-09 13:47:30+00:00,bench-04,2273,51.2,1,auto,-46.4,2079872,25,60,2026-09-09-s1
2026-09-09 13:47:40+00:00,bench-04,2270,51.5,1,auto,-48.0,2089870,25,60,2026-09-09-s1
2026-09-09 13:47:50+00:00,bench-04,2266,51.1,1,auto,-47.7,2099869,25,60,2026-09-09-s1
2026-09-09 13:48:00+00:00,bench-04,2281,51.3,1,auto,-47.1,2109868,25,60,2026-09-09-s1
2026-09-09 13:48:10+00:00,bench-04,2283,51.4,1,auto,-46.0,2119863,25,60,2026-09-09-s1
2026-09-09 13:48:20+00:00,bench-04,2262,51.2,1,auto,-45.6,2129864,25,60,2026-09-09-s1
2026-09-09 13:48:30+00:00,bench-04,2267,52.0,1,auto,-45.4,2139864,25,60,2026-09-09-s1
2026-09-09 13:48:40+00:00,bench-04,2275,51.2,1,auto,-43.0,2149861,25,60,2026-09-09-s1
2026-09-09 13:48:50+00:00,bench-04,2257,52.4,1,auto,-42.5,2159859,25,60,2026-09-09-s1
2026-09-09 13:49:00+00:00,bench-04,2259,51.9,1,auto,-41.2,2169855,25,60,2026-09-09-s1
2026-09-09 13:49:10+00:00,bench-04,2262,52.1,1,auto,-42.4,2179855,25,60,2026-09-09-s1
2026-09-09 13:49:20+00:00,bench-04,2267,51.9,1,auto,-40.5,2189857,25,60,2026-09-09-s1
2026-09-09 13:49:30+00:00,bench-04,2249,52.6,1,auto,-41.8,2199852,25,60,2026-09-09-s1
2026-09-09 13:49:40+00:00,bench-04,2257,52.0,1,auto,-42.0,2209847,25,60,2026-09-09-s1
2026-09-09 13:49:50+00:00,bench-04,2235,52.6,1,auto,-43.9,2219847,25,60,2026-09-09-s1
2026-09-09 13:50:00+00:00,bench-04,2238,52.7,1,auto,-44.5,2229848,25,60,2026-09-09-s1
2026-09-09 13:50:10+00:00,bench-04,2248,52.9,1,auto,-44.0,2239844,25,60,2026-09-09-s1
2026-09-09 13:50:20+00:00,bench-04,2240,52.7,1,auto,-44.7,2249845,25,60,2026-09-09-s1
2026-09-09 13:50:30+00:00,bench-04,0,120.0,1,auto,-44.2,2259840,25,60,2026-09-09-s1
2026-09-09 13:50:40+00:00,bench-04,2239,52.6,1,auto,-45.0,2269835,25,60,2026-09-09-s1
2026-09-09 13:50:50+00:00,bench-04,2224,53.5,1,auto,-45.6,2279839,25,60,2026-09-09-s1
2026-09-09 13:51:00+00:00,bench-04,2247,53.5,1,auto,-45.8,2289843,25,60,2026-09-09-s1
2026-09-09 13:51:10+00:00,bench-04,2226,54.1,1,auto,-46.8,2299843,25,60,2026-09-09-s1
2026-09-09 13:51:20+00:00,bench-04,2268,53.2,1,auto,-46.7,2309842,25,60,2026-09-09-s1
2026-09-09 13:51:30+00:00,bench-04,2231,53.7,1,auto,-47.2,2319843,25,60,2026-09-09-s1
2026-09-09 13:51:40+00:00,bench-04,2225,53.6,1,auto,-46.1,2329847,25,60,2026-09-09-s1
2026-09-09 13:51:50+00:00,bench-04,2240,53.6,1,auto,-46.3,2339851,25,60,2026-09-09-s1
2026-09-09 13:52:00+00:00,bench-04,2209,54.4,1,auto,-47.8,2349846,25,60,2026-09-09-s1
2026-09-09 13:52:10+00:00,bench-04,2190,54.5,1,auto,-46.9,2359841,25,60,2026-09-09-s1
2026-09-09 13:52:20+00:00,bench-04,2195,54.8,1,auto,-47.7,2369836,25,60,2026-09-09-s1
2026-09-09 13:52:30+00:00,bench-04,2191,54.6,1,auto,-48.4,2379837,25,60,2026-09-09-s1
2026-09-09 13:52:40+00:00,bench-04,2222,54.4,1,auto,-48.8,2389839,25,60,2026-09-09-s1
2026-09-09 13:52:50+00:00,bench-04,2205,54.9,1,auto,-46.7,2399834,25,60,2026-09-09-s1
2026-09-09 13:53:00+00:00,bench-04,2207,54.4,1,auto,-47.2,2409832,25,60,2026-09-09-s1
2026-09-09 13:53:10+00:00,bench-04,2227,54.2,1,auto,-47.2,2419828,25,60,2026-09-09-s1
2026-09-09 13:53:20+00:00,bench-04,2220,54.5,1,auto,-46.5,2429830,25,60,2026-09-09-s1
2026-09-09 13:53:30+00:00,bench-04,2190,54.6,1,auto,-46.7,2439829,25,60,2026-09-09-s1
2026-09-09 13:53:40+00:00,bench-04,2216,54.7,1,auto,-46.2,2449830,25,60,2026-09-09-s1
2026-09-09 13:53:50+00:00,bench-04,2203,54.8,1,auto,-48.0,2459831,25,60,2026-09-09-s1
2026-09-09 13:54:00+00:00,bench-04,2203,55.0,1,auto,-48.9,2469833,25,60,2026-09-09-s1
2026-09-09 13:54:10+00:00,bench-04,2198,55.5,1,auto,-49.5,2479831,25,60,2026-09-09-s1
2026-09-09 13:54:20+00:00,bench-04,2196,55.5,1,auto,-46.3,2489830,25,60,2026-09-09-s1
2026-09-09 13:54:30+00:00,bench-04,2198,55.4,1,auto,-46.2,2499827,25,60,2026-09-09-s1
2026-09-09 13:54:40+00:00,bench-04,2186,55.6,1,auto,-48.6,2509829,25,60,2026-09-09-s1
2026-09-09 13:54:50+00:00,bench-04,2188,55.5,1,auto,-51.4,2519830,25,60,2026-09-09-s1
2026-09-09 13:55:00+00:00,bench-04,2211,55.3,1,auto,-51.7,2529828,25,60,2026-09-09-s1
2026-09-09 13:55:10+00:00,bench-04,2176,56.1,1,auto,-50.8,2539826,25,60,2026-09-09-s1
2026-09-09 13:55:20+00:00,bench-04,2172,55.9,1,auto,-51.6,2549824,25,60,2026-09-09-s1
2026-09-09 13:55:30+00:00,bench-04,2179,56.1,1,auto,-53.0,2559826,25,60,2026-09-09-s1
2026-09-09 13:55:40+00:00,bench-04,2182,55.9,1,auto,-51.3,2569822,25,60,2026-09-09-s1
2026-09-09 13:55:50+00:00,bench-04,2191,55.9,1,auto,-51.4,2579821,25,60,2026-09-09-s1
2026-09-09 13:56:00+00:00,bench-04,2177,57.1,1,auto,-51.0,2589821,25,60,2026-09-09-s1
2026-09-09 13:56:10+00:00,bench-04,2175,55.8,1,auto,-52.6,2599824,25,60,2026-09-09-s1
2026-09-09 13:56:20+00:00,bench-04,2176,56.4,1,auto,-53.4,2609821,25,60,2026-09-09-s1
2026-09-09 13:56:30+00:00,bench-04,2158,56.3,1,auto,-54.5,2619825,25,60,2026-09-09-s1
2026-09-09 13:56:40+00:00,bench-04,2154,57.4,1,auto,-55.8,2629820,25,60,2026-09-09-s1
2026-09-09 13:56:50+00:00,bench-04,2194,56.0,1,auto,-58.0,2639815,25,60,2026-09-09-s1
2026-09-09 13:57:00+00:00,bench-04,2185,56.4,1,auto,-58.5,2649814,25,60,2026-09-09-s1
2026-09-09 13:57:10+00:00,bench-04,2166,56.6,1,auto,-60.1,2659817,25,60,2026-09-09-s1
2026-09-09 13:57:20+00:00,bench-04,2183,56.6,1,auto,-59.5,2669818,25,60,2026-09-09-s1
2026-09-09 13:57:30+00:00,bench-04,2172,57.4,1,auto,-59.6,2679815,25,60,2026-09-09-s1
2026-09-09 13:57:40+00:00,bench-04,2157,56.7,1,auto,-59.6,2689813,25,60,2026-09-09-s1
2026-09-09 13:57:50+00:00,bench-04,2157,56.8,1,auto,-59.1,2699812,25,60,2026-09-09-s1
2026-09-09 13:58:00+00:00,bench-04,2139,57.6,1,auto,-58.8,2709812,25,60,2026-09-09-s1
2026-09-09 13:58:10+00:00,bench-04,2153,58.0,1,auto,-58.2,2719809,25,60,2026-09-09-s1
2026-09-09 13:58:20+00:00,bench-04,2153,57.1,1,auto,-55.7,2729807,25,60,2026-09-09-s1
2026-09-09 13:58:30+00:00,bench-04,2163,57.7,1,auto,-55.9,2739811,25,60,2026-09-09-s1
2026-09-09 13:58:40+00:00,bench-04,2158,56.9,1,auto,-56.9,2749807,25,60,2026-09-09-s1
2026-09-09 13:58:50+00:00,bench-04,2150,58.1,1,auto,-57.7,2759811,25,60,2026-09-09-s1
2026-09-09 13:59:00+00:00,bench-04,2178,56.9,1,auto,-58.4,2769815,25,60,2026-09-09-s1
2026-09-09 13:59:10+00:00,bench-04,2159,57.7,1,auto,-59.4,2779810,25,60,2026-09-09-s1
2026-09-09 13:59:20+00:00,bench-04,2135,57.9,1,auto,-60.0,2789807,25,60,2026-09-09-s1
2026-09-09 13:59:30+00:00,bench-04,2169,57.4,1,auto,-61.9,2799804,25,60,2026-09-09-s1
2026-09-09 13:59:40+00:00,bench-04,2147,57.5,1,auto,-62.3,2809804,25,60,2026-09-09-s1
2026-09-09 13:59:50+00:00,bench-04,2140,58.4,1,auto,-61.7,2819805,25,60,2026-09-09-s1
2026-09-09 14:00:00+00:00,bench-04,2166,57.7,1,auto,-63.1,2829804,25,60,2026-09-09-s1
2026-09-09 14:00:10+00:00,bench-04,2170,57.1,1,auto,-62.6,2839806,25,60,2026-09-09-s1
2026-09-09 14:00:20+00:00,bench-04,2145,57.8,1,auto,-60.6,2849802,25,60,2026-09-09-s1
2026-09-09 14:00:30+00:00,bench-04,2134,58.6,1,auto,-59.8,2859802,25,60,2026-09-09-s1
2026-09-09 14:00:40+00:00,bench-04,2121,58.5,1,auto,-57.6,2869802,25,60,2026-09-09-s1
2026-09-09 14:00:50+00:00,bench-04,2136,58.2,1,auto,-56.4,2879800,25,60,2026-09-09-s1
2026-09-09 14:01:00+00:00,bench-04,2122,58.4,1,auto,-57.2,2889802,25,60,2026-09-09-s1
2026-09-09 14:01:10+00:00,bench-04,2104,59.0,1,auto,-58.9,2899806,25,60,2026-09-09-s1
2026-09-09 14:01:20+00:00,bench-04,2139,58.5,1,auto,-58.0,2909808,25,60,2026-09-09-s1
2026-09-09 14:01:30+00:00,bench-04,2122,59.4,1,auto,-57.1,2919806,25,60,2026-09-09-s1
2026-09-09 14:01:40+00:00,bench-04,2137,58.6,1,auto,-56.3,2929809,25,60,2026-09-09-s1
2026-09-09 14:01:50+00:00,bench-04,2114,58.5,1,auto,-55.3,2939806,25,60,2026-09-09-s1
2026-09-09 14:02:00+00:00,bench-04,2131,58.0,1,auto,-56.8,2949806,25,60,2026-09-09-s1
2026-09-09 14:02:10+00:00,bench-04,2137,58.7,1,auto,-58.7,2959803,25,60,2026-09-09-s1
2026-09-09 14:02:20+00:00,bench-04,2095,59.3,1,auto,-59.3,2969798,25,60,2026-09-09-s1
2026-09-09 14:02:30+00:00,bench-04,2133,58.7,1,auto,-62.0,2979793,25,60,2026-09-09-s1
2026-09-09 14:02:40+00:00,bench-04,2139,59.1,1,auto,-61.4,2989796,25,60,2026-09-09-s1
2026-09-09 14:02:50+00:00,bench-04,2093,59.2,1,auto,-59.7,2999796,25,60,2026-09-09-s1
2026-09-09 14:03:00+00:00,bench-04,2122,59.7,1,auto,-59.6,3009795,25,60,2026-09-09-s1
2026-09-09 14:03:10+00:00,bench-04,2131,58.9,1,auto,-57.8,3019794,25,60,2026-09-09-s1
2026-09-09 14:03:20+00:00,bench-04,2133,58.9,1,auto,-56.0,3029796,25,60,2026-09-09-s1
2026-09-09 14:03:30+00:00,bench-04,2123,59.2,1,auto,-55.3,3039794,25,60,2026-09-09-s1
2026-09-09 14:03:40+00:00,bench-04,2117,59.1,1,auto,-56.5,3049790,25,60,2026-09-09-s1
2026-09-09 14:03:50+00:00,bench-04,2119,59.5,1,auto,-56.6,3059786,25,60,2026-09-09-s1
2026-09-09 14:04:00+00:00,bench-04,2133,59.1,1,auto,-57.8,3069783,25,60,2026-09-09-s1
2026-09-09 14:04:10+00:00,bench-04,2111,59.6,1,auto,-57.5,3079779,25,60,2026-09-09-s1
2026-09-09 14:04:20+00:00,bench-04,2116,59.2,1,auto,-58.3,3089783,25,60,2026-09-09-s1
2026-09-09 14:04:30+00:00,bench-04,2093,59.9,1,auto,-56.2,3099779,25,60,2026-09-09-s1
2026-09-09 14:04:40+00:00,bench-04,2146,58.5,1,auto,-57.0,3109779,25,60,2026-09-09-s1
2026-09-09 14:04:50+00:00,bench-04,2108,59.6,1,auto,-58.9,3119774,25,60,2026-09-09-s1
2026-09-09 14:05:00+00:00,bench-04,2103,58.9,1,auto,-56.4,3129777,25,60,2026-09-09-s1
2026-09-09 14:05:10+00:00,bench-04,2119,58.9,1,auto,-56.8,3139777,25,60,2026-09-09-s1
2026-09-09 14:05:20+00:00,bench-04,2139,58.8,1,auto,-56.3,3149775,25,60,2026-09-09-s1
2026-09-09 14:05:30+00:00,bench-04,2138,59.2,1,auto,-56.4,3159779,25,60,2026-09-09-s1
2026-09-09 14:05:40+00:00,bench-04,2116,59.6,1,auto,-55.0,3169777,25,60,2026-09-09-s1
2026-09-09 14:05:50+00:00,bench-04,2118,59.1,1,auto,-55.0,3179780,25,60,2026-09-09-s1
2026-09-09 14:06:00+00:00,bench-04,2119,59.0,1,auto,-54.0,3189777,25,60,2026-09-09-s1
2026-09-09 14:06:10+00:00,bench-04,2103,59.1,1,auto,-57.3,3199773,25,60,2026-09-09-s1
2026-09-09 14:06:20+00:00,bench-04,2130,59.2,1,auto,-58.9,3209775,25,60,2026-09-09-s1
2026-09-09 14:06:30+00:00,bench-04,2118,59.0,1,auto,-59.0,3219778,25,60,2026-09-09-s1
2026-09-09 14:06:40+00:00,bench-04,2105,59.6,1,auto,-57.0,3229782,25,60,2026-09-09-s1
2026-09-09 14:06:50+00:00,bench-04,2115,59.4,1,auto,-58.6,3239786,25,60,2026-09-09-s1
2026-09-09 14:07:00+00:00,bench-04,2117,59.9,1,auto,-57.1,3249784,25,60,2026-09-09-s1
2026-09-09 14:07:10+00:00,bench-04,2114,58.7,1,auto,-56.8,3259782,25,60,2026-09-09-s1
2026-09-09 14:07:20+00:00,bench-04,2131,59.1,1,auto,-57.1,3269783,25,60,2026-09-09-s1
2026-09-09 14:07:30+00:00,bench-04,2112,59.6,1,auto,-56.2,3279783,25,60,2026-09-09-s1
2026-09-09 14:07:40+00:00,bench-04,2107,59.4,1,auto,-55.8,3289786,25,60,2026-09-09-s1
2026-09-09 14:07:50+00:00,bench-04,2124,59.2,1,auto,-56.0,3299784,25,60,2026-09-09-s1
2026-09-09 14:08:00+00:00,bench-04,2119,59.2,1,auto,-56.2,3309785,25,60,2026-09-09-s1
2026-09-09 14:08:10+00:00,bench-04,2119,58.7,1,auto,-58.9,3319782,25,60,2026-09-09-s1
2026-09-09 14:08:20+00:00,bench-04,2132,59.4,1,auto,-59.0,3329781,25,60,2026-09-09-s1
2026-09-09 14:08:30+00:00,bench-04,2092,59.6,1,auto,-57.4,3339777,25,60,2026-09-09-s1
2026-09-09 14:08:40+00:00,bench-04,2107,59.4,1,auto,-56.8,3349773,25,60,2026-09-09-s1
2026-09-09 14:08:50+00:00,bench-04,2114,59.9,1,auto,-58.3,3359775,25,60,2026-09-09-s1
2026-09-09 14:09:00+00:00,bench-04,2081,60.5,1,auto,-59.3,3369776,25,60,2026-09-09-s1
2026-09-09 14:09:10+00:00,bench-04,2097,60.0,1,auto,-59.3,3379774,25,60,2026-09-09-s1
2026-09-09 14:09:20+00:00,bench-04,2084,60.5,1,auto,-59.9,3389769,25,60,2026-09-09-s1
2026-09-09 14:09:30+00:00,bench-04,2131,59.7,1,auto,-60.4,3399769,25,60,2026-09-09-s1
2026-09-09 14:09:40+00:00,bench-04,2086,60.5,1,auto,-60.0,3409770,25,60,2026-09-09-s1
2026-09-09 14:09:50+00:00,bench-04,2098,60.1,0,auto,-59.2,3419770,25,60,2026-09-09-s1
2026-09-09 14:10:00+00:00,bench-04,2111,59.3,0,auto,-58.7,3429766,25,60,2026-09-09-s1
2026-09-09 14:10:10+00:00,bench-04,2138,57.9,0,auto,-60.4,3439765,25,60,2026-09-09-s1
2026-09-09 14:10:20+00:00,bench-04,2147,57.6,0,auto,-61.3,3449760,25,60,2026-09-09-s1
2026-09-09 14:10:30+00:00,bench-04,2179,56.9,0,auto,-62.6,3459757,25,60,2026-09-09-s1
2026-09-09 14:10:40+00:00,bench-04,2166,57.3,0,auto,-64.3,3469761,25,60,2026-09-09-s1
2026-09-09 14:10:50+00:00,bench-04,2181,56.5,0,auto,-67.0,3479759,25,60,2026-09-09-s1
2026-09-09 14:11:00+00:00,bench-04,2217,55.4,0,auto,-67.7,3489757,25,60,2026-09-09-s1
2026-09-09 14:11:10+00:00,bench-04,2159,56.2,0,auto,-69.6,3499757,25,60,2026-09-09-s1
2026-09-09 14:11:20+00:00,bench-04,2196,55.0,0,auto,-69.9,3509757,25,60,2026-09-09-s1
2026-09-09 14:11:30+00:00,bench-04,2190,54.8,0,auto,-69.7,3519755,25,60,2026-09-09-s1
2026-09-09 14:11:40+00:00,bench-04,2213,54.2,0,auto,-68.4,3529756,25,60,2026-09-09-s1
2026-09-09 14:11:50+00:00,bench-04,2245,52.4,0,auto,-67.3,3539754,25,60,2026-09-09-s1
2026-09-09 14:12:00+00:00,bench-04,2256,52.7,0,auto,-66.4,3549752,25,60,2026-09-09-s1
2026-09-09 14:12:10+00:00,bench-04,2220,52.9,0,auto,-66.4,3559754,25,60,2026-09-09-s1
2026-09-09 14:12:20+00:00,bench-04,2259,51.9,0,auto,-66.9,3569750,25,60,2026-09-09-s1
2026-09-09 14:12:30+00:00,bench-04,2285,51.3,0,auto,-68.1,3579747,25,60,2026-09-09-s1
2026-09-09 14:12:40+00:00,bench-04,2298,50.9,0,auto,-67.2,3589746,25,60,2026-09-09-s1
2026-09-09 14:12:50+00:00,bench-04,2307,50.7,0,auto,-62.8,3599741,25,60,2026-09-09-s1
2026-09-09 14:13:00+00:00,bench-04,2272,50.6,0,auto,-63.6,3609737,25,60,2026-09-09-s1
2026-09-09 14:13:10+00:00,bench-04,2330,49.1,0,auto,-61.9,3619738,25,60,2026-09-09-s1
2026-09-09 14:13:20+00:00,bench-04,2330,48.4,0,auto,-61.6,3629733,25,60,2026-09-09-s1
2026-09-09 14:13:30+00:00,bench-04,2319,48.9,0,auto,-62.4,3639732,25,60,2026-09-09-s1
2026-09-09 14:13:40+00:00,bench-04,2348,48.4,0,auto,-62.2,3649735,25,60,2026-09-09-s1
2026-09-09 14:13:50+00:00,bench-04,2350,47.9,0,auto,-63.6,3659737,25,60,2026-09-09-s1
2026-09-09 14:14:00+00:00,bench-04,2373,47.0,0,auto,-64.7,3669733,25,60,2026-09-09-s1
2026-09-09 14:14:10+00:00,bench-04,2381,45.9,0,auto,-63.1,3679729,25,60,2026-09-09-s1
2026-09-09 14:14:20+00:00,bench-04,2349,46.7,0,auto,-64.4,3689730,25,60,2026-09-09-s1
2026-09-09 14:14:30+00:00,bench-04,2353,46.4,0,auto,-65.0,3699728,25,60,2026-09-09-s1
2026-09-09 14:14:40+00:00,bench-04,2376,45.8,0,auto,-64.9,3709728,25,60,2026-09-09-s1
2026-09-09 14:14:50+00:00,bench-04,2388,45.5,0,auto,-67.0,3719728,25,60,2026-09-09-s1
2026-09-09 14:15:00+00:00,bench-04,2386,44.5,0,auto,-65.5,3729729,25,60,2026-09-09-s1
2026-09-09 14:15:10+00:00,bench-04,2397,44.6,0,auto,-64.9,3739731,25,60,2026-09-09-s1
2026-09-09 14:15:20+00:00,bench-04,2407,44.9,0,auto,-65.5,3749733,25,60,2026-09-09-s1
2026-09-09 14:15:30+00:00,bench-04,2425,43.1,0,auto,-64.8,3759730,25,60,2026-09-09-s1
2026-09-09 14:15:40+00:00,bench-04,2449,42.5,0,auto,-66.5,3769728,25,60,2026-09-09-s1
2026-09-09 14:15:50+00:00,bench-04,2443,42.9,0,auto,-67.8,3779725,25,60,2026-09-09-s1
2026-09-09 14:16:00+00:00,bench-04,2457,42.9,0,auto,-65.6,3789724,25,60,2026-09-09-s1
2026-09-09 14:16:10+00:00,bench-04,2441,42.5,0,auto,-66.7,3799723,25,60,2026-09-09-s1
2026-09-09 14:16:20+00:00,bench-04,2436,41.8,0,auto,-67.6,3809719,25,60,2026-09-09-s1
2026-09-09 14:16:30+00:00,bench-04,2451,42.0,0,auto,-67.2,3819720,25,60,2026-09-09-s1
2026-09-09 14:16:40+00:00,bench-04,2468,41.9,0,auto,-67.8,3829715,25,60,2026-09-09-s1
2026-09-09 14:16:50+00:00,bench-04,2463,41.1,0,auto,-69.0,3839719,25,60,2026-09-09-s1
2026-09-09 14:17:00+00:00,bench-04,2476,40.8,0,auto,-70.0,3849717,25,60,2026-09-09-s1
2026-09-09 14:17:10+00:00,bench-04,2487,40.5,0,auto,-69.5,3859712,25,60,2026-09-09-s1
2026-09-09 14:17:20+00:00,bench-04,2479,40.5,0,auto,-68.9,3869709,25,60,2026-09-09-s1
2026-09-09 14:17:30+00:00,bench-04,2490,40.1,0,auto,-68.5,3879708,25,60,2026-09-09-s1
2026-09-09 14:17:40+00:00,bench-04,2511,39.6,0,auto,-66.9,3889711,25,60,2026-09-09-s1
2026-09-09 14:17:50+00:00,bench-04,2511,39.4,0,auto,-66.4,3899710,25,60,2026-09-09-s1
2026-09-09 14:18:00+00:00,bench-04,2529,38.9,0,auto,-64.8,3909707,25,60,2026-09-09-s1
2026-09-09 14:18:10+00:00,bench-04,2516,38.7,0,auto,-63.2,3919703,25,60,2026-09-09-s1
2026-09-09 14:18:20+00:00,bench-04,2525,38.2,0,auto,-66.6,3929706,25,60,2026-09-09-s1
2026-09-09 14:18:30+00:00,bench-04,2537,38.1,0,auto,-64.5,3939709,25,60,2026-09-09-s1
2026-09-09 14:18:40+00:00,bench-04,2535,37.8,0,auto,-62.9,3949712,25,60,2026-09-09-s1
2026-09-09 14:18:50+00:00,bench-04,2533,37.6,0,auto,-65.2,3959709,25,60,2026-09-09-s1
2026-09-09 14:19:00+00:00,bench-04,2552,36.9,0,auto,-64.9,3969711,25,60,2026-09-09-s1
2026-09-09 14:19:10+00:00,bench-04,2572,36.3,0,auto,-65.6,3979711,25,60,2026-09-09-s1
2026-09-09 14:19:20+00:00,bench-04,2571,36.3,0,auto,-65.3,3989714,25,60,2026-09-09-s1
2026-09-09 14:19:30+00:00,bench-04,2587,36.3,0,auto,-66.1,3999713,25,60,2026-09-09-s1
2026-09-09 14:19:40+00:00,bench-04,2570,35.8,0,auto,-68.5,4009712,25,60,2026-09-09-s1
2026-09-09 14:19:50+00:00,bench-04,2584,35.5,0,auto,-68.8,4019708,25,60,2026-09-09-s1
2026-09-09 14:20:00+00:00,bench-04,2607,34.5,0,auto,-68.8,4029709,25,60,2026-09-09-s1
2026-09-09 14:20:10+00:00,bench-04,2582,35.7,0,auto,-69.0,4039708,25,60,2026-09-09-s1
2026-09-09 14:20:20+00:00,bench-04,2617,34.5,0,auto,-68.0,4049708,25,60,2026-09-09-s1
2026-09-09 14:20:30+00:00,bench-04,2647,34.1,0,auto,-68.4,4059707,25,60,2026-09-09-s1
2026-09-09 14:20:40+00:00,bench-04,2618,34.6,0,auto,-67.4,4069703,25,60,2026-09-09-s1
2026-09-09 14:20:50+00:00,bench-04,2644,33.2,0,auto,-65.9,4079704,25,60,2026-09-09-s1
2026-09-09 14:21:00+00:00,bench-04,2620,33.5,0,auto,-65.2,4089702,25,60,2026-09-09-s1
2026-09-09 14:21:10+00:00,bench-04,2637,33.2,0,auto,-66.4,4099701,25,60,2026-09-09-s1
2026-09-09 14:21:20+00:00,bench-04,2654,32.7,0,auto,-66.2,4109701,25,60,2026-09-09-s1
2026-09-09 14:21:30+00:00,bench-04,2659,32.5,0,auto,-67.6,4119698,25,60,2026-09-09-s1
2026-09-09 14:21:40+00:00,bench-04,2648,32.3,0,auto,-67.6,4129696,25,60,2026-09-09-s1
2026-09-09 14:21:50+00:00,bench-04,2663,32.0,0,auto,-66.1,4139695,25,60,2026-09-09-s1
2026-09-09 14:22:00+00:00,bench-04,2690,31.6,0,auto,-66.0,4149699,25,60,2026-09-09-s1
2026-09-09 14:22:10+00:00,bench-04,2637,32.1,0,auto,-67.3,4159696,25,60,2026-09-09-s1
2026-09-09 14:22:20+00:00,bench-04,2666,31.0,0,auto,-68.0,4169698,25,60,2026-09-09-s1
2026-09-09 14:22:30+00:00,bench-04,2661,31.0,0,auto,-69.7,4179693,25,60,2026-09-09-s1
2026-09-09 14:22:40+00:00,bench-04,2676,31.2,0,auto,-71.1,4189689,25,60,2026-09-09-s1
2026-09-09 14:22:50+00:00,bench-04,2692,30.4,0,auto,-70.4,4199684,25,60,2026-09-09-s1
2026-09-09 14:23:00+00:00,bench-04,2682,30.6,0,auto,-68.9,4209679,25,60,2026-09-09-s1
2026-09-09 14:23:10+00:00,bench-04,2684,29.6,0,auto,-69.0,4219676,25,60,2026-09-09-s1
2026-09-09 14:23:20+00:00,bench-04,2677,30.3,0,auto,-70.0,4229673,25,60,2026-09-09-s1
2026-09-09 14:23:30+00:00,bench-04,2683,30.2,0,auto,-66.1,4239674,25,60,2026-09-09-s1
2026-09-09 14:23:40+00:00,bench-04,2710,29.2,0,auto,-68.0,4249677,25,60,2026-09-09-s1
2026-09-09 14:23:50+00:00,bench-04,2691,29.8,0,auto,-66.9,4259674,25,60,2026-09-09-s1
2026-09-09 14:24:00+00:00,bench-04,2718,28.9,0,auto,-67.0,4269674,25,60,2026-09-09-s1
2026-09-09 14:24:10+00:00,bench-04,2692,29.1,0,auto,-67.4,4279674,25,60,2026-09-09-s1
2026-09-09 14:24:20+00:00,bench-04,2701,29.3,0,auto,-69.1,4289670,25,60,2026-09-09-s1
2026-09-09 14:24:30+00:00,bench-04,2714,29.1,0,auto,-69.8,4299674,25,60,2026-09-09-s1
2026-09-09 14:24:40+00:00,bench-04,2740,28.2,0,auto,-71.2,4309673,25,60,2026-09-09-s1
2026-09-09 14:24:50+00:00,bench-04,2740,27.4,0,auto,-70.6,4319677,25,60,2026-09-09-s1
2026-09-09 14:25:00+00:00,bench-04,2742,27.8,0,auto,-70.6,4329681,25,60,2026-09-09-s1
2026-09-09 14:25:10+00:00,bench-04,2746,28.1,0,auto,-70.5,4339685,25,60,2026-09-09-s1
2026-09-09 14:25:20+00:00,bench-04,2746,27.3,0,auto,-70.3,4349682,25,60,2026-09-09-s1
2026-09-09 14:25:30+00:00,bench-04,2786,26.7,0,auto,-68.6,4359685,25,60,2026-09-09-s1
2026-09-09 14:25:40+00:00,bench-04,2783,26.7,0,auto,-68.5,4369680,25,60,2026-09-09-s1
2026-09-09 14:25:50+00:00,bench-04,2745,27.6,0,auto,-69.0,4379682,25,60,2026-09-09-s1
2026-09-09 14:26:00+00:00,bench-04,2772,26.8,0,auto,-68.4,4389678,25,60,2026-09-09-s1
2026-09-09 14:26:10+00:00,bench-04,2761,26.6,0,auto,-67.6,4399674,25,60,2026-09-09-s1
2026-09-09 14:26:20+00:00,bench-04,2750,26.7,0,auto,-67.8,4409671,25,60,2026-09-09-s1
2026-09-09 14:26:30+00:00,bench-04,2785,26.4,0,auto,-67.5,4419667,25,60,2026-09-09-s1
2026-09-09 14:26:40+00:00,bench-04,2766,26.7,0,auto,-68.6,4429664,25,60,2026-09-09-s1
2026-09-09 14:26:50+00:00,bench-04,2759,26.4,0,auto,-67.8,4439659,25,60,2026-09-09-s1
2026-09-09 14:27:00+00:00,bench-04,2782,25.4,0,auto,-68.2,4449662,25,60,2026-09-09-s1
2026-09-09 14:27:10+00:00,bench-04,2785,25.6,0,auto,-67.4,4459659,25,60,2026-09-09-s1
2026-09-09 14:27:20+00:00,bench-04,2792,25.5,0,auto,-67.8,4469663,25,60,2026-09-09-s1
2026-09-09 14:27:30+00:00,bench-04,2790,25.5,0,auto,-67.7,4479665,25,60,2026-09-09-s1
2026-09-09 14:27:40+00:00,bench-04,2778,25.6,0,auto,-68.7,4489663,25,60,2026-09-09-s1
2026-09-09 14:27:50+00:00,bench-04,2782,25.3,0,auto,-68.7,4499663,25,60,2026-09-09-s1
2026-09-09 14:28:00+00:00,bench-04,2774,25.9,1,auto,-68.8,4509663,25,60,2026-09-09-s1
2026-09-09 14:28:10+00:00,bench-04,2802,25.9,1,auto,-67.9,4519665,25,60,2026-09-09-s1
2026-09-09 14:28:20+00:00,bench-04,2778,26.7,1,auto,-67.6,4529660,25,60,2026-09-09-s1
2026-09-09 14:28:30+00:00,bench-04,2762,26.5,1,auto,-66.6,4539662,25,60,2026-09-09-s1
2026-09-09 14:28:40+00:00,bench-04,2743,26.3,1,auto,-67.2,4549660,25,60,2026-09-09-s1
2026-09-09 14:28:50+00:00,bench-04,2728,27.4,1,auto,-66.7,4559660,25,60,2026-09-09-s1
2026-09-09 14:29:00+00:00,bench-04,2756,27.7,1,auto,-66.0,4569659,25,60,2026-09-09-s1
2026-09-09 14:29:10+00:00,bench-04,2718,27.6,1,auto,-64.2,4579656,25,60,2026-09-09-s1
2026-09-09 14:29:20+00:00,bench-04,2734,27.7,1,auto,-63.5,4589651,25,60,2026-09-09-s1
2026-09-09 14:29:30+00:00,bench-04,2727,29.1,1,auto,-62.8,4599652,25,60,2026-09-09-s1
2026-09-09 14:29:40+00:00,bench-04,2718,28.5,1,auto,-62.4,4609652,25,60,2026-09-09-s1
2026-09-09 14:29:50+00:00,bench-04,2696,29.8,1,auto,-61.7,4619655,25,60,2026-09-09-s1
2026-09-09 14:30:00+00:00,bench-04,2709,29.3,1,auto,-62.0,4629659,25,60,2026-09-09-s1
2026-09-09 14:30:10+00:00,bench-04,2672,30.7,1,auto,-61.9,4639661,25,60,2026-09-09-s1
2026-09-09 14:30:20+00:00,bench-04,2679,30.0,1,auto,-61.7,4649656,25,60,2026-09-09-s1
2026-09-09 14:30:30+00:00,bench-04,2689,31.4,1,auto,-60.1,4659652,25,60,2026-09-09-s1
2026-09-09 14:30:40+00:00,bench-04,2679,31.4,1,auto,-58.3,4669654,25,60,2026-09-09-s1
2026-09-09 14:30:50+00:00,bench-04,2656,32.2,1,auto,-59.3,4679651,25,60,2026-09-09-s1
2026-09-09 14:31:00+00:00,bench-04,2649,32.3,1,auto,-60.3,4689654,25,60,2026-09-09-s1
2026-09-09 14:31:10+00:00,bench-04,2657,32.1,1,auto,-59.3,4699652,25,60,2026-09-09-s1
2026-09-09 14:31:20+00:00,bench-04,2640,33.1,1,auto,-59.3,4709650,25,60,2026-09-09-s1
2026-09-09 14:31:30+00:00,bench-04,2645,32.6,1,auto,-60.7,4719645,25,60,2026-09-09-s1
2026-09-09 14:31:40+00:00,bench-04,2631,32.5,1,auto,-59.5,4729640,25,60,2026-09-09-s1
2026-09-09 14:31:50+00:00,bench-04,2637,33.7,1,auto,-58.1,4739642,25,60,2026-09-09-s1
2026-09-09 14:32:00+00:00,bench-04,2626,33.6,1,auto,-58.1,4749642,25,60,2026-09-09-s1
2026-09-09 14:32:10+00:00,bench-04,2610,34.6,1,auto,-57.9,4759637,25,60,2026-09-09-s1
2026-09-09 14:32:20+00:00,bench-04,2618,33.9,1,auto,-58.3,4769638,25,60,2026-09-09-s1
2026-09-09 14:32:30+00:00,bench-04,2584,34.9,1,auto,-59.6,4779641,25,60,2026-09-09-s1
2026-09-09 14:32:40+00:00,bench-04,2570,35.1,1,auto,-60.5,4789641,25,60,2026-09-09-s1
2026-09-09 14:32:50+00:00,bench-04,2598,35.2,1,auto,-61.2,4799637,25,60,2026-09-09-s1
2026-09-09 14:33:00+00:00,bench-04,2588,35.7,1,auto,-63.3,4809637,25,60,2026-09-09-s1
2026-09-09 14:33:10+00:00,bench-04,2587,35.4,1,auto,-65.1,4819640,25,60,2026-09-09-s1
2026-09-09 14:33:20+00:00,bench-04,2583,36.2,1,auto,-65.8,4829641,25,60,2026-09-09-s1
2026-09-09 14:33:30+00:00,bench-04,2582,36.5,1,auto,-65.8,4839640,25,60,2026-09-09-s1
2026-09-09 14:33:40+00:00,bench-04,2552,36.2,1,auto,-68.5,4849635,25,60,2026-09-09-s1
2026-09-09 14:33:50+00:00,bench-04,2558,37.1,1,auto,-71.9,4859632,25,60,2026-09-09-s1
2026-09-09 14:34:00+00:00,bench-04,2545,37.0,1,auto,-69.2,4869634,25,60,2026-09-09-s1
2026-09-09 14:34:10+00:00,bench-04,2551,37.0,1,auto,-68.7,4879637,25,60,2026-09-09-s1
2026-09-09 14:34:20+00:00,bench-04,2548,38.3,1,auto,-70.6,4889641,25,60,2026-09-09-s1
2026-09-09 14:34:30+00:00,bench-04,2527,38.2,1,auto,-70.2,4899642,25,60,2026-09-09-s1
2026-09-09 14:34:40+00:00,bench-04,2550,38.5,1,auto,-69.9,4909645,25,60,2026-09-09-s1
2026-09-09 14:34:50+00:00,bench-04,2532,38.7,1,auto,-68.6,4919649,25,60,2026-09-09-s1
2026-09-09 14:35:00+00:00,bench-04,2526,38.8,1,auto,-70.6,4929645,25,60,2026-09-09-s1
2026-09-09 14:35:10+00:00,bench-04,2496,39.4,1,auto,-68.3,4939648,25,60,2026-09-09-s1
2026-09-09 14:35:20+00:00,bench-04,2502,40.0,1,auto,-69.0,4949646,25,60,2026-09-09-s1
2026-09-09 14:35:30+00:00,bench-04,2504,39.8,1,auto,-71.1,4959649,25,60,2026-09-09-s1
2026-09-09 14:35:40+00:00,bench-04,2480,40.7,1,auto,-71.1,4969650,25,60,2026-09-09-s1
2026-09-09 14:35:50+00:00,bench-04,2489,40.4,1,auto,-70.3,4979651,25,60,2026-09-09-s1
2026-09-09 14:36:00+00:00,bench-04,2497,40.3,1,auto,-69.3,4989652,25,60,2026-09-09-s1
2026-09-09 14:36:10+00:00,bench-04,2478,41.2,1,auto,-70.7,4999650,25,60,2026-09-09-s1
2026-09-09 14:36:20+00:00,bench-04,2490,40.7,1,auto,-73.6,5009649,25,60,2026-09-09-s1
2026-09-09 14:36:30+00:00,bench-04,2447,41.8,1,auto,-72.6,5019645,25,60,2026-09-09-s1
2026-09-09 14:36:40+00:00,bench-04,2471,41.3,1,auto,-71.7,5029648,25,60,2026-09-09-s1
2026-09-09 14:36:50+00:00,bench-04,2471,41.5,1,auto,-70.6,5039646,25,60,2026-09-09-s1
2026-09-09 14:37:00+00:00,bench-04,2481,41.7,1,auto,-69.3,5049644,25,60,2026-09-09-s1
2026-09-09 14:37:10+00:00,bench-04,2450,42.2,1,auto,-70.7,5059643,25,60,2026-09-09-s1
2026-09-09 14:37:20+00:00,bench-04,2449,42.9,1,auto,-70.6,5069638,25,60,2026-09-09-s1
2026-09-09 14:37:30+00:00,bench-04,2450,43.1,1,auto,-69.3,5079639,25,60,2026-09-09-s1
2026-09-09 14:37:40+00:00,bench-04,2446,42.7,1,auto,-71.0,5089643,25,60,2026-09-09-s1
2026-09-09 14:37:50+00:00,bench-04,2429,43.0,1,auto,-69.2,5099647,25,60,2026-09-09-s1
2026-09-09 14:38:00+00:00,bench-04,2417,43.0,1,auto,-69.7,5109644,25,60,2026-09-09-s1
2026-09-09 14:38:10+00:00,bench-04,2426,43.2,1,auto,-69.0,5119643,25,60,2026-09-09-s1
2026-09-09 14:38:20+00:00,bench-04,2441,43.5,1,auto,-71.5,5129643,25,60,2026-09-09-s1
2026-09-09 14:38:30+00:00,bench-04,2433,43.8,1,auto,-73.0,5139642,25,60,2026-09-09-s1
2026-09-09 14:38:40+00:00,bench-04,2415,44.6,1,auto,-72.1,5149643,25,60,2026-09-09-s1
2026-09-09 14:38:50+00:00,bench-04,2399,44.7,1,auto,-70.7,5159645,25,60,2026-09-09-s1
2026-09-09 14:39:00+00:00,bench-04,2392,45.0,1,auto,-72.0,5169649,25,60,2026-09-09-s1
2026-09-09 14:39:10+00:00,bench-04,2396,45.1,1,auto,-72.3,5179650,25,60,2026-09-09-s1
2026-09-09 14:39:20+00:00,bench-04,2380,45.8,1,auto,-71.0,5189647,25,60,2026-09-09-s1
2026-09-09 14:39:30+00:00,bench-04,2391,45.2,1,auto,-70.5,5199642,25,60,2026-09-09-s1
2026-09-09 14:39:40+00:00,bench-04,2379,45.5,1,auto,-70.3,5209645,25,60,2026-09-09-s1
2026-09-09 14:39:50+00:00,bench-04,2389,45.7,1,auto,-69.7,5219640,25,60,2026-09-09-s1
2026-09-09 14:40:00+00:00,bench-04,2380,46.0,1,auto,-69.1,5229640,25,60,2026-09-09-s1
2026-09-09 14:40:10+00:00,bench-04,2383,45.7,1,auto,-67.1,5239639,25,60,2026-09-09-s1
2026-09-09 14:40:20+00:00,bench-04,2370,46.1,1,auto,-69.1,5249638,25,60,2026-09-09-s1
2026-09-09 14:40:30+00:00,bench-04,2387,45.6,1,auto,-68.2,5259634,25,60,2026-09-09-s1
2026-09-09 14:40:40+00:00,bench-04,2361,47.6,1,auto,-68.1,5269635,25,60,2026-09-09-s1
2026-09-09 14:40:50+00:00,bench-04,2337,47.2,1,auto,-68.1,5279634,25,60,2026-09-09-s1
2026-09-09 14:41:00+00:00,bench-04,2361,46.7,1,auto,-67.7,5289631,25,60,2026-09-09-s1
2026-09-09 14:41:10+00:00,bench-04,2351,47.3,1,auto,-65.8,5299629,25,60,2026-09-09-s1
2026-09-09 14:41:20+00:00,bench-04,2350,47.3,1,auto,-64.8,5309632,25,60,2026-09-09-s1
2026-09-09 14:41:30+00:00,bench-04,2351,47.6,1,auto,-67.0,5319627,25,60,2026-09-09-s1
2026-09-09 14:41:40+00:00,bench-04,2345,47.7,1,auto,-65.6,5329625,25,60,2026-09-09-s1
2026-09-09 14:41:50+00:00,bench-04,2348,47.6,1,auto,-63.1,5339623,25,60,2026-09-09-s1
2026-09-09 14:42:00+00:00,bench-04,2349,47.8,1,auto,-61.8,5349626,25,60,2026-09-09-s1
2026-09-09 14:42:10+00:00,bench-04,2324,47.7,1,auto,-59.9,5359626,25,60,2026-09-09-s1
2026-09-09 14:42:20+00:00,bench-04,2326,47.8,1,auto,-61.5,5369627,25,60,2026-09-09-s1
2026-09-09 14:42:30+00:00,bench-04,2311,48.6,1,auto,-61.4,5379623,25,60,2026-09-09-s1
2026-09-09 14:42:40+00:00,bench-04,2327,49.3,1,auto,-62.5,5389621,25,60,2026-09-09-s1
2026-09-09 14:42:50+00:00,bench-04,2348,48.5,1,auto,-61.7,5399621,25,60,2026-09-09-s1
2026-09-09 14:43:00+00:00,bench-04,2305,49.4,1,auto,-62.6,5409623,25,60,2026-09-09-s1
2026-09-09 14:43:10+00:00,bench-04,2295,49.9,1,auto,-62.2,5419625,25,60,2026-09-09-s1
2026-09-09 14:43:20+00:00,bench-04,2333,48.9,1,auto,-61.7,5429626,25,60,2026-09-09-s1
2026-09-09 14:43:30+00:00,bench-04,2298,49.7,1,auto,-61.4,5439630,25,60,2026-09-09-s1
2026-09-09 14:43:40+00:00,bench-04,2320,49.5,1,auto,-60.8,5449628,25,60,2026-09-09-s1
2026-09-09 14:43:50+00:00,bench-04,2307,49.6,1,auto,-60.2,5459625,25,60,2026-09-09-s1
2026-09-09 14:44:00+00:00,bench-04,2313,49.8,1,auto,-60.0,5469621,25,60,2026-09-09-s1
2026-09-09 14:44:10+00:00,bench-04,2281,50.2,1,auto,-60.6,5479624,25,60,2026-09-09-s1
2026-09-09 14:44:20+00:00,bench-04,2291,50.4,1,auto,-61.8,5489622,25,60,2026-09-09-s1
2026-09-09 14:44:30+00:00,bench-04,2279,50.2,1,auto,-62.6,5499617,25,60,2026-09-09-s1
2026-09-09 14:44:40+00:00,bench-04,2271,50.2,1,auto,-63.2,5509621,25,60,2026-09-09-s1
2026-09-09 14:44:50+00:00,bench-04,2293,50.5,1,auto,-64.1,5519619,25,60,2026-09-09-s1
2026-09-09 14:45:00+00:00,bench-04,2270,51.3,1,auto,-64.6,5529616,25,60,2026-09-09-s1
2026-09-09 14:45:10+00:00,bench-04,2281,51.2,1,auto,-66.6,5539618,25,60,2026-09-09-s1
2026-09-09 14:45:20+00:00,bench-04,2270,51.2,1,auto,-67.9,5549618,25,60,2026-09-09-s1
2026-09-09 14:45:30+00:00,bench-04,2270,51.0,1,auto,-67.4,5559617,25,60,2026-09-09-s1
2026-09-09 14:45:40+00:00,bench-04,2268,51.8,1,auto,-65.8,5569618,25,60,2026-09-09-s1
2026-09-09 14:45:50+00:00,bench-04,2294,51.4,1,auto,-65.8,5579616,25,60,2026-09-09-s1
2026-09-09 14:46:00+00:00,bench-04,2271,51.4,1,auto,-66.3,5589618,25,60,2026-09-09-s1
2026-09-09 14:46:10+00:00,bench-04,2251,52.5,1,auto,-65.9,5599619,25,60,2026-09-09-s1
2026-09-09 14:46:20+00:00,bench-04,2237,52.6,1,auto,-64.5,5609615,25,60,2026-09-09-s1
2026-09-09 14:46:30+00:00,bench-04,2254,51.8,1,auto,-63.8,5619612,25,60,2026-09-09-s1
2026-09-09 14:46:40+00:00,bench-04,2252,52.4,1,auto,-65.2,5629611,25,60,2026-09-09-s1
2026-09-09 14:46:50+00:00,bench-04,2252,52.7,1,auto,-66.2,5639606,25,60,2026-09-09-s1
2026-09-09 14:47:00+00:00,bench-04,2247,52.8,1,auto,-65.1,5649609,25,60,2026-09-09-s1
2026-09-09 14:47:10+00:00,bench-04,2232,53.0,1,auto,-67.9,5659610,25,60,2026-09-09-s1
2026-09-09 14:47:20+00:00,bench-04,2242,52.5,1,auto,-66.8,5669612,25,60,2026-09-09-s1
2026-09-09 14:47:30+00:00,bench-04,2245,52.9,1,auto,-67.5,5679614,25,60,2026-09-09-s1
2026-09-09 14:47:40+00:00,bench-04,2233,53.0,1,auto,-67.4,5689610,25,60,2026-09-09-s1
2026-09-09 14:47:50+00:00,bench-04,2258,53.3,1,auto,-68.1,5699610,25,60,2026-09-09-s1
2026-09-09 14:48:00+00:00,bench-04,2224,54.4,1,auto,-65.9,5709610,25,60,2026-09-09-s1
2026-09-09 14:48:10+00:00,bench-04,2218,53.8,1,auto,-68.2,5719614,25,60,2026-09-09-s1
2026-09-09 14:48:20+00:00,bench-04,2234,54.2,1,auto,-68.8,5729616,25,60,2026-09-09-s1
2026-09-09 14:48:30+00:00,bench-04,2208,54.4,1,auto,-71.4,5739617,25,60,2026-09-09-s1
2026-09-09 14:48:40+00:00,bench-04,2197,54.8,1,auto,-71.9,5749621,25,60,2026-09-09-s1
2026-09-09 14:48:50+00:00,bench-04,2213,55.0,1,auto,-72.1,5759623,25,60,2026-09-09-s1
2026-09-09 14:49:00+00:00,bench-04,2233,54.1,1,auto,-71.4,5769625,25,60,2026-09-09-s1
2026-09-09 14:49:10+00:00,bench-04,2214,55.1,1,auto,-70.8,5779621,25,60,2026-09-09-s1
2026-09-09 14:49:20+00:00,bench-04,2225,54.1,1,auto,-70.1,5789616,25,60,2026-09-09-s1
2026-09-09 14:49:30+00:00,bench-04,2226,54.2,1,auto,-70.9,5799617,25,60,2026-09-09-s1
2026-09-09 14:49:40+00:00,bench-04,2195,54.7,1,auto,-71.1,5809616,25,60,2026-09-09-s1
2026-09-09 14:49:50+00:00,bench-04,2187,54.8,1,auto,-70.4,5819614,25,60,2026-09-09-s1
2026-09-09 14:50:00+00:00,bench-04,2195,55.2,1,auto,-72.7,5829612,25,60,2026-09-09-s1
2026-09-09 14:50:10+00:00,bench-04,2190,55.3,1,auto,-72.1,5839611,25,60,2026-09-09-s1
2026-09-09 14:50:20+00:00,bench-04,2194,55.8,1,auto,-73.3,5849613,25,60,2026-09-09-s1
2026-09-09 14:50:30+00:00,bench-04,2216,54.8,1,auto,-72.3,5859608,25,60,2026-09-09-s1
2026-09-09 14:50:40+00:00,bench-04,2198,55.5,1,auto,-73.7,5869608,25,60,2026-09-09-s1
2026-09-09 14:50:50+00:00,bench-04,2233,54.9,1,auto,-73.0,5879608,25,60,2026-09-09-s1
2026-09-09 14:51:00+00:00,bench-04,2174,55.7,1,auto,-73.5,5889612,25,60,2026-09-09-s1
2026-09-09 14:51:20+00:00,bench-04,2171,55.9,1,auto,-72.8,5909611,25,60,2026-09-09-s1
2026-09-09 14:51:30+00:00,bench-04,2192,56.0,1,auto,-70.6,5919612,25,60,2026-09-09-s1
2026-09-09 14:51:40+00:00,bench-04,2182,55.9,1,auto,-71.2,5929607,25,60,2026-09-09-s1
2026-09-09 14:51:50+00:00,bench-04,2172,55.8,1,auto,-71.8,5939605,25,60,2026-09-09-s1
2026-09-09 14:52:00+00:00,bench-04,2160,56.5,1,auto,-72.7,5949604,25,60,2026-09-09-s1
2026-09-09 14:52:10+00:00,bench-04,2195,55.7,1,auto,-73.6,5959603,25,60,2026-09-09-s1
2026-09-09 14:52:20+00:00,bench-04,2172,56.3,1,auto,-72.7,5969605,25,60,2026-09-09-s1
2026-09-09 14:52:30+00:00,bench-04,2180,56.6,1,auto,-72.4,5979602,25,60,2026-09-09-s1
2026-09-09 14:52:40+00:00,bench-04,2182,56.5,1,auto,-72.2,5989604,25,60,2026-09-09-s1
2026-09-09 14:52:50+00:00,bench-04,2185,56.2,1,auto,-71.4,5999608,25,60,2026-09-09-s1
2026-09-09 14:53:00+00:00,bench-04,2169,56.4,1,auto,-70.8,6009603,25,60,2026-09-09-s1
2026-09-09 14:53:10+00:00,bench-04,2138,56.9,1,auto,-70.9,6019598,25,60,2026-09-09-s1
2026-09-09 14:53:20+00:00,bench-04,2153,57.2,1,auto,-72.9,6029596,25,60,2026-09-09-s1
2026-09-09 14:53:30+00:00,bench-04,2165,57.6,1,auto,-73.4,6039593,25,60,2026-09-09-s1
2026-09-09 14:53:40+00:00,bench-04,2149,57.4,1,auto,-72.0,6049588,25,60,2026-09-09-s1
2026-09-09 14:53:50+00:00,bench-04,2148,57.4,1,auto,-69.0,6059584,25,60,2026-09-09-s1
2026-09-09 14:54:00+00:00,bench-04,2161,57.9,1,auto,-69.0,6069579,25,60,2026-09-09-s1
2026-09-09 14:54:10+00:00,bench-04,2173,57.2,1,auto,-67.7,6079576,25,60,2026-09-09-s1
2026-09-09 14:54:20+00:00,bench-04,2162,56.9,1,auto,-66.9,6089572,25,60,2026-09-09-s1
2026-09-09 14:54:30+00:00,bench-04,2137,58.2,1,auto,-67.4,6099573,25,60,2026-09-09-s1
2026-09-09 14:54:40+00:00,bench-04,2125,57.6,1,auto,-67.7,6109572,25,60,2026-09-09-s1
2026-09-09 14:54:50+00:00,bench-04,2142,58.2,1,auto,-67.7,6119568,25,60,2026-09-09-s1
2026-09-09 14:55:00+00:00,bench-04,2141,57.9,1,auto,-68.1,6129568,25,60,2026-09-09-s1
2026-09-09 14:55:10+00:00,bench-04,2103,58.5,1,auto,-69.1,6139570,25,60,2026-09-09-s1
2026-09-09 14:55:20+00:00,bench-04,2146,58.3,1,auto,-69.8,6149565,25,60,2026-09-09-s1
2026-09-09 14:55:30+00:00,bench-04,2134,58.6,1,auto,-71.3,6159560,25,60,2026-09-09-s1
2026-09-09 14:55:40+00:00,bench-04,2134,58.5,1,auto,-71.8,6169558,25,60,2026-09-09-s1
2026-09-09 14:55:50+00:00,bench-04,2119,58.3,1,auto,-71.4,6179559,25,60,2026-09-09-s1
2026-09-09 14:56:00+00:00,bench-04,2110,58.8,1,auto,-69.1,6189557,25,60,2026-09-09-s1
2026-09-09 14:56:10+00:00,bench-04,2145,58.2,1,auto,-72.0,6199557,25,60,2026-09-09-s1
2026-09-09 14:56:20+00:00,bench-04,2108,59.0,1,auto,-72.4,6209556,25,60,2026-09-09-s1
2026-09-09 14:56:30+00:00,bench-04,2104,58.4,1,auto,-71.9,6219553,25,60,2026-09-09-s1
2026-09-09 14:56:40+00:00,bench-04,2131,58.4,1,auto,-71.6,6229550,25,60,2026-09-09-s1
2026-09-09 14:56:50+00:00,bench-04,2111,59.6,1,auto,-71.7,6239546,25,60,2026-09-09-s1
2026-09-09 14:57:00+00:00,bench-04,2119,60.0,1,auto,-71.6,6249546,25,60,2026-09-09-s1
2026-09-09 14:57:10+00:00,bench-04,2105,58.8,1,auto,-72.7,6259544,25,60,2026-09-09-s1
2026-09-09 14:57:20+00:00,bench-04,2117,59.3,1,auto,-70.3,6269548,25,60,2026-09-09-s1
2026-09-09 14:57:30+00:00,bench-04,2142,59.2,1,auto,-72.0,6279545,25,60,2026-09-09-s1
2026-09-09 14:57:40+00:00,bench-04,2117,59.0,1,auto,-72.8,6289543,25,60,2026-09-09-s1
2026-09-09 14:57:50+00:00,bench-04,4095,-20.0,1,auto,-72.3,6299542,25,60,2026-09-09-s1
2026-09-09 14:58:00+00:00,bench-04,2126,59.3,1,auto,-72.4,6309546,25,60,2026-09-09-s1
2026-09-09 14:58:10+00:00,bench-04,2105,59.5,1,auto,-71.9,6319546,25,60,2026-09-09-s1
2026-09-09 14:58:20+00:00,bench-04,2143,58.5,1,auto,-72.1,6329543,25,60,2026-09-09-s1
2026-09-09 14:58:30+00:00,bench-04,2116,59.7,1,auto,-72.6,6339546,25,60,2026-09-09-s1
2026-09-09 14:58:40+00:00,bench-04,2093,60.0,1,auto,-71.7,6349548,25,60,2026-09-09-s1
2026-09-09 14:58:50+00:00,bench-04,2105,59.2,1,auto,-71.3,6359551,25,60,2026-09-09-s1
2026-09-09 14:59:00+00:00,bench-04,2113,60.0,1,auto,-72.5,6369552,25,60,2026-09-09-s1
2026-09-09 14:59:10+00:00,bench-04,2128,59.8,1,auto,-72.5,6379555,25,60,2026-09-09-s1
2026-09-09 14:59:20+00:00,bench-04,2101,60.3,1,auto,-72.5,6389554,25,60,2026-09-09-s1
2026-09-09 14:59:30+00:00,bench-04,2103,59.7,1,auto,-71.4,6399555,25,60,2026-09-09-s1
2026-09-09 14:59:40+00:00,bench-04,2122,59.7,0,auto,-72.9,6409559,25,60,2026-09-09-s1
2026-09-09 14:59:50+00:00,bench-04,2110,58.7,0,auto,-74.0,6419560,25,60,2026-09-09-s1
2026-09-09 15:00:00+00:00,bench-04,2106,59.5,0,auto,-73.3,6429555,25,60,2026-09-09-s1
2026-09-09 15:00:10+00:00,bench-04,2164,57.7,0,auto,-72.6,6439552,25,60,2026-09-09-s1
2026-09-09 15:00:20+00:00,bench-04,2156,57.0,0,auto,-71.3,6449556,25,60,2026-09-09-s1
2026-09-09 15:00:30+00:00,bench-04,2153,57.3,0,auto,-72.9,6459555,25,60,2026-09-09-s1
2026-09-09 15:00:40+00:00,bench-04,2162,56.2,0,auto,-72.2,6469558,25,60,2026-09-09-s1
2026-09-09 15:00:50+00:00,bench-04,2207,55.4,0,auto,-72.3,6479557,25,60,2026-09-09-s1
2026-09-09 15:01:00+00:00,bench-04,2217,54.8,0,auto,-73.6,6489558,25,60,2026-09-09-s1
2026-09-09 15:01:10+00:00,bench-04,2191,55.3,0,auto,-73.1,6499562,25,60,2026-09-09-s1
2026-09-09 15:01:20+00:00,bench-04,2223,54.4,0,auto,-71.6,6509560,25,60,2026-09-09-s1
2026-09-09 15:01:30+00:00,bench-04,2215,53.7,0,auto,-72.7,6519559,25,60,2026-09-09-s1
2026-09-09 15:01:40+00:00,bench-04,2225,53.2,0,auto,-70.8,6529557,25,60,2026-09-09-s1
2026-09-09 15:01:50+00:00,bench-04,2220,53.4,0,auto,-69.5,6539558,25,60,2026-09-09-s1
2026-09-09 15:02:00+00:00,bench-04,2240,53.2,0,auto,-68.6,6549555,25,60,2026-09-09-s1
2026-09-09 15:02:10+00:00,bench-04,2257,52.2,0,auto,-67.0,6559550,25,60,2026-09-09-s1
2026-09-09 15:02:20+00:00,bench-04,2269,52.2,0,auto,-67.8,6569551,25,60,2026-09-09-s1
2026-09-09 15:02:30+00:00,bench-04,2265,51.6,0,auto,-66.4,6579549,25,60,2026-09-09-s1
2026-09-09 15:02:40+00:00,bench-04,2278,50.7,0,auto,-67.7,6589549,25,60,2026-09-09-s1
2026-09-09 15:02:50+00:00,bench-04,2267,51.2,0,auto,-67.2,6599549,25,60,2026-09-09-s1
2026-09-09 15:03:00+00:00,bench-04,2321,50.2,0,auto,-67.5,6609546,25,60,2026-09-09-s1
2026-09-09 15:03:10+00:00,bench-04,2306,49.4,0,auto,-67.3,6619547,25,60,2026-09-09-s1
2026-09-09 15:03:20+00:00,bench-04,2332,49.5,0,auto,-67.8,6629547,25,60,2026-09-09-s1
2026-09-09 15:03:30+00:00,bench-04,2314,48.8,0,auto,-68.1,6639544,25,60,2026-09-09-s1
2026-09-09 15:03:40+00:00,bench-04,2329,48.2,0,auto,-66.6,6649543,25,60,2026-09-09-s1
2026-09-09 15:03:50+00:00,bench-04,2342,47.7,0,auto,-67.1,6659538,25,60,2026-09-09-s1
2026-09-09 15:04:00+00:00,bench-04,2386,46.5,0,auto,-67.3,6669538,25,60,2026-09-09-s1
2026-09-09 15:04:10+00:00,bench-04,2351,47.5,0,auto,-67.5,6679541,25,60,2026-09-09-s1
2026-09-09 15:04:20+00:00,bench-04,2377,46.5,0,auto,-67.3,6689540,25,60,2026-09-09-s1
2026-09-09 15:04:30+00:00,bench-04,2383,46.6,0,auto,-66.4,6699536,25,60,2026-09-09-s1
2026-09-09 15:04:40+00:00,bench-04,2344,47.2,0,auto,-69.7,6709531,25,60,2026-09-09-s1
2026-09-09 15:04:50+00:00,bench-04,2377,46.1,0,auto,-69.5,6719532,25,60,2026-09-09-s1
2026-09-09 15:05:00+00:00,bench-04,2397,45.4,0,auto,-68.3,6729534,25,60,2026-09-09-s1
2026-09-09 15:05:10+00:00,bench-04,2427,44.2,0,auto,-66.7,6739538,25,60,2026-09-09-s1
2026-09-09 15:05:20+00:00,bench-04,2426,43.7,0,auto,-65.8,6749542,25,60,2026-09-09-s1
2026-09-09 15:05:30+00:00,bench-04,2413,44.4,0,auto,-67.4,6759544,25,60,2026-09-09-s1
2026-09-09 15:05:40+00:00,bench-04,2429,43.6,0,auto,-67.9,6769543,25,60,2026-09-09-s1
2026-09-09 15:05:50+00:00,bench-04,2411,43.9,0,auto,-67.2,6779547,25,60,2026-09-09-s1
2026-09-09 15:06:00+00:00,bench-04,2439,43.5,0,auto,-70.0,6789548,25,60,2026-09-09-s1
2026-09-09 15:06:10+00:00,bench-04,2449,43.7,0,auto,-71.6,6799549,25,60,2026-09-09-s1
2026-09-09 15:06:20+00:00,bench-04,2452,42.0,0,auto,-71.7,6809548,25,60,2026-09-09-s1
2026-09-09 15:06:30+00:00,bench-04,2434,42.2,0,auto,-72.1,6819549,25,60,2026-09-09-s1
2026-09-09 15:06:40+00:00,bench-04,2456,42.2,0,auto,-73.7,6829549,25,60,2026-09-09-s1
2026-09-09 15:06:50+00:00,bench-04,2466,41.8,0,auto,-73.6,6839545,25,60,2026-09-09-s1
2026-09-09 15:07:00+00:00,bench-04,2476,41.1,0,auto,-73.4,6849541,25,60,2026-09-09-s1
2026-09-09 15:07:10+00:00,bench-04,2475,40.4,0,auto,-72.7,6859541,25,60,2026-09-09-s1
2026-09-09 15:07:20+00:00,bench-04,2498,39.7,0,auto,-72.4,6869545,25,60,2026-09-09-s1
2026-09-09 15:07:30+00:00,bench-04,2504,39.8,0,auto,-73.5,6879540,25,60,2026-09-09-s1
2026-09-09 15:07:40+00:00,bench-04,2517,39.1,0,auto,-73.3,6889541,25,60,2026-09-09-s1
2026-09-09 15:07:50+00:00,bench-04,2525,38.9,0,auto,-73.0,6899545,25,60,2026-09-09-s1
2026-09-09 15:08:00+00:00,bench-04,2524,38.8,0,auto,-73.3,6909540,25,60,2026-09-09-s1
2026-09-09 15:08:10+00:00,bench-04,2507,38.7,0,auto,-73.1,6919536,25,60,2026-09-09-s1
2026-09-09 15:08:20+00:00,bench-04,2549,37.7,0,auto,-73.6,6929534,25,60,2026-09-09-s1
2026-09-09 15:08:30+00:00,bench-04,2545,38.6,0,auto,-75.1,6939531,25,60,2026-09-09-s1
2026-09-09 15:08:40+00:00,bench-04,2507,38.7,0,auto,-72.8,6949532,25,60,2026-09-09-s1
2026-09-09 15:08:50+00:00,bench-04,2549,36.6,0,auto,-72.4,6959535,25,60,2026-09-09-s1
2026-09-09 15:09:00+00:00,bench-04,2544,37.3,0,auto,-73.8,6969530,25,60,2026-09-09-s1
2026-09-09 15:09:10+00:00,bench-04,2551,37.1,0,auto,-75.0,6979529,25,60,2026-09-09-s1
2026-09-09 15:09:20+00:00,bench-04,2563,37.1,0,auto,-76.1,6989533,25,60,2026-09-09-s1
2026-09-09 15:09:30+00:00,bench-04,2578,36.2,0,auto,-76.4,6999530,25,60,2026-09-09-s1
2026-09-09 15:09:40+00:00,bench-04,2575,35.9,0,auto,-74.9,7009528,25,60,2026-09-09-s1
2026-09-09 15:09:50+00:00,bench-04,2579,35.7,0,auto,-75.4,7019530,25,60,2026-09-09-s1
2026-09-09 15:10:00+00:00,bench-04,2581,36.1,0,auto,-74.4,7029533,25,60,2026-09-09-s1
2026-09-09 15:10:10+00:00,bench-04,2575,36.1,0,auto,-74.3,7039530,25,60,2026-09-09-s1
2026-09-09 15:10:20+00:00,bench-04,2602,35.5,0,auto,-73.7,7049525,25,60,2026-09-09-s1
2026-09-09 15:10:30+00:00,bench-04,2602,35.3,0,auto,-74.5,7059521,25,60,2026-09-09-s1
2026-09-09 15:10:40+00:00,bench-04,2609,34.8,0,auto,-74.3,7069525,25,60,2026-09-09-s1
2026-09-09 15:10:50+00:00,bench-04,2616,34.1,0,auto,-74.5,7079524,25,60,2026-09-09-s1
2026-09-09 15:11:00+00:00,bench-04,2628,34.1,0,auto,-74.6,7089519,25,60,2026-09-09-s1
2026-09-09 15:11:10+00:00,bench-04,2614,33.9,0,auto,-74.9,7099521,25,60,2026-09-09-s1
2026-09-09 15:11:20+00:00,bench-04,2625,33.3,0,auto,-74.7,7109520,25,60,2026-09-09-s1
2026-09-09 15:11:30+00:00,bench-04,2627,33.3,0,auto,-74.2,7119523,25,60,2026-09-09-s1
2026-09-09 15:11:40+00:00,bench-04,2637,32.7,0,auto,-74.0,7129524,25,60,2026-09-09-s1
2026-09-09 15:11:50+00:00,bench-04,2646,33.2,0,auto,-71.5,7139528,25,60,2026-09-09-s1
2026-09-09 15:12:00+00:00,bench-04,2664,32.3,0,auto,-71.0,7149531,25,60,2026-09-09-s1
2026-09-09 15:12:10+00:00,bench-04,2658,32.2,0,auto,-72.7,7159530,25,60,2026-09-09-s1
2026-09-09 15:12:20+00:00,bench-04,2675,31.8,0,auto,-71.5,7169525,25,60,2026-09-09-s1
2026-09-09 15:12:30+00:00,bench-04,2649,31.3,0,auto,-70.9,7179520,25,60,2026-09-09-s1
2026-09-09 15:12:40+00:00,bench-04,2690,30.8,0,auto,-70.9,7189516,25,60,2026-09-09-s1
2026-09-09 15:12:50+00:00,bench-04,2674,31.3,0,auto,-70.4,7199518,25,60,2026-09-09-s1
2026-09-10 10:10:00+00:00,bench-04,2232,53.6,0,auto,-47.0,10004,25,60,2026-09-10-s1
2026-09-10 10:10:10+00:00,bench-04,2227,53.0,0,auto,-46.3,20007,25,60,2026-09-10-s1
2026-09-10 10:10:20+00:00,bench-04,2276,52.2,0,auto,-45.2,30007,25,60,2026-09-10-s1
2026-09-10 10:10:30+00:00,bench-04,2259,52.4,0,auto,-45.5,40006,25,60,2026-09-10-s1
2026-09-10 10:10:40+00:00,bench-04,2270,50.9,0,auto,-45.3,50007,25,60,2026-09-10-s1
2026-09-10 10:10:50+00:00,bench-04,2300,50.6,0,auto,-46.7,60010,25,60,2026-09-10-s1
2026-09-10 10:11:00+00:00,bench-04,2301,50.8,0,auto,-44.4,70008,25,60,2026-09-10-s1
2026-09-10 10:11:10+00:00,bench-04,2305,49.7,0,auto,-44.4,80009,25,60,2026-09-10-s1
2026-09-10 10:11:20+00:00,bench-04,2323,49.4,0,auto,-42.6,90012,25,60,2026-09-10-s1
2026-09-10 10:11:30+00:00,bench-04,2319,49.2,0,auto,-43.3,100009,25,60,2026-09-10-s1
2026-09-10 10:11:40+00:00,bench-04,2343,48.2,0,auto,-41.3,110006,25,60,2026-09-10-s1
2026-09-10 10:11:50+00:00,bench-04,2353,48.3,0,auto,-42.3,120001,25,60,2026-09-10-s1
2026-09-10 10:12:00+00:00,bench-04,2319,47.4,0,auto,-39.7,130004,25,60,2026-09-10-s1
2026-09-10 10:12:10+00:00,bench-04,2356,47.2,0,auto,-37.9,140002,25,60,2026-09-10-s1
2026-09-10 10:12:20+00:00,bench-04,2326,47.4,0,auto,-37.8,149998,25,60,2026-09-10-s1
2026-09-10 10:12:30+00:00,bench-04,2366,46.5,0,auto,-37.6,159994,25,60,2026-09-10-s1
2026-09-10 10:12:40+00:00,bench-04,2392,45.7,0,auto,-38.6,169993,25,60,2026-09-10-s1
2026-09-10 10:12:50+00:00,bench-04,2390,45.5,0,auto,-39.5,179996,25,60,2026-09-10-s1
2026-09-10 10:13:00+00:00,bench-04,2400,45.1,0,auto,-41.8,189993,25,60,2026-09-10-s1
2026-09-10 10:13:10+00:00,bench-04,2418,44.6,0,auto,-42.6,199993,25,60,2026-09-10-s1
2026-09-10 10:13:20+00:00,bench-04,2390,44.6,0,auto,-43.6,209990,25,60,2026-09-10-s1
2026-09-10 10:13:30+00:00,bench-04,2426,44.1,0,auto,-42.8,219990,25,60,2026-09-10-s1
2026-09-10 10:13:40+00:00,bench-04,2439,44.1,0,auto,-44.9,229985,25,60,2026-09-10-s1
2026-09-10 10:13:50+00:00,bench-04,2424,43.1,0,auto,-44.3,239988,25,60,2026-09-10-s1
2026-09-10 10:14:00+00:00,bench-04,2430,43.4,0,auto,-44.3,249992,25,60,2026-09-10-s1
2026-09-10 10:14:10+00:00,bench-04,2447,42.1,0,auto,-43.9,259987,25,60,2026-09-10-s1
2026-09-10 10:14:20+00:00,bench-04,4095,-20.0,0,auto,-44.1,269991,25,60,2026-09-10-s1
2026-09-10 10:14:30+00:00,bench-04,2466,41.6,0,auto,-45.2,279989,25,60,2026-09-10-s1
2026-09-10 10:14:40+00:00,bench-04,2449,42.5,0,auto,-43.8,289985,25,60,2026-09-10-s1
2026-09-10 10:14:50+00:00,bench-04,2466,42.0,0,auto,-43.7,299984,25,60,2026-09-10-s1
2026-09-10 10:15:00+00:00,bench-04,2494,40.5,0,auto,-41.9,309980,25,60,2026-09-10-s1
2026-09-10 10:15:10+00:00,bench-04,2491,40.5,0,auto,-43.2,319977,25,60,2026-09-10-s1
2026-09-10 10:15:20+00:00,bench-04,2506,39.8,0,auto,-43.2,329980,25,60,2026-09-10-s1
2026-09-10 10:15:30+00:00,bench-04,2501,40.0,0,auto,-43.5,339980,25,60,2026-09-10-s1
2026-09-10 10:15:40+00:00,bench-04,2511,39.4,0,auto,-43.9,349977,25,60,2026-09-10-s1
2026-09-10 10:15:50+00:00,bench-04,2516,39.2,0,auto,-42.9,359974,25,60,2026-09-10-s1
2026-09-10 10:16:00+00:00,bench-04,2555,38.7,0,auto,-43.0,369972,25,60,2026-09-10-s1
2026-09-10 10:16:10+00:00,bench-04,2514,38.6,0,auto,-43.8,379972,25,60,2026-09-10-s1
2026-09-10 10:16:20+00:00,bench-04,2525,38.7,0,auto,-43.1,389975,25,60,2026-09-10-s1
2026-09-10 10:16:30+00:00,bench-04,2527,38.4,0,auto,-45.6,399973,25,60,2026-09-10-s1
2026-09-10 10:16:40+00:00,bench-04,2519,39.0,0,auto,-46.5,409972,25,60,2026-09-10-s1
2026-09-10 10:16:50+00:00,bench-04,2569,36.6,0,auto,-45.8,419967,25,60,2026-09-10-s1
2026-09-10 10:17:00+00:00,bench-04,2562,38.2,0,auto,-44.7,429965,25,60,2026-09-10-s1
2026-09-10 10:17:10+00:00,bench-04,2567,36.6,0,auto,-43.6,439967,25,60,2026-09-10-s1
2026-09-10 10:17:20+00:00,bench-04,2565,36.6,0,auto,-40.1,449965,25,60,2026-09-10-s1
2026-09-10 10:17:30+00:00,bench-04,2560,36.4,0,auto,-39.6,459960,25,60,2026-09-10-s1
2026-09-10 10:17:40+00:00,bench-04,2568,36.4,0,auto,-39.8,469956,25,60,2026-09-10-s1
2026-09-10 10:17:50+00:00,bench-04,2558,35.8,0,auto,-39.7,479954,25,60,2026-09-10-s1
2026-09-10 10:18:00+00:00,bench-04,2574,35.7,0,auto,-38.1,489955,25,60,2026-09-10-s1
2026-09-10 10:18:10+00:00,bench-04,2595,34.5,0,auto,-38.8,499957,25,60,2026-09-10-s1
2026-09-10 10:18:20+00:00,bench-04,2582,34.3,0,auto,-38.9,509955,25,60,2026-09-10-s1
2026-09-10 10:18:30+00:00,bench-04,2608,34.5,0,auto,-37.7,519950,25,60,2026-09-10-s1
2026-09-10 10:18:40+00:00,bench-04,2617,33.9,0,auto,-37.8,529954,25,60,2026-09-10-s1
2026-09-10 10:18:50+00:00,bench-04,2636,33.4,0,auto,-40.7,539950,25,60,2026-09-10-s1
2026-09-10 10:19:00+00:00,bench-04,2594,33.4,0,auto,-41.8,549951,25,60,2026-09-10-s1
2026-09-10 10:19:10+00:00,bench-04,2627,33.0,0,auto,-42.3,559949,25,60,2026-09-10-s1
2026-09-10 10:19:20+00:00,bench-04,2644,32.7,0,auto,-41.3,569953,25,60,2026-09-10-s1
2026-09-10 10:19:30+00:00,bench-04,2637,32.6,0,auto,-40.0,579953,25,60,2026-09-10-s1
2026-09-10 10:19:40+00:00,bench-04,2654,31.9,0,auto,-41.2,589955,25,60,2026-09-10-s1
2026-09-10 10:19:50+00:00,bench-04,2638,31.3,0,auto,-43.0,599951,25,60,2026-09-10-s1
2026-09-10 10:20:00+00:00,bench-04,2654,32.6,0,auto,-45.3,609951,25,60,2026-09-10-s1
2026-09-10 10:20:10+00:00,bench-04,2633,32.1,0,auto,-44.6,619947,25,60,2026-09-10-s1
2026-09-10 10:20:20+00:00,bench-04,2675,31.0,0,auto,-47.8,629950,25,60,2026-09-10-s1
2026-09-10 10:20:30+00:00,bench-04,2672,30.9,0,auto,-48.3,639945,25,60,2026-09-10-s1
2026-09-10 10:20:40+00:00,bench-04,2693,30.6,0,auto,-48.4,649945,25,60,2026-09-10-s1
2026-09-10 10:20:50+00:00,bench-04,2694,29.9,0,auto,-47.8,659941,25,60,2026-09-10-s1
2026-09-10 10:21:00+00:00,bench-04,2696,30.3,0,auto,-48.1,669942,25,60,2026-09-10-s1
2026-09-10 10:21:10+00:00,bench-04,2685,30.5,0,auto,-49.7,679946,25,60,2026-09-10-s1
2026-09-10 10:21:20+00:00,bench-04,2696,30.1,0,auto,-47.1,689946,25,60,2026-09-10-s1
2026-09-10 10:21:30+00:00,bench-04,2735,29.4,0,auto,-46.6,699944,25,60,2026-09-10-s1
2026-09-10 10:21:40+00:00,bench-04,2697,29.8,0,auto,-46.7,709947,25,60,2026-09-10-s1
2026-09-10 10:21:50+00:00,bench-04,2708,29.6,0,auto,-47.3,719951,25,60,2026-09-10-s1
2026-09-10 10:22:00+00:00,bench-04,2707,29.4,0,auto,-47.7,729947,25,60,2026-09-10-s1
2026-09-10 10:22:10+00:00,bench-04,2736,28.5,0,auto,-49.7,739950,25,60,2026-09-10-s1
2026-09-10 10:22:20+00:00,bench-04,2749,28.2,0,auto,-49.1,749948,25,60,2026-09-10-s1
2026-09-10 10:22:30+00:00,bench-04,2720,28.1,0,auto,-48.5,759947,25,60,2026-09-10-s1
2026-09-10 10:22:40+00:00,bench-04,2732,28.2,0,auto,-47.6,769950,25,60,2026-09-10-s1
2026-09-10 10:22:50+00:00,bench-04,2735,27.2,0,auto,-46.8,779951,25,60,2026-09-10-s1
2026-09-10 10:23:00+00:00,bench-04,2729,28.1,0,auto,-47.3,789948,25,60,2026-09-10-s1
2026-09-10 10:23:10+00:00,bench-04,2751,27.8,0,auto,-47.5,799948,25,60,2026-09-10-s1
2026-09-10 10:23:20+00:00,bench-04,2742,27.1,0,auto,-47.0,809948,25,60,2026-09-10-s1
2026-09-10 10:23:30+00:00,bench-04,2734,27.8,0,auto,-45.9,819946,25,60,2026-09-10-s1
2026-09-10 10:23:40+00:00,bench-04,2755,27.1,0,auto,-46.1,829941,25,60,2026-09-10-s1
2026-09-10 10:23:50+00:00,bench-04,2771,26.7,0,auto,-45.5,839939,25,60,2026-09-10-s1
2026-09-10 10:24:00+00:00,bench-04,2795,26.3,0,auto,-44.0,849938,25,60,2026-09-10-s1
2026-09-10 10:24:10+00:00,bench-04,2783,26.3,0,auto,-45.5,859934,25,60,2026-09-10-s1
2026-09-10 10:24:20+00:00,bench-04,2757,25.9,0,auto,-45.0,869937,25,60,2026-09-10-s1
2026-09-10 10:24:30+00:00,bench-04,2790,25.5,0,auto,-43.3,879934,25,60,2026-09-10-s1
2026-09-10 10:24:40+00:00,bench-04,2778,25.7,0,auto,-43.6,889934,25,60,2026-09-10-s1
2026-09-10 10:24:50+00:00,bench-04,2792,24.9,0,auto,-45.1,899938,25,60,2026-09-10-s1
2026-09-10 10:25:00+00:00,bench-04,2794,25.3,0,auto,-43.2,909935,25,60,2026-09-10-s1
2026-09-10 10:25:10+00:00,bench-04,2758,25.2,0,auto,-45.3,919930,25,60,2026-09-10-s1
2026-09-10 10:25:20+00:00,bench-04,2791,24.7,0,auto,-48.0,929933,25,60,2026-09-10-s1
2026-09-10 10:25:30+00:00,bench-04,2760,25.8,1,auto,-46.1,939936,25,60,2026-09-10-s1
2026-09-10 10:25:40+00:00,bench-04,2778,25.4,1,auto,-46.0,949937,25,60,2026-09-10-s1
2026-09-10 10:25:50+00:00,bench-04,2778,25.8,1,auto,-45.5,959935,25,60,2026-09-10-s1
2026-09-10 10:26:00+00:00,bench-04,2771,26.2,1,auto,-46.0,969937,25,60,2026-09-10-s1
2026-09-10 10:26:10+00:00,bench-04,2775,26.8,1,auto,-47.0,979941,25,60,2026-09-10-s1
2026-09-10 10:26:20+00:00,bench-04,2740,27.2,1,auto,-47.3,989938,25,60,2026-09-10-s1
2026-09-10 10:26:30+00:00,bench-04,2718,27.8,1,auto,-49.6,999938,25,60,2026-09-10-s1
2026-09-10 10:26:40+00:00,bench-04,2728,28.4,1,auto,-49.5,1009936,25,60,2026-09-10-s1
2026-09-10 10:26:50+00:00,bench-04,2719,28.8,1,auto,-49.2,1019935,25,60,2026-09-10-s1
2026-09-10 10:27:00+00:00,bench-04,2724,28.3,1,auto,-50.3,1029936,25,60,2026-09-10-s1
2026-09-10 10:27:10+00:00,bench-04,2702,29.6,1,auto,-51.9,1039940,25,60,2026-09-10-s1
2026-09-10 10:27:20+00:00,bench-04,2719,29.2,1,auto,-50.1,1049937,25,60,2026-09-10-s1
2026-09-10 10:27:30+00:00,bench-04,2706,29.7,1,auto,-49.0,1059941,25,60,2026-09-10-s1
2026-09-10 10:27:40+00:00,bench-04,2717,29.0,1,auto,-49.4,1069939,25,60,2026-09-10-s1
2026-09-10 10:27:50+00:00,bench-04,2659,31.1,1,auto,-50.7,1079942,25,60,2026-09-10-s1
2026-09-10 10:28:00+00:00,bench-04,2668,30.8,1,auto,-48.9,1089944,25,60,2026-09-10-s1
2026-09-10 10:28:10+00:00,bench-04,2686,31.6,1,auto,-48.9,1099948,25,60,2026-09-10-s1
2026-09-10 10:28:20+00:00,bench-04,2678,31.1,1,auto,-50.2,1109949,25,60,2026-09-10-s1
2026-09-10 10:28:30+00:00,bench-04,2660,31.5,1,auto,-52.0,1119949,25,60,2026-09-10-s1
2026-09-10 10:28:40+00:00,bench-04,2640,32.4,1,auto,-52.3,1129947,25,60,2026-09-10-s1
2026-09-10 10:28:50+00:00,bench-04,2642,33.0,1,auto,-55.6,1139948,25,60,2026-09-10-s1
2026-09-10 10:29:00+00:00,bench-04,2622,33.0,1,auto,-54.6,1149946,25,60,2026-09-10-s1
2026-09-10 10:29:10+00:00,bench-04,2648,33.1,1,auto,-57.3,1159947,25,60,2026-09-10-s1
2026-09-10 10:29:20+00:00,bench-04,2638,33.0,1,auto,-56.8,1169943,25,60,2026-09-10-s1
2026-09-10 10:29:30+00:00,bench-04,2654,32.8,1,auto,-56.9,1179945,25,60,2026-09-10-s1
2026-09-10 10:29:40+00:00,bench-04,2618,34.2,1,auto,-57.8,1189947,25,60,2026-09-10-s1
2026-09-10 10:29:50+00:00,bench-04,2631,33.9,1,auto,-57.3,1199943,25,60,2026-09-10-s1
2026-09-10 10:30:00+00:00,bench-04,2618,33.8,1,auto,-56.6,1209945,25,60,2026-09-10-s1
2026-09-10 10:30:10+00:00,bench-04,2597,35.0,1,auto,-57.2,1219943,25,60,2026-09-10-s1
2026-09-10 10:30:20+00:00,bench-04,2604,35.9,1,auto,-58.1,1229944,25,60,2026-09-10-s1
2026-09-10 10:30:30+00:00,bench-04,2596,35.2,1,auto,-56.4,1239943,25,60,2026-09-10-s1
2026-09-10 10:30:40+00:00,bench-04,2599,35.2,1,auto,-54.1,1249947,25,60,2026-09-10-s1
2026-09-10 10:30:50+00:00,bench-04,2580,36.8,1,auto,-54.1,1259947,25,60,2026-09-10-s1
2026-09-10 10:31:00+00:00,bench-04,2576,36.3,1,auto,-55.4,1269951,25,60,2026-09-10-s1
2026-09-10 10:31:10+00:00,bench-04,2563,36.2,1,auto,-55.1,1279953,25,60,2026-09-10-s1
2026-09-10 10:31:20+00:00,bench-04,2534,38.1,1,auto,-55.4,1289951,25,60,2026-09-10-s1
2026-09-10 10:31:30+00:00,bench-04,2532,37.8,1,auto,-56.1,1299953,25,60,2026-09-10-s1
2026-09-10 10:31:40+00:00,bench-04,2546,37.5,1,auto,-55.2,1309951,25,60,2026-09-10-s1
2026-09-10 10:31:50+00:00,bench-04,2532,38.3,1,auto,-54.7,1319951,25,60,2026-09-10-s1
2026-09-10 10:32:00+00:00,bench-04,2531,37.7,1,auto,-55.3,1329953,25,60,2026-09-10-s1
2026-09-10 10:32:10+00:00,bench-04,2529,38.4,1,auto,-57.2,1339952,25,60,2026-09-10-s1
2026-09-10 10:32:20+00:00,bench-04,2566,37.6,1,auto,-58.9,1349952,25,60,2026-09-10-s1
2026-09-10 10:32:30+00:00,bench-04,2552,38.5,1,auto,-58.5,1359954,25,60,2026-09-10-s1
2026-09-10 10:32:40+00:00,bench-04,2504,39.0,1,auto,-57.8,1369955,25,60,2026-09-10-s1
2026-09-10 10:32:50+00:00,bench-04,2528,39.5,1,auto,-61.6,1379954,25,60,2026-09-10-s1
2026-09-10 10:33:00+00:00,bench-04,2560,38.3,1,auto,-60.9,1389956,25,60,2026-09-10-s1
2026-09-10 10:33:10+00:00,bench-04,2524,39.3,1,auto,-60.3,1399951,25,60,2026-09-10-s1
2026-09-10 10:33:20+00:00,bench-04,2513,39.6,1,auto,-60.1,1409955,25,60,2026-09-10-s1
2026-09-10 10:33:30+00:00,bench-04,2497,40.0,1,auto,-59.2,1419951,25,60,2026-09-10-s1
2026-09-10 10:33:40+00:00,bench-04,2481,40.1,1,auto,-60.8,1429946,25,60,2026-09-10-s1
2026-09-10 10:33:50+00:00,bench-04,2491,40.2,1,auto,-61.1,1439944,25,60,2026-09-10-s1
2026-09-10 10:34:00+00:00,bench-04,2486,41.0,1,auto,-60.2,1449944,25,60,2026-09-10-s1
2026-09-10 10:34:10+00:00,bench-04,2498,40.9,1,auto,-56.7,1459944,25,60,2026-09-10-s1
2026-09-10 10:34:20+00:00,bench-04,2465,41.1,1,auto,-56.0,1469942,25,60,2026-09-10-s1
2026-09-10 10:34:30+00:00,bench-04,2480,41.4,1,auto,-57.2,1479943,25,60,2026-09-10-s1
2026-09-10 10:34:40+00:00,bench-04,2484,40.5,1,auto,-57.6,1489939,25,60,2026-09-10-s1
2026-09-10 10:34:50+00:00,bench-04,2464,41.6,1,auto,-56.5,1499942,25,60,2026-09-10-s1
2026-09-10 10:35:00+00:00,bench-04,2461,41.5,1,auto,-55.3,1509942,25,60,2026-09-10-s1
2026-09-10 10:35:10+00:00,bench-04,2455,41.8,1,auto,-56.0,1519939,25,60,2026-09-10-s1
2026-09-10 10:35:20+00:00,bench-04,2465,42.7,1,auto,-55.6,1529942,25,60,2026-09-10-s1
2026-09-10 10:35:30+00:00,bench-04,2434,42.6,1,auto,-52.4,1539938,25,60,2026-09-10-s1
2026-09-10 10:35:40+00:00,bench-04,2456,42.3,1,auto,-52.4,1549939,25,60,2026-09-10-s1
2026-09-10 10:35:50+00:00,bench-04,2442,43.0,1,auto,-51.9,1559936,25,60,2026-09-10-s1
2026-09-10 10:36:00+00:00,bench-04,2435,43.1,1,auto,-50.9,1569936,25,60,2026-09-10-s1
2026-09-10 10:36:10+00:00,bench-04,2449,42.5,1,auto,-51.6,1579936,25,60,2026-09-10-s1
2026-09-10 10:36:20+00:00,bench-04,2428,43.6,1,auto,-47.9,1589931,25,60,2026-09-10-s1
2026-09-10 10:36:30+00:00,bench-04,2400,43.9,1,auto,-50.4,1599932,25,60,2026-09-10-s1
2026-09-10 10:36:40+00:00,bench-04,2421,44.1,1,auto,-49.9,1609927,25,60,2026-09-10-s1
2026-09-10 10:36:50+00:00,bench-04,2400,44.7,1,auto,-50.6,1619926,25,60,2026-09-10-s1
2026-09-10 10:37:00+00:00,bench-04,2417,43.9,1,auto,-50.5,1629923,25,60,2026-09-10-s1
2026-09-10 10:37:10+00:00,bench-04,2426,44.2,1,auto,-49.0,1639922,25,60,2026-09-10-s1
2026-09-10 10:37:20+00:00,bench-04,2420,44.7,1,auto,-49.1,1649921,25,60,2026-09-10-s1
2026-09-10 10:37:30+00:00,bench-04,2411,44.3,1,auto,-48.9,1659919,25,60,2026-09-10-s1
2026-09-10 10:37:40+00:00,bench-04,2413,44.2,1,auto,-49.1,1669922,25,60,2026-09-10-s1
2026-09-10 10:37:50+00:00,bench-04,2402,45.1,1,auto,-47.0,1679920,25,60,2026-09-10-s1
2026-09-10 10:38:00+00:00,bench-04,2382,45.2,1,auto,-45.9,1689916,25,60,2026-09-10-s1
2026-09-10 10:38:10+00:00,bench-04,2403,44.9,1,auto,-44.7,1699913,25,60,2026-09-10-s1
2026-09-10 10:38:20+00:00,bench-04,2380,45.4,1,auto,-45.6,1709917,25,60,2026-09-10-s1
2026-09-10 10:38:30+00:00,bench-04,2367,45.7,1,auto,-44.2,1719920,25,60,2026-09-10-s1
2026-09-10 10:38:40+00:00,bench-04,2388,46.2,1,auto,-44.1,1729919,25,60,2026-09-10-s1
2026-09-10 10:38:50+00:00,bench-04,2374,45.7,1,auto,-45.3,1739916,25,60,2026-09-10-s1
2026-09-10 10:39:00+00:00,bench-04,2362,47.0,1,auto,-45.2,1749919,25,60,2026-09-10-s1
2026-09-10 10:39:10+00:00,bench-04,2359,47.3,1,auto,-47.3,1759916,25,60,2026-09-10-s1
2026-09-10 10:39:20+00:00,bench-04,2359,47.0,1,auto,-48.2,1769911,25,60,2026-09-10-s1
2026-09-10 10:39:30+00:00,bench-04,2367,46.7,1,auto,-48.3,1779913,25,60,2026-09-10-s1
2026-09-10 10:39:40+00:00,bench-04,2355,47.3,1,auto,-47.6,1789911,25,60,2026-09-10-s1
2026-09-10 10:39:50+00:00,bench-04,2355,47.3,1,auto,-50.0,1799910,25,60,2026-09-10-s1
2026-09-10 10:40:00+00:00,bench-04,2348,47.9,1,auto,-49.6,1809911,25,60,2026-09-10-s1
2026-09-10 10:40:10+00:00,bench-04,2332,48.2,1,auto,-50.0,1819912,25,60,2026-09-10-s1
2026-09-10 10:40:20+00:00,bench-04,2332,48.2,1,auto,-49.2,1829914,25,60,2026-09-10-s1
2026-09-10 10:40:30+00:00,bench-04,2347,48.2,1,auto,-49.1,1839909,25,60,2026-09-10-s1
2026-09-10 10:40:40+00:00,bench-04,2328,47.9,1,auto,-48.9,1849905,25,60,2026-09-10-s1
2026-09-10 10:40:50+00:00,bench-04,2332,48.3,1,auto,-49.5,1859901,25,60,2026-09-10-s1
2026-09-10 10:41:00+00:00,bench-04,2306,49.1,1,auto,-49.2,1869904,25,60,2026-09-10-s1
2026-09-10 10:41:10+00:00,bench-04,2333,48.6,1,auto,-47.5,1879904,25,60,2026-09-10-s1
2026-09-10 10:41:20+00:00,bench-04,2314,49.1,1,auto,-52.1,1889906,25,60,2026-09-10-s1
2026-09-10 10:41:30+00:00,bench-04,2323,49.2,1,auto,-53.1,1899905,25,60,2026-09-10-s1
2026-09-10 10:41:40+00:00,bench-04,2302,49.6,1,auto,-55.1,1909903,25,60,2026-09-10-s1
2026-09-10 10:41:50+00:00,bench-04,2332,49.6,1,auto,-54.8,1919905,25,60,2026-09-10-s1
2026-09-10 10:42:00+00:00,bench-04,2288,50.1,1,auto,-56.3,1929902,25,60,2026-09-10-s1
2026-09-10 10:42:10+00:00,bench-04,2305,49.1,1,auto,-55.5,1939905,25,60,2026-09-10-s1
2026-09-10 10:42:20+00:00,bench-04,2286,49.5,1,auto,-55.8,1949905,25,60,2026-09-10-s1
2026-09-10 10:42:30+00:00,bench-04,2299,50.3,1,auto,-58.9,1959909,25,60,2026-09-10-s1
2026-09-10 10:42:40+00:00,bench-04,2315,50.1,1,auto,-58.4,1969909,25,60,2026-09-10-s1
2026-09-10 10:42:50+00:00,bench-04,2306,49.2,1,auto,-60.4,1979906,25,60,2026-09-10-s1
2026-09-10 10:43:00+00:00,bench-04,2305,50.4,1,auto,-60.8,1989907,25,60,2026-09-10-s1
2026-09-10 10:43:10+00:00,bench-04,2270,50.6,1,auto,-63.5,1999905,25,60,2026-09-10-s1
2026-09-10 10:43:20+00:00,bench-04,2291,50.5,1,auto,-64.2,2009904,25,60,2026-09-10-s1
2026-09-10 10:43:30+00:00,bench-04,2263,50.8,1,auto,-62.0,2019901,25,60,2026-09-10-s1
2026-09-10 10:43:40+00:00,bench-04,2270,51.1,1,auto,-62.4,2029900,25,60,2026-09-10-s1
2026-09-10 10:43:50+00:00,bench-04,2284,50.7,1,auto,-62.6,2039899,25,60,2026-09-10-s1
2026-09-10 10:44:00+00:00,bench-04,2277,51.4,1,auto,-63.0,2049896,25,60,2026-09-10-s1
2026-09-10 10:44:10+00:00,bench-04,2294,51.0,1,auto,-63.1,2059900,25,60,2026-09-10-s1
2026-09-10 10:44:20+00:00,bench-04,2295,50.7,1,auto,-63.0,2069904,25,60,2026-09-10-s1
2026-09-10 10:44:30+00:00,bench-04,2261,51.7,1,auto,-63.2,2079901,25,60,2026-09-10-s1
2026-09-10 10:44:40+00:00,bench-04,2266,51.4,1,auto,-62.9,2089904,25,60,2026-09-10-s1
2026-09-10 10:44:50+00:00,bench-04,2263,51.7,1,auto,-62.7,2099904,25,60,2026-09-10-s1
2026-09-10 10:45:00+00:00,bench-04,2244,51.6,1,auto,-62.8,2109900,25,60,2026-09-10-s1
2026-09-10 10:45:10+00:00,bench-04,2288,50.9,1,auto,-61.7,2119902,25,60,2026-09-10-s1
2026-09-10 10:45:20+00:00,bench-04,2275,51.6,1,auto,-59.9,2129900,25,60,2026-09-10-s1
2026-09-10 10:45:30+00:00,bench-04,2261,52.1,1,auto,-57.8,2139904,25,60,2026-09-10-s1
2026-09-10 10:45:40+00:00,bench-04,2240,52.4,1,auto,-57.1,2149900,25,60,2026-09-10-s1
2026-09-10 10:45:50+00:00,bench-04,2247,52.9,1,auto,-57.6,2159896,25,60,2026-09-10-s1
2026-09-10 10:46:00+00:00,bench-04,2271,52.4,1,auto,-57.5,2169898,25,60,2026-09-10-s1
2026-09-10 10:46:10+00:00,bench-04,2253,52.8,1,auto,-57.4,2179899,25,60,2026-09-10-s1
2026-09-10 10:46:20+00:00,bench-04,2259,52.1,1,auto,-56.4,2189901,25,60,2026-09-10-s1
2026-09-10 10:46:30+00:00,bench-04,2246,52.3,1,auto,-58.0,2199903,25,60,2026-09-10-s1
2026-09-10 10:46:40+00:00,bench-04,2234,53.2,1,auto,-57.8,2209900,25,60,2026-09-10-s1
2026-09-10 10:46:50+00:00,bench-04,2240,53.2,1,auto,-58.3,2219899,25,60,2026-09-10-s1
2026-09-10 10:47:00+00:00,bench-04,2238,53.2,1,auto,-58.5,2229900,25,60,2026-09-10-s1
2026-09-10 10:47:10+00:00,bench-04,2248,53.0,1,auto,-57.7,2239903,25,60,2026-09-10-s1
2026-09-10 10:47:20+00:00,bench-04,2261,52.6,1,auto,-58.7,2249901,25,60,2026-09-10-s1
2026-09-10 10:47:30+00:00,bench-04,2227,53.4,1,auto,-59.6,2259902,25,60,2026-09-10-s1
2026-09-10 10:47:40+00:00,bench-04,2230,53.0,1,auto,-57.9,2269898,25,60,2026-09-10-s1
2026-09-10 10:47:50+00:00,bench-04,2235,52.9,1,auto,-60.7,2279900,25,60,2026-09-10-s1
2026-09-10 10:48:00+00:00,bench-04,2217,54.0,1,auto,-60.2,2289903,25,60,2026-09-10-s1
2026-09-10 10:48:10+00:00,bench-04,2196,53.6,1,auto,-62.0,2299899,25,60,2026-09-10-s1
2026-09-10 10:48:20+00:00,bench-04,2242,53.8,1,auto,-64.8,2309896,25,60,2026-09-10-s1
2026-09-10 10:48:30+00:00,bench-04,2249,52.9,1,auto,-62.2,2319892,25,60,2026-09-10-s1
2026-09-10 10:48:40+00:00,bench-04,2222,54.2,1,auto,-63.2,2329889,25,60,2026-09-10-s1
2026-09-10 10:48:50+00:00,bench-04,2217,54.4,1,auto,-62.5,2339889,25,60,2026-09-10-s1
2026-09-10 10:49:00+00:00,bench-04,2236,53.8,1,auto,-60.0,2349885,25,60,2026-09-10-s1
2026-09-10 10:49:10+00:00,bench-04,2221,54.0,1,auto,-60.9,2359880,25,60,2026-09-10-s1
2026-09-10 10:49:20+00:00,bench-04,2203,54.1,1,auto,-59.9,2369879,25,60,2026-09-10-s1
2026-09-10 10:49:30+00:00,bench-04,4095,-20.0,1,auto,-61.9,2379876,25,60,2026-09-10-s1
2026-09-10 10:49:40+00:00,bench-04,2215,54.2,1,auto,-60.1,2389871,25,60,2026-09-10-s1
2026-09-10 10:49:50+00:00,bench-04,2211,55.1,1,auto,-59.2,2399867,25,60,2026-09-10-s1
2026-09-10 10:50:00+00:00,bench-04,2195,54.9,1,auto,-60.0,2409864,25,60,2026-09-10-s1
2026-09-10 10:50:10+00:00,bench-04,2228,54.1,1,auto,-60.5,2419866,25,60,2026-09-10-s1
2026-09-10 10:50:20+00:00,bench-04,2195,54.2,1,auto,-59.5,2429869,25,60,2026-09-10-s1
2026-09-10 10:50:30+00:00,bench-04,2215,54.8,1,auto,-60.1,2439868,25,60,2026-09-10-s1
2026-09-10 10:50:40+00:00,bench-04,2206,54.7,1,auto,-59.2,2449864,25,60,2026-09-10-s1
2026-09-10 10:50:50+00:00,bench-04,2187,55.6,1,auto,-58.4,2459860,25,60,2026-09-10-s1
2026-09-10 10:51:00+00:00,bench-04,2197,54.9,1,auto,-57.2,2469856,25,60,2026-09-10-s1
2026-09-10 10:51:10+00:00,bench-04,2203,55.2,1,auto,-57.4,2479851,25,60,2026-09-10-s1
2026-09-10 10:51:20+00:00,bench-04,2230,53.9,0,manual,-58.1,2489852,25,60,2026-09-10-s1
2026-09-10 10:51:30+00:00,bench-04,2221,53.9,0,manual,-57.5,2499851,25,60,2026-09-10-s1
2026-09-10 10:51:40+00:00,bench-04,2213,54.2,0,manual,-57.2,2509848,25,60,2026-09-10-s1
2026-09-10 10:51:50+00:00,bench-04,2237,53.8,1,manual,-57.7,2519852,25,60,2026-09-10-s1
2026-09-10 10:52:00+00:00,bench-04,2230,53.3,1,manual,-56.1,2529851,25,60,2026-09-10-s1
2026-09-10 10:52:10+00:00,bench-04,2214,54.2,1,manual,-55.6,2539849,25,60,2026-09-10-s1
2026-09-10 10:52:20+00:00,bench-04,2230,53.2,1,manual,-54.0,2549844,25,60,2026-09-10-s1
2026-09-10 10:52:30+00:00,bench-04,2262,52.6,0,manual,-51.7,2559839,25,60,2026-09-10-s1
2026-09-10 10:52:40+00:00,bench-04,2232,53.7,0,manual,-52.4,2569841,25,60,2026-09-10-s1
2026-09-10 10:52:50+00:00,bench-04,2258,52.8,0,manual,-54.4,2579843,25,60,2026-09-10-s1
2026-09-10 10:53:00+00:00,bench-04,2239,53.3,1,manual,-56.2,2589843,25,60,2026-09-10-s1
2026-09-10 10:53:10+00:00,bench-04,2251,52.2,0,manual,-55.2,2599838,25,60,2026-09-10-s1
2026-09-10 10:53:20+00:00,bench-04,2291,51.1,0,manual,-52.7,2609835,25,60,2026-09-10-s1
2026-09-10 10:53:30+00:00,bench-04,2263,51.6,0,manual,-53.2,2619836,25,60,2026-09-10-s1
2026-09-10 10:53:40+00:00,bench-04,2302,51.0,0,manual,-52.5,2629836,25,60,2026-09-10-s1
2026-09-10 10:53:50+00:00,bench-04,2294,50.3,0,manual,-54.3,2639840,25,60,2026-09-10-s1
2026-09-10 10:54:00+00:00,bench-04,2300,49.6,0,manual,-53.9,2649844,25,60,2026-09-10-s1
2026-09-10 10:54:10+00:00,bench-04,2318,49.5,0,manual,-54.1,2659847,25,60,2026-09-10-s1
2026-09-10 10:54:20+00:00,bench-04,2347,48.1,0,manual,-55.7,2669848,25,60,2026-09-10-s1
2026-09-10 10:54:30+00:00,bench-04,2363,47.5,0,manual,-55.6,2679846,25,60,2026-09-10-s1
2026-09-10 10:54:40+00:00,bench-04,2356,47.7,0,auto,-56.1,2689843,25,60,2026-09-10-s1
2026-09-10 10:54:50+00:00,bench-04,2348,47.9,0,auto,-55.6,2699843,25,60,2026-09-10-s1
2026-09-10 10:55:00+00:00,bench-04,2347,46.7,0,auto,-56.4,2709847,25,60,2026-09-10-s1
2026-09-10 10:55:10+00:00,bench-04,2366,46.8,0,auto,-56.6,2719851,25,60,2026-09-10-s1
2026-09-10 10:55:20+00:00,bench-04,2386,45.6,0,auto,-56.3,2729848,25,60,2026-09-10-s1
2026-09-10 10:55:30+00:00,bench-04,2376,45.8,0,auto,-57.0,2739844,25,60,2026-09-10-s1
2026-09-10 10:55:40+00:00,bench-04,2389,45.8,0,auto,-57.3,2749846,25,60,2026-09-10-s1
2026-09-10 10:55:50+00:00,bench-04,2400,45.7,0,auto,-55.3,2759848,25,60,2026-09-10-s1
2026-09-10 10:56:00+00:00,bench-04,2426,44.2,0,auto,-54.3,2769843,25,60,2026-09-10-s1
2026-09-10 10:56:10+00:00,bench-04,2422,44.0,0,auto,-52.6,2779843,25,60,2026-09-10-s1
2026-09-10 10:56:20+00:00,bench-04,2433,43.5,0,auto,-52.9,2789839,25,60,2026-09-10-s1
2026-09-10 10:56:30+00:00,bench-04,2419,43.7,0,auto,-52.1,2799838,25,60,2026-09-10-s1
2026-09-10 10:56:40+00:00,bench-04,2464,42.6,0,auto,-52.7,2809839,25,60,2026-09-10-s1
2026-09-10 10:56:50+00:00,bench-04,2450,42.7,0,auto,-52.1,2819840,25,60,2026-09-10-s1
2026-09-10 10:57:00+00:00,bench-04,2430,42.7,0,auto,-50.9,2829835,25,60,2026-09-10-s1
2026-09-10 10:57:10+00:00,bench-04,2439,42.1,0,auto,-51.8,2839839,25,60,2026-09-10-s1
2026-09-10 10:57:20+00:00,bench-04,2476,41.9,0,auto,-50.2,2849834,25,60,2026-09-10-s1
2026-09-10 10:57:30+00:00,bench-04,2470,41.3,0,auto,-51.0,2859838,25,60,2026-09-10-s1
2026-09-10 10:57:40+00:00,bench-04,2510,41.1,0,auto,-49.0,2869840,25,60,2026-09-10-s1
2026-09-10 10:57:50+00:00,bench-04,2487,40.5,0,auto,-50.1,2879837,25,60,2026-09-10-s1
2026-09-10 10:58:00+00:00,bench-04,2487,39.8,0,auto,-51.2,2889841,25,60,2026-09-10-s1
2026-09-10 10:58:10+00:00,bench-04,2512,39.9,0,auto,-51.3,2899840,25,60,2026-09-10-s1
2026-09-10 10:58:20+00:00,bench-04,2485,39.0,0,auto,-51.3,2909841,25,60,2026-09-10-s1
2026-09-10 10:58:30+00:00,bench-04,2533,38.9,0,auto,-50.9,2919838,25,60,2026-09-10-s1
2026-09-10 10:58:40+00:00,bench-04,2553,37.8,0,auto,-49.9,2929837,25,60,2026-09-10-s1
2026-09-10 10:58:50+00:00,bench-04,2522,38.1,0,auto,-49.9,2939841,25,60,2026-09-10-s1
2026-09-10 10:59:00+00:00,bench-04,2538,38.6,0,auto,-49.8,2949844,25,60,2026-09-10-s1
2026-09-10 10:59:10+00:00,bench-04,2564,37.2,0,auto,-50.6,2959847,25,60,2026-09-10-s1
2026-09-10 10:59:20+00:00,bench-04,2546,37.4,0,auto,-51.1,2969850,25,60,2026-09-10-s1
2026-09-10 10:59:30+00:00,bench-04,2535,37.0,0,auto,-49.9,2979846,25,60,2026-09-10-s1
2026-09-10 10:59:40+00:00,bench-04,2557,37.3,0,auto,-50.5,2989847,25,60,2026-09-10-s1
2026-09-10 11:00:00+00:00,bench-04,2560,36.9,0,manual,-52.6,3009841,25,60,2026-09-10-s1
2026-09-10 11:00:10+00:00,bench-04,2585,35.3,0,manual,-52.8,3019844,25,60,2026-09-10-s1
2026-09-10 11:00:20+00:00,bench-04,2573,36.3,1,manual,-52.8,3029844,25,60,2026-09-10-s1
2026-09-10 11:00:30+00:00,bench-04,2558,36.8,1,manual,-50.7,3039848,25,60,2026-09-10-s1
2026-09-10 11:00:40+00:00,bench-04,2548,36.5,1,manual,-50.2,3049848,25,60,2026-09-10-s1
2026-09-10 11:00:50+00:00,bench-04,2548,37.1,1,manual,-49.5,3059849,25,60,2026-09-10-s1
2026-09-10 11:01:00+00:00,bench-04,2536,37.8,1,manual,-51.7,3069845,25,60,2026-09-10-s1
2026-09-10 11:01:10+00:00,bench-04,2542,37.8,1,manual,-52.9,3079849,25,60,2026-09-10-s1
2026-09-10 11:01:20+00:00,bench-04,2533,37.8,1,manual,-52.7,3089845,25,60,2026-09-10-s1
2026-09-10 11:01:30+00:00,bench-04,2553,38.5,1,manual,-53.1,3099847,25,60,2026-09-10-s1
2026-09-10 11:01:40+00:00,bench-04,2506,38.8,1,manual,-53.0,3109851,25,60,2026-09-10-s1
2026-09-10 11:01:50+00:00,bench-04,2530,38.3,1,manual,-53.6,3119855,25,60,2026-09-10-s1
2026-09-10 11:02:00+00:00,bench-04,2527,38.4,1,manual,-53.9,3129852,25,60,2026-09-10-s1
2026-09-10 11:02:10+00:00,bench-04,2536,38.7,1,manual,-51.2,3139847,25,60,2026-09-10-s1
2026-09-10 11:02:20+00:00,bench-04,2494,39.5,1,manual,-50.9,3149849,25,60,2026-09-10-s1
2026-09-10 11:02:30+00:00,bench-04,2481,39.7,1,manual,-49.5,3159853,25,60,2026-09-10-s1
2026-09-10 11:02:40+00:00,bench-04,2507,39.5,1,manual,-51.9,3169855,25,60,2026-09-10-s1
2026-09-10 11:02:50+00:00,bench-04,2491,40.3,1,manual,-49.9,3179850,25,60,2026-09-10-s1
2026-09-10 11:03:00+00:00,bench-04,2502,39.8,1,manual,-50.5,3189846,25,60,2026-09-10-s1
2026-09-10 11:03:10+00:00,bench-04,2489,41.0,1,manual,-50.6,3199841,25,60,2026-09-10-s1
2026-09-10 11:03:20+00:00,bench-04,2480,40.6,1,manual,-50.1,3209840,25,60,2026-09-10-s1
2026-09-10 11:03:30+00:00,bench-04,2484,40.8,1,manual,-51.6,3219836,25,60,2026-09-10-s1
2026-09-10 11:03:40+00:00,bench-04,2463,40.5,1,manual,-53.0,3229832,25,60,2026-09-10-s1
2026-09-10 11:03:50+00:00,bench-04,2466,41.2,1,auto,-53.6,3239836,25,60,2026-09-10-s1
2026-09-10 11:04:00+00:00,bench-04,2470,40.8,1,auto,-53.5,3249837,25,60,2026-09-10-s1
2026-09-10 11:04:10+00:00,bench-04,2468,41.5,1,auto,-52.5,3259836,25,60,2026-09-10-s1
2026-09-10 11:04:20+00:00,bench-04,2444,42.7,1,auto,-51.0,3269834,25,60,2026-09-10-s1
2026-09-10 11:04:30+00:00,bench-04,2446,42.2,1,auto,-50.3,3279838,25,60,2026-09-10-s1
2026-09-10 11:04:40+00:00,bench-04,2447,42.8,1,auto,-48.4,3289833,25,60,2026-09-10-s1
2026-09-10 11:04:50+00:00,bench-04,2458,42.7,1,auto,-47.6,3299831,25,60,2026-09-10-s1
2026-09-10 11:05:00+00:00,bench-04,2443,42.6,1,auto,-47.4,3309830,25,60,2026-09-10-s1
2026-09-10 11:05:10+00:00,bench-04,2451,42.8,1,auto,-46.7,3319832,25,60,2026-09-10-s1
2026-09-10 11:05:20+00:00,bench-04,2450,42.6,1,auto,-46.9,3329827,25,60,2026-09-10-s1
2026-09-10 11:05:30+00:00,bench-04,2414,43.3,1,auto,-48.2,3339825,25,60,2026-09-10-s1
2026-09-10 11:05:40+00:00,bench-04,2439,43.2,1,auto,-48.9,3349828,25,60,2026-09-10-s1
2026-09-10 11:05:50+00:00,bench-04,2413,43.9,1,auto,-50.6,3359831,25,60,2026-09-10-s1
2026-09-10 11:06:00+00:00,bench-04,2408,44.5,1,auto,-48.7,3369829,25,60,2026-09-10-s1
2026-09-10 11:06:10+00:00,bench-04,2409,44.5,1,auto,-51.2,3379825,25,60,2026-09-10-s1
2026-09-10 11:06:20+00:00,bench-04,2432,44.9,1,auto,-51.3,3389827,25,60,2026-09-10-s1
2026-09-10 11:06:30+00:00,bench-04,2408,45.0,1,auto,-52.7,3399829,25,60,2026-09-10-s1
2026-09-10 11:06:40+00:00,bench-04,2400,44.9,1,auto,-53.0,3409832,25,60,2026-09-10-s1
2026-09-10 11:06:50+00:00,bench-04,2395,45.0,1,auto,-52.1,3419836,25,60,2026-09-10-s1
2026-09-10 11:07:00+00:00,bench-04,2414,45.3,1,auto,-50.7,3429833,25,60,2026-09-10-s1
2026-09-10 11:07:10+00:00,bench-04,2382,45.3,1,auto,-51.2,3439830,25,60,2026-09-10-s1
2026-09-10 11:07:20+00:00,bench-04,2397,44.5,1,auto,-51.2,3449828,25,60,2026-09-10-s1
2026-09-10 11:07:30+00:00,bench-04,2389,45.2,1,auto,-51.8,3459824,25,60,2026-09-10-s1
2026-09-10 11:07:40+00:00,bench-04,2382,45.7,1,auto,-51.9,3469825,25,60,2026-09-10-s1
2026-09-10 11:07:50+00:00,bench-04,2394,45.7,1,auto,-51.7,3479821,25,60,2026-09-10-s1
2026-09-10 11:08:00+00:00,bench-04,2372,46.7,1,auto,-53.9,3489816,25,60,2026-09-10-s1
2026-09-10 11:08:10+00:00,bench-04,2354,46.1,1,auto,-52.3,3499812,25,60,2026-09-10-s1
2026-09-10 11:08:20+00:00,bench-04,2342,46.7,1,auto,-54.5,3509815,25,60,2026-09-10-s1
2026-09-10 11:08:30+00:00,bench-04,2343,46.6,1,auto,-53.9,3519812,25,60,2026-09-10-s1
2026-09-10 11:08:40+00:00,bench-04,2356,47.0,1,auto,-55.3,3529811,25,60,2026-09-10-s1
2026-09-10 11:08:50+00:00,bench-04,2370,46.2,1,auto,-54.9,3539812,25,60,2026-09-10-s1
2026-09-10 11:09:00+00:00,bench-04,2360,46.7,1,auto,-55.5,3549816,25,60,2026-09-10-s1
2026-09-10 11:09:10+00:00,bench-04,2349,46.8,1,auto,-53.2,3559815,25,60,2026-09-10-s1
2026-09-10 11:09:20+00:00,bench-04,2336,47.7,1,auto,-52.6,3569819,25,60,2026-09-10-s1
2026-09-10 11:09:30+00:00,bench-04,2342,47.3,1,auto,-53.6,3579821,25,60,2026-09-10-s1
2026-09-10 11:09:40+00:00,bench-04,2357,47.2,1,auto,-54.4,3589822,25,60,2026-09-10-s1
2026-09-10 11:09:50+00:00,bench-04,2348,47.4,1,auto,-55.1,3599826,25,60,2026-09-10-s1
2026-09-10 11:10:00+00:00,bench-04,2340,48.2,1,auto,-53.8,3609829,25,60,2026-09-10-s1
2026-09-10 11:10:10+00:00,bench-04,2347,48.0,1,auto,-52.0,3619828,25,60,2026-09-10-s1
2026-09-10 11:10:20+00:00,bench-04,2339,48.1,1,auto,-52.2,3629831,25,60,2026-09-10-s1
2026-09-10 11:10:30+00:00,bench-04,2345,48.3,1,auto,-52.6,3639834,25,60,2026-09-10-s1
2026-09-10 11:10:40+00:00,bench-04,2326,48.4,1,auto,-51.3,3649836,25,60,2026-09-10-s1
2026-09-10 11:10:50+00:00,bench-04,2312,48.5,1,auto,-53.2,3659833,25,60,2026-09-10-s1
2026-09-10 11:11:00+00:00,bench-04,2320,48.4,1,auto,-53.4,3669834,25,60,2026-09-10-s1
2026-09-10 11:11:10+00:00,bench-04,2336,48.5,1,auto,-55.5,3679831,25,60,2026-09-10-s1
2026-09-10 11:11:20+00:00,bench-04,2320,48.9,1,auto,-53.8,3689830,25,60,2026-09-10-s1
2026-09-10 11:11:30+00:00,bench-04,2310,49.5,1,auto,-53.0,3699832,25,60,2026-09-10-s1
2026-09-10 11:11:40+00:00,bench-04,2325,48.5,1,auto,-52.8,3709827,25,60,2026-09-10-s1
2026-09-10 11:11:50+00:00,bench-04,2314,49.6,1,auto,-52.8,3719823,25,60,2026-09-10-s1
2026-09-10 11:12:00+00:00,bench-04,2308,49.6,1,auto,-52.3,3729820,25,60,2026-09-10-s1
2026-09-10 11:12:10+00:00,bench-04,2295,49.8,1,auto,-52.4,3739823,25,60,2026-09-10-s1
2026-09-10 11:12:20+00:00,bench-04,2303,50.2,1,auto,-53.9,3749823,25,60,2026-09-10-s1
2026-09-10 11:12:30+00:00,bench-04,2287,50.1,1,auto,-55.5,3759821,25,60,2026-09-10-s1
2026-09-10 11:12:40+00:00,bench-04,2296,50.3,1,auto,-56.6,3769816,25,60,2026-09-10-s1
2026-09-10 11:12:50+00:00,bench-04,2306,50.0,1,auto,-55.3,3779815,25,60,2026-09-10-s1
2026-09-10 11:13:00+00:00,bench-04,2304,50.3,1,auto,-54.7,3789811,25,60,2026-09-10-s1
2026-09-10 11:13:10+00:00,bench-04,2290,50.1,1,auto,-55.8,3799808,25,60,2026-09-10-s1
2026-09-10 11:13:20+00:00,bench-04,2286,51.2,1,auto,-55.7,3809808,25,60,2026-09-10-s1
2026-09-10 11:13:30+00:00,bench-04,2280,51.3,1,auto,-55.2,3819807,25,60,2026-09-10-s1
2026-09-10 11:13:40+00:00,bench-04,2293,50.3,1,auto,-54.5,3829805,25,60,2026-09-10-s1
2026-09-10 11:13:50+00:00,bench-04,2312,50.6,1,auto,-52.1,3839806,25,60,2026-09-10-s1
2026-09-10 11:14:00+00:00,bench-04,2297,51.4,1,auto,-51.9,3849807,25,60,2026-09-10-s1
2026-09-10 11:14:10+00:00,bench-04,2286,51.2,1,auto,-51.4,3859803,25,60,2026-09-10-s1
2026-09-10 11:14:20+00:00,bench-04,2279,51.2,1,auto,-52.4,3869799,25,60,2026-09-10-s1
2026-09-10 11:14:30+00:00,bench-04,2281,51.4,1,auto,-51.0,3879796,25,60,2026-09-10-s1
2026-09-10 11:14:40+00:00,bench-04,2256,52.1,1,auto,-52.3,3889800,25,60,2026-09-10-s1
2026-09-10 11:14:50+00:00,bench-04,2267,51.7,1,auto,-53.7,3899803,25,60,2026-09-10-s1
2026-09-10 11:15:00+00:00,bench-04,2245,52.4,1,auto,-53.8,3909802,25,60,2026-09-10-s1
2026-09-10 11:15:10+00:00,bench-04,2242,52.6,1,auto,-54.9,3919797,25,60,2026-09-10-s1
2026-09-10 11:15:20+00:00,bench-04,2257,52.0,1,auto,-55.3,3929799,25,60,2026-09-10-s1
2026-09-10 11:15:30+00:00,bench-04,2267,52.3,1,auto,-57.5,3939803,25,60,2026-09-10-s1
2026-09-10 11:15:40+00:00,bench-04,2276,51.9,1,auto,-58.0,3949804,25,60,2026-09-10-s1
2026-09-10 11:15:50+00:00,bench-04,2280,51.3,1,auto,-58.5,3959808,25,60,2026-09-10-s1
2026-09-10 11:16:00+00:00,bench-04,2233,52.5,1,auto,-59.4,3969803,25,60,2026-09-10-s1
2026-09-10 11:16:10+00:00,bench-04,2254,52.7,1,auto,-59.6,3979806,25,60,2026-09-10-s1
2026-09-10 11:16:20+00:00,bench-04,2269,52.2,1,auto,-60.2,3989806,25,60,2026-09-10-s1
2026-09-10 11:16:30+00:00,bench-04,2259,51.4,1,auto,-58.1,3999802,25,60,2026-09-10-s1
2026-09-10 11:16:40+00:00,bench-04,2229,52.7,1,auto,-58.4,4009805,25,60,2026-09-10-s1
2026-09-10 11:16:50+00:00,bench-04,2237,53.2,1,auto,-57.4,4019806,25,60,2026-09-10-s1
2026-09-10 11:17:00+00:00,bench-04,2211,53.4,1,auto,-58.3,4029806,25,60,2026-09-10-s1
2026-09-10 11:17:10+00:00,bench-04,2234,53.2,1,auto,-59.1,4039808,25,60,2026-09-10-s1
2026-09-10 11:17:20+00:00,bench-04,2237,52.9,1,auto,-59.8,4049811,25,60,2026-09-10-s1
2026-09-10 11:17:30+00:00,bench-04,2231,53.6,1,auto,-59.2,4059812,25,60,2026-09-10-s1
2026-09-10 11:17:40+00:00,bench-04,2227,53.2,1,auto,-56.1,4069815,25,60,2026-09-10-s1
2026-09-10 11:17:50+00:00,bench-04,2204,53.6,1,auto,-57.3,4079813,25,60,2026-09-10-s1
2026-09-10 11:18:00+00:00,bench-04,2250,53.3,1,auto,-58.5,4089809,25,60,2026-09-10-s1
2026-09-10 11:18:10+00:00,bench-04,2218,53.0,1,auto,-56.8,4099805,25,60,2026-09-10-s1
2026-09-10 11:18:20+00:00,bench-04,2212,53.4,1,auto,-57.6,4109805,25,60,2026-09-10-s1
2026-09-10 11:18:30+00:00,bench-04,2228,53.8,1,auto,-59.0,4119802,25,60,2026-09-10-s1
2026-09-10 11:18:40+00:00,bench-04,2225,53.9,1,auto,-59.6,4129797,25,60,2026-09-10-s1
2026-09-10 11:18:50+00:00,bench-04,2236,53.9,1,auto,-60.3,4139799,25,60,2026-09-10-s1
2026-09-10 11:19:00+00:00,bench-04,2213,54.3,1,auto,-59.9,4149798,25,60,2026-09-10-s1
2026-09-10 11:19:10+00:00,bench-04,2220,54.7,1,auto,-61.2,4159799,25,60,2026-09-10-s1
2026-09-10 11:19:20+00:00,bench-04,2195,55.3,1,auto,-60.7,4169800,25,60,2026-09-10-s1
2026-09-10 11:19:30+00:00,bench-04,2226,53.7,1,auto,-61.0,4179802,25,60,2026-09-10-s1
2026-09-10 11:19:40+00:00,bench-04,2197,54.0,1,auto,-60.7,4189804,25,60,2026-09-10-s1
2026-09-10 11:19:50+00:00,bench-04,2210,54.1,1,auto,-59.3,4199800,25,60,2026-09-10-s1
2026-09-10 11:20:00+00:00,bench-04,2201,54.4,1,auto,-60.6,4209796,25,60,2026-09-10-s1
2026-09-10 11:20:10+00:00,bench-04,2229,53.6,1,auto,-61.1,4219794,25,60,2026-09-10-s1
2026-09-10 11:20:20+00:00,bench-04,2205,54.3,1,auto,-62.3,4229789,25,60,2026-09-10-s1
2026-09-10 11:20:30+00:00,bench-04,2209,54.6,1,auto,-62.3,4239791,25,60,2026-09-10-s1
2026-09-10 11:20:40+00:00,bench-04,2199,55.2,1,auto,-62.6,4249786,25,60,2026-09-10-s1
2026-09-10 11:20:50+00:00,bench-04,2210,55.2,1,auto,-62.0,4259781,25,60,2026-09-10-s1
2026-09-10 11:21:00+00:00,bench-04,2218,54.3,1,auto,-63.7,4269779,25,60,2026-09-10-s1
2026-09-10 11:21:10+00:00,bench-04,2194,54.6,1,auto,-62.9,4279781,25,60,2026-09-10-s1
2026-09-10 11:21:20+00:00,bench-04,2204,54.9,1,auto,-61.1,4289779,25,60,2026-09-10-s1
2026-09-10 11:21:30+00:00,bench-04,2198,55.1,1,auto,-61.1,4299774,25,60,2026-09-10-s1
2026-09-10 11:21:40+00:00,bench-04,2202,55.8,1,auto,-62.3,4309777,25,60,2026-09-10-s1
2026-09-10 11:21:50+00:00,bench-04,2216,54.5,1,auto,-59.3,4319781,25,60,2026-09-10-s1
2026-09-10 11:22:00+00:00,bench-04,2196,55.8,1,auto,-59.7,4329778,25,60,2026-09-10-s1
2026-09-10 11:22:10+00:00,bench-04,2194,55.1,1,auto,-59.2,4339774,25,60,2026-09-10-s1
2026-09-10 11:22:20+00:00,bench-04,2201,55.4,1,auto,-57.9,4349772,25,60,2026-09-10-s1
2026-09-10 11:22:30+00:00,bench-04,2194,54.8,1,auto,-58.5,4359770,25,60,2026-09-10-s1
2026-09-10 11:22:40+00:00,bench-04,2177,55.4,1,auto,-57.7,4369768,25,60,2026-09-10-s1
2026-09-10 11:22:50+00:00,bench-04,2199,55.3,1,auto,-57.8,4379768,25,60,2026-09-10-s1
2026-09-10 11:23:00+00:00,bench-04,2215,55.2,1,auto,-59.5,4389765,25,60,2026-09-10-s1
2026-09-10 11:23:10+00:00,bench-04,2183,55.9,1,auto,-61.4,4399765,25,60,2026-09-10-s1
2026-09-10 11:23:20+00:00,bench-04,2201,55.5,1,auto,-62.3,4409761,25,60,2026-09-10-s1
2026-09-10 11:23:30+00:00,bench-04,2181,55.7,1,auto,-62.4,4419759,25,60,2026-09-10-s1
2026-09-10 11:23:40+00:00,bench-04,2191,55.7,1,auto,-64.1,4429756,25,60,2026-09-10-s1
2026-09-10 11:23:50+00:00,bench-04,2183,56.2,1,auto,-62.6,4439754,25,60,2026-09-10-s1
2026-09-10 11:24:00+00:00,bench-04,2175,55.7,1,auto,-62.1,4449750,25,60,2026-09-10-s1
2026-09-10 11:24:10+00:00,bench-04,2198,55.4,1,auto,-63.2,4459751,25,60,2026-09-10-s1
2026-09-10 11:24:20+00:00,bench-04,2200,56.2,1,auto,-64.9,4469755,25,60,2026-09-10-s1
2026-09-10 11:24:30+00:00,bench-04,2192,55.9,1,auto,-65.5,4479754,25,60,2026-09-10-s1
2026-09-10 11:24:40+00:00,bench-04,2183,56.2,1,auto,-65.8,4489752,25,60,2026-09-10-s1
2026-09-10 11:24:50+00:00,bench-04,2176,56.4,1,auto,-65.7,4499755,25,60,2026-09-10-s1
2026-09-10 11:25:00+00:00,bench-04,2155,56.8,1,auto,-64.8,4509754,25,60,2026-09-10-s1
2026-09-10 11:25:10+00:00,bench-04,2166,56.6,1,auto,-63.1,4519750,25,60,2026-09-10-s1
2026-09-10 11:25:20+00:00,bench-04,2179,55.9,1,auto,-63.8,4529753,25,60,2026-09-10-s1
2026-09-10 11:25:30+00:00,bench-04,2154,57.5,1,auto,-63.9,4539753,25,60,2026-09-10-s1
2026-09-10 11:25:40+00:00,bench-04,2161,57.1,1,auto,-64.0,4549754,25,60,2026-09-10-s1
2026-09-10 11:25:50+00:00,bench-04,2182,56.5,1,auto,-64.4,4559754,25,60,2026-09-10-s1
2026-09-10 11:26:00+00:00,bench-04,2170,56.4,1,auto,-63.4,4569753,25,60,2026-09-10-s1
2026-09-10 11:26:10+00:00,bench-04,2172,57.0,1,auto,-62.4,4579750,25,60,2026-09-10-s1
2026-09-10 11:26:20+00:00,bench-04,2173,56.2,1,auto,-63.6,4589752,25,60,2026-09-10-s1
2026-09-10 11:26:30+00:00,bench-04,2166,57.2,1,auto,-62.7,4599750,25,60,2026-09-10-s1
2026-09-10 11:26:40+00:00,bench-04,2162,56.8,1,auto,-63.5,4609754,25,60,2026-09-10-s1
2026-09-10 11:26:50+00:00,bench-04,2161,56.9,1,auto,-64.3,4619752,25,60,2026-09-10-s1
2026-09-10 11:27:00+00:00,bench-04,2157,57.2,1,auto,-62.9,4629747,25,60,2026-09-10-s1
2026-09-10 11:27:10+00:00,bench-04,2145,57.9,1,auto,-63.7,4639750,25,60,2026-09-10-s1
2026-09-10 11:27:20+00:00,bench-04,2140,57.6,1,auto,-63.1,4649754,25,60,2026-09-10-s1
2026-09-10 11:27:30+00:00,bench-04,2143,57.0,1,auto,-63.0,4659749,25,60,2026-09-10-s1
2026-09-10 11:27:40+00:00,bench-04,2160,56.6,1,auto,-62.6,4669750,25,60,2026-09-10-s1
2026-09-10 11:27:50+00:00,bench-04,2174,56.0,1,auto,-61.9,4679752,25,60,2026-09-10-s1
2026-09-10 11:28:00+00:00,bench-04,2161,57.0,1,auto,-60.5,4689748,25,60,2026-09-10-s1
2026-09-10 11:28:10+00:00,bench-04,2184,56.8,1,auto,-59.6,4699747,25,60,2026-09-10-s1
2026-09-10 11:28:20+00:00,bench-04,2155,56.9,1,auto,-60.0,4709745,25,60,2026-09-10-s1
2026-09-10 11:28:30+00:00,bench-04,2167,56.7,1,auto,-59.2,4719748,25,60,2026-09-10-s1
2026-09-10 11:28:40+00:00,bench-04,2172,57.0,1,auto,-59.7,4729748,25,60,2026-09-10-s1
2026-09-10 11:28:50+00:00,bench-04,2161,57.4,1,auto,-58.3,4739744,25,60,2026-09-10-s1
2026-09-10 11:29:00+00:00,bench-04,2149,56.7,1,auto,-58.9,4749740,25,60,2026-09-10-s1
2026-09-10 11:29:10+00:00,bench-04,2152,57.1,1,auto,-57.8,4759739,25,60,2026-09-10-s1
2026-09-10 11:29:20+00:00,bench-04,2187,56.5,1,auto,-57.7,4769734,25,60,2026-09-10-s1
2026-09-10 11:29:30+00:00,bench-04,2165,56.5,1,auto,-56.8,4779729,25,60,2026-09-10-s1
2026-09-10 11:29:40+00:00,bench-04,2158,57.2,1,auto,-57.3,4789724,25,60,2026-09-10-s1
2026-09-10 11:29:50+00:00,bench-04,2159,57.8,1,auto,-58.7,4799722,25,60,2026-09-10-s1
2026-09-10 11:30:00+00:00,bench-04,2156,56.8,1,auto,-57.6,4809718,25,60,2026-09-10-s1
2026-09-10 11:30:10+00:00,bench-04,2183,57.0,1,auto,-59.6,4819718,25,60,2026-09-10-s1
2026-09-10 11:30:20+00:00,bench-04,2148,57.8,1,auto,-60.3,4829722,25,60,2026-09-10-s1
2026-09-10 11:30:30+00:00,bench-04,2164,56.8,1,auto,-58.6,4839719,25,60,2026-09-10-s1
2026-09-10 11:30:40+00:00,bench-04,2154,56.6,1,auto,-57.9,4849723,25,60,2026-09-10-s1
2026-09-10 11:30:50+00:00,bench-04,2144,57.7,1,auto,-57.7,4859724,25,60,2026-09-10-s1
2026-09-10 11:31:00+00:00,bench-04,2150,57.6,1,auto,-57.4,4869728,25,60,2026-09-10-s1
2026-09-10 11:31:10+00:00,bench-04,2163,56.8,1,auto,-57.2,4879729,25,60,2026-09-10-s1
2026-09-10 11:31:20+00:00,bench-04,2145,57.3,1,auto,-56.3,4889728,25,60,2026-09-10-s1
2026-09-10 11:31:30+00:00,bench-04,2162,57.5,1,auto,-55.6,4899726,25,60,2026-09-10-s1
2026-09-10 11:31:40+00:00,bench-04,2164,57.4,1,auto,-55.5,4909721,25,60,2026-09-10-s1
2026-09-10 11:31:50+00:00,bench-04,2139,58.1,1,auto,-56.9,4919719,25,60,2026-09-10-s1
2026-09-10 11:32:00+00:00,bench-04,2157,57.5,1,auto,-56.5,4929717,25,60,2026-09-10-s1
2026-09-10 11:32:10+00:00,bench-04,2142,56.9,1,auto,-55.9,4939714,25,60,2026-09-10-s1
2026-09-10 11:32:20+00:00,bench-04,2147,57.6,1,auto,-56.6,4949715,25,60,2026-09-10-s1
2026-09-10 11:32:30+00:00,bench-04,2139,57.1,1,auto,-56.6,4959717,25,60,2026-09-10-s1
2026-09-10 11:32:40+00:00,bench-04,2170,57.3,1,auto,-55.8,4969714,25,60,2026-09-10-s1
2026-09-10 11:32:50+00:00,bench-04,2163,57.1,1,auto,-55.2,4979717,25,60,2026-09-10-s1
2026-09-10 11:33:00+00:00,bench-04,2144,57.8,1,auto,-56.1,4989712,25,60,2026-09-10-s1
2026-09-10 11:33:10+00:00,bench-04,2164,57.4,1,auto,-53.4,4999716,25,60,2026-09-10-s1
2026-09-10 11:33:20+00:00,bench-04,2126,58.2,1,auto,-53.0,5009715,25,60,2026-09-10-s1
2026-09-10 11:33:30+00:00,bench-04,2123,58.2,1,auto,-54.7,5019718,25,60,2026-09-10-s1
2026-09-10 11:33:40+00:00,bench-04,2105,58.6,1,auto,-54.1,5029721,25,60,2026-09-10-s1
2026-09-10 11:33:50+00:00,bench-04,2132,58.3,1,auto,-52.3,5039725,25,60,2026-09-10-s1
2026-09-10 11:34:00+00:00,bench-04,2137,58.9,1,auto,-52.2,5049729,25,60,2026-09-10-s1
2026-09-10 11:34:10+00:00,bench-04,2141,58.1,1,auto,-53.8,5059726,25,60,2026-09-10-s1
2026-09-10 11:34:20+00:00,bench-04,2132,58.6,1,auto,-54.8,5069726,25,60,2026-09-10-s1
2026-09-10 11:34:30+00:00,bench-04,2140,57.8,1,auto,-54.5,5079724,25,60,2026-09-10-s1
2026-09-10 11:34:40+00:00,bench-04,2135,58.2,1,auto,-56.4,5089719,25,60,2026-09-10-s1
2026-09-10 11:34:50+00:00,bench-04,2147,58.0,1,auto,-56.5,5099720,25,60,2026-09-10-s1
2026-09-10 11:35:00+00:00,bench-04,2154,58.2,1,auto,-56.3,5109722,25,60,2026-09-10-s1
2026-09-10 11:35:10+00:00,bench-04,2109,59.0,1,auto,-56.8,5119723,25,60,2026-09-10-s1
2026-09-10 11:35:20+00:00,bench-04,2141,58.5,1,auto,-57.3,5129721,25,60,2026-09-10-s1
2026-09-10 11:35:30+00:00,bench-04,2141,58.8,1,auto,-55.5,5139722,25,60,2026-09-10-s1
2026-09-10 11:35:40+00:00,bench-04,2112,58.8,1,auto,-54.8,5149721,25,60,2026-09-10-s1
2026-09-10 11:35:50+00:00,bench-04,2153,58.3,1,auto,-54.8,5159725,25,60,2026-09-10-s1
2026-09-10 11:36:00+00:00,bench-04,2133,58.5,1,auto,-54.1,5169725,25,60,2026-09-10-s1
2026-09-10 11:36:10+00:00,bench-04,2133,58.4,1,auto,-54.7,5179726,25,60,2026-09-10-s1
2026-09-10 11:36:20+00:00,bench-04,2138,58.5,1,auto,-53.4,5189723,25,60,2026-09-10-s1
2026-09-10 11:36:30+00:00,bench-04,2152,58.8,1,auto,-54.0,5199718,25,60,2026-09-10-s1
2026-09-10 11:36:40+00:00,bench-04,2139,59.0,1,auto,-56.7,5209717,25,60,2026-09-10-s1
2026-09-10 11:36:50+00:00,bench-04,2134,58.7,1,auto,-58.5,5219712,25,60,2026-09-10-s1
2026-09-10 11:37:00+00:00,bench-04,2151,58.5,1,auto,-58.6,5229714,25,60,2026-09-10-s1
2026-09-10 11:37:10+00:00,bench-04,2130,58.8,1,auto,-57.4,5239717,25,60,2026-09-10-s1
2026-09-10 11:37:20+00:00,bench-04,2114,58.8,1,auto,-58.4,5249717,25,60,2026-09-10-s1
2026-09-10 11:37:30+00:00,bench-04,2130,58.6,1,auto,-59.1,5259713,25,60,2026-09-10-s1
2026-09-10 11:37:40+00:00,bench-04,2119,59.3,1,auto,-59.0,5269711,25,60,2026-09-10-s1
2026-09-10 11:37:50+00:00,bench-04,2144,58.8,1,auto,-58.6,5279714,25,60,2026-09-10-s1
2026-09-10 11:38:00+00:00,bench-04,2089,59.4,1,auto,-59.2,5289710,25,60,2026-09-10-s1
2026-09-10 11:38:10+00:00,bench-04,2098,58.9,1,auto,-59.2,5299714,25,60,2026-09-10-s1
2026-09-10 11:38:20+00:00,bench-04,2120,58.6,1,auto,-57.7,5309718,25,60,2026-09-10-s1
2026-09-10 11:38:30+00:00,bench-04,2101,60.0,1,auto,-57.7,5319721,25,60,2026-09-10-s1
2026-09-10 11:38:40+00:00,bench-04,2139,58.9,1,auto,-59.0,5329724,25,60,2026-09-10-s1
2026-09-10 11:38:50+00:00,bench-04,2116,59.5,1,auto,-60.9,5339726,25,60,2026-09-10-s1
2026-09-10 11:39:00+00:00,bench-04,2115,59.0,1,auto,-59.5,5349723,25,60,2026-09-10-s1
2026-09-10 11:39:10+00:00,bench-04,2093,59.2,1,auto,-58.9,5359721,25,60,2026-09-10-s1
2026-09-10 11:39:20+00:00,bench-04,2120,59.3,1,auto,-57.4,5369718,25,60,2026-09-10-s1
2026-09-10 11:39:30+00:00,bench-04,2125,58.8,1,auto,-57.7,5379719,25,60,2026-09-10-s1
2026-09-10 11:39:40+00:00,bench-04,2110,59.5,1,auto,-59.4,5389722,25,60,2026-09-10-s1
2026-09-10 11:39:50+00:00,bench-04,2108,59.6,1,auto,-58.5,5399726,25,60,2026-09-10-s1
2026-09-10 11:40:00+00:00,bench-04,2125,58.8,1,auto,-57.4,5409721,25,60,2026-09-10-s1
2026-09-10 11:40:10+00:00,bench-04,2111,59.5,1,auto,-57.3,5419719,25,60,2026-09-10-s1
2026-09-10 11:40:20+00:00,bench-04,2100,59.6,1,auto,-56.7,5429714,25,60,2026-09-10-s1
2026-09-10 11:40:30+00:00,bench-04,2120,59.0,1,auto,-54.7,5439715,25,60,2026-09-10-s1
2026-09-10 11:40:40+00:00,bench-04,2117,59.5,1,auto,-56.7,5449717,25,60,2026-09-10-s1
2026-09-10 11:40:50+00:00,bench-04,2111,59.7,1,auto,-57.2,5459719,25,60,2026-09-10-s1
2026-09-10 11:41:00+00:00,bench-04,2146,58.9,1,auto,-57.6,5469717,25,60,2026-09-10-s1
2026-09-10 11:41:10+00:00,bench-04,2132,58.9,1,auto,-56.9,5479715,25,60,2026-09-10-s1
2026-09-10 11:41:20+00:00,bench-04,2128,58.8,1,auto,-57.0,5489715,25,60,2026-09-10-s1
2026-09-10 11:41:30+00:00,bench-04,2100,59.0,1,auto,-56.5,5499714,25,60,2026-09-10-s1
2026-09-10 11:41:40+00:00,bench-04,2128,59.0,1,auto,-56.0,5509714,25,60,2026-09-10-s1
2026-09-10 11:41:50+00:00,bench-04,2114,59.8,1,auto,-55.0,5519712,25,60,2026-09-10-s1
2026-09-10 11:42:00+00:00,bench-04,2101,60.2,1,auto,-54.7,5529707,25,60,2026-09-10-s1
2026-09-10 11:42:10+00:00,bench-04,2123,59.0,1,auto,-55.7,5539709,25,60,2026-09-10-s1
2026-09-10 11:42:20+00:00,bench-04,2149,59.1,1,auto,-54.2,5549710,25,60,2026-09-10-s1
2026-09-10 11:42:30+00:00,bench-04,2115,59.0,1,auto,-53.7,5559708,25,60,2026-09-10-s1
2026-09-10 11:42:40+00:00,bench-04,2126,59.2,1,auto,-54.6,5569711,25,60,2026-09-10-s1
2026-09-10 11:42:50+00:00,bench-04,2118,59.0,1,auto,-54.7,5579712,25,60,2026-09-10-s1
2026-09-10 11:43:00+00:00,bench-04,2103,59.4,1,auto,-55.2,5589716,25,60,2026-09-10-s1
2026-09-10 11:43:10+00:00,bench-04,2094,59.5,1,auto,-54.4,5599713,25,60,2026-09-10-s1
2026-09-10 11:43:20+00:00,bench-04,2150,58.9,1,auto,-55.4,5609715,25,60,2026-09-10-s1
2026-09-10 11:43:30+00:00,bench-04,2109,59.1,1,auto,-56.3,5619714,25,60,2026-09-10-s1
2026-09-10 11:43:40+00:00,bench-04,2142,59.3,1,auto,-56.5,5629716,25,60,2026-09-10-s1
2026-09-10 11:43:50+00:00,bench-04,4095,-20.0,1,auto,-56.6,5639719,25,60,2026-09-10-s1
2026-09-10 11:44:00+00:00,bench-04,2105,59.5,1,auto,-56.3,5649723,25,60,2026-09-10-s1
2026-09-10 11:44:10+00:00,bench-04,2117,59.2,1,auto,-57.0,5659725,25,60,2026-09-10-s1
2026-09-10 11:44:20+00:00,bench-04,2125,59.4,1,auto,-57.6,5669722,25,60,2026-09-10-s1
2026-09-10 11:44:30+00:00,bench-04,2103,59.9,1,auto,-56.3,5679724,25,60,2026-09-10-s1
2026-09-10 11:44:40+00:00,bench-04,2130,59.0,1,auto,-56.1,5689726,25,60,2026-09-10-s1
2026-09-10 11:44:50+00:00,bench-04,2101,59.8,1,auto,-56.8,5699721,25,60,2026-09-10-s1
2026-09-10 11:45:00+00:00,bench-04,2092,59.7,1,auto,-55.5,5709719,25,60,2026-09-10-s1
2026-09-10 11:45:10+00:00,bench-04,2109,59.9,1,auto,-55.0,5719714,25,60,2026-09-10-s1
2026-09-10 11:45:20+00:00,bench-04,2114,59.0,1,auto,-55.9,5729718,25,60,2026-09-10-s1
2026-09-10 11:45:30+00:00,bench-04,2115,59.8,1,auto,-56.4,5739714,25,60,2026-09-10-s1
2026-09-10 11:45:40+00:00,bench-04,2103,59.2,1,auto,-57.7,5749717,25,60,2026-09-10-s1
2026-09-10 11:45:50+00:00,bench-04,2105,60.1,1,auto,-59.8,5759719,25,60,2026-09-10-s1
2026-09-10 11:46:00+00:00,bench-04,2111,60.4,1,auto,-59.2,5769718,25,60,2026-09-10-s1
2026-09-10 11:46:10+00:00,bench-04,2101,60.0,1,auto,-58.4,5779717,25,60,2026-09-10-s1
2026-09-10 11:46:20+00:00,bench-04,2089,59.9,1,auto,-59.6,5789714,25,60,2026-09-10-s1
2026-09-10 11:46:30+00:00,bench-04,2115,59.3,1,auto,-58.5,5799715,25,60,2026-09-10-s1
2026-09-10 11:46:40+00:00,bench-04,2106,59.3,1,auto,-58.7,5809715,25,60,2026-09-10-s1
2026-09-10 11:46:50+00:00,bench-04,2111,59.4,1,auto,-59.5,5819713,25,60,2026-09-10-s1
2026-09-10 11:47:00+00:00,bench-04,2104,59.4,1,auto,-59.0,5829715,25,60,2026-09-10-s1
2026-09-10 11:47:10+00:00,bench-04,2110,59.4,1,auto,-60.7,5839717,25,60,2026-09-10-s1
2026-09-10 11:47:20+00:00,bench-04,2138,59.9,1,auto,-60.7,5849714,25,60,2026-09-10-s1
2026-09-10 11:47:30+00:00,bench-04,2105,59.8,1,auto,-62.7,5859716,25,60,2026-09-10-s1
2026-09-10 11:47:40+00:00,bench-04,2103,59.3,1,auto,-61.6,5869712,25,60,2026-09-10-s1
2026-09-10 11:47:50+00:00,bench-04,2126,59.0,1,auto,-62.8,5879716,25,60,2026-09-10-s1
2026-09-10 11:48:00+00:00,bench-04,2099,59.6,1,auto,-62.8,5889720,25,60,2026-09-10-s1
2026-09-10 11:48:10+00:00,bench-04,2115,59.9,1,auto,-60.9,5899718,25,60,2026-09-10-s1
2026-09-10 11:48:20+00:00,bench-04,2110,59.0,1,auto,-59.8,5909718,25,60,2026-09-10-s1
2026-09-10 11:48:30+00:00,bench-04,2111,59.4,1,auto,-57.5,5919717,25,60,2026-09-10-s1
2026-09-10 11:48:40+00:00,bench-04,2090,60.4,1,auto,-57.5,5929719,25,60,2026-09-10-s1
2026-09-10 11:48:50+00:00,bench-04,2108,59.8,1,auto,-56.3,5939719,25,60,2026-09-10-s1
2026-09-10 11:49:00+00:00,bench-04,2093,59.8,1,auto,-56.1,5949716,25,60,2026-09-10-s1
2026-09-10 11:49:10+00:00,bench-04,2101,59.5,1,auto,-58.0,5959713,25,60,2026-09-10-s1
2026-09-10 11:49:20+00:00,bench-04,2095,59.5,1,auto,-59.0,5969716,25,60,2026-09-10-s1
2026-09-10 11:49:30+00:00,bench-04,2095,59.7,1,auto,-56.2,5979718,25,60,2026-09-10-s1
2026-09-10 11:49:40+00:00,bench-04,2118,59.2,1,auto,-57.2,5989716,25,60,2026-09-10-s1
2026-09-10 11:49:50+00:00,bench-04,2089,60.5,1,auto,-56.8,5999711,25,60,2026-09-10-s1
2026-09-10 11:50:00+00:00,bench-04,2095,59.6,1,auto,-55.5,6009715,25,60,2026-09-10-s1
2026-09-10 11:50:10+00:00,bench-04,2138,59.3,1,auto,-54.0,6019714,25,60,2026-09-10-s1
2026-09-10 11:50:20+00:00,bench-04,2115,59.6,1,auto,-52.3,6029717,25,60,2026-09-10-s1
2026-09-10 11:50:30+00:00,bench-04,2109,59.6,1,auto,-53.8,6039720,25,60,2026-09-10-s1
2026-09-10 11:50:40+00:00,bench-04,2095,59.3,1,auto,-52.8,6049722,25,60,2026-09-10-s1
2026-09-10 11:50:50+00:00,bench-04,2095,59.6,1,auto,-51.4,6059719,25,60,2026-09-10-s1
2026-09-10 11:51:00+00:00,bench-04,2118,59.4,1,auto,-51.7,6069722,25,60,2026-09-10-s1
2026-09-10 11:51:10+00:00,bench-04,2100,59.6,1,auto,-52.1,6079722,25,60,2026-09-10-s1
2026-09-10 11:51:20+00:00,bench-04,2093,59.5,1,auto,-52.9,6089726,25,60,2026-09-10-s1
2026-09-10 11:51:30+00:00,bench-04,2124,58.5,1,auto,-52.6,6099730,25,60,2026-09-10-s1
2026-09-10 11:51:40+00:00,bench-04,2114,60.3,1,auto,-53.0,6109726,25,60,2026-09-10-s1
2026-09-10 11:51:50+00:00,bench-04,2124,59.4,1,auto,-52.5,6119726,25,60,2026-09-10-s1
2026-09-10 11:52:00+00:00,bench-04,2113,58.7,1,auto,-50.7,6129724,25,60,2026-09-10-s1
2026-09-10 11:52:10+00:00,bench-04,2116,59.7,1,auto,-51.2,6139726,25,60,2026-09-10-s1
2026-09-10 11:52:20+00:00,bench-04,2103,59.0,1,auto,-50.8,6149725,25,60,2026-09-10-s1
2026-09-10 11:52:30+00:00,bench-04,2108,60.3,1,auto,-50.3,6159725,25,60,2026-09-10-s1
2026-09-10 11:52:40+00:00,bench-04,2115,59.5,1,auto,-49.9,6169725,25,60,2026-09-10-s1
2026-09-10 11:52:50+00:00,bench-04,2104,59.4,1,auto,-49.2,6179725,25,60,2026-09-10-s1
2026-09-10 11:53:00+00:00,bench-04,2108,60.0,1,auto,-49.0,6189720,25,60,2026-09-10-s1
2026-09-10 11:53:10+00:00,bench-04,2121,59.2,1,auto,-48.7,6199724,25,60,2026-09-10-s1
2026-09-10 11:53:20+00:00,bench-04,2101,59.5,1,auto,-47.6,6209724,25,60,2026-09-10-s1
2026-09-10 11:53:30+00:00,bench-04,2106,59.3,1,auto,-47.4,6219725,25,60,2026-09-10-s1
2026-09-10 11:53:40+00:00,bench-04,2113,59.5,1,auto,-47.3,6229721,25,60,2026-09-10-s1
2026-09-10 11:53:50+00:00,bench-04,2119,59.6,1,auto,-48.2,6239725,25,60,2026-09-10-s1
2026-09-10 11:54:00+00:00,bench-04,2116,60.0,1,auto,-49.2,6249722,25,60,2026-09-10-s1
2026-09-10 11:54:10+00:00,bench-04,2112,59.6,1,auto,-49.7,6259720,25,60,2026-09-10-s1
2026-09-10 11:54:20+00:00,bench-04,2090,59.9,1,auto,-48.1,6269715,25,60,2026-09-10-s1
2026-09-10 11:54:30+00:00,bench-04,2115,59.6,1,auto,-47.3,6279716,25,60,2026-09-10-s1
2026-09-10 11:54:40+00:00,bench-04,2112,60.0,1,auto,-50.8,6289715,25,60,2026-09-10-s1
2026-09-10 11:54:50+00:00,bench-04,2145,59.6,1,auto,-49.7,6299715,25,60,2026-09-10-s1
2026-09-10 11:55:00+00:00,bench-04,2112,59.0,1,auto,-49.9,6309715,25,60,2026-09-10-s1
2026-09-10 11:55:10+00:00,bench-04,2111,59.4,1,auto,-49.8,6319716,25,60,2026-09-10-s1
2026-09-10 11:55:20+00:00,bench-04,2094,60.3,1,auto,-50.6,6329718,25,60,2026-09-10-s1
2026-09-10 11:55:30+00:00,bench-04,2109,59.6,1,auto,-48.9,6339717,25,60,2026-09-10-s1
2026-09-10 11:55:40+00:00,bench-04,2101,59.9,1,auto,-47.8,6349715,25,60,2026-09-10-s1
2026-09-10 11:55:50+00:00,bench-04,2101,59.5,1,auto,-47.4,6359710,25,60,2026-09-10-s1
2026-09-10 11:56:00+00:00,bench-04,2096,59.5,1,auto,-45.6,6369705,25,60,2026-09-10-s1
2026-09-10 11:56:10+00:00,bench-04,2118,59.8,1,auto,-43.7,6379701,25,60,2026-09-10-s1
2026-09-10 11:56:20+00:00,bench-04,2117,59.9,1,auto,-43.7,6389700,25,60,2026-09-10-s1
2026-09-10 11:56:30+00:00,bench-04,2113,60.2,1,auto,-41.3,6399704,25,60,2026-09-10-s1
2026-09-10 11:56:40+00:00,bench-04,2112,59.4,1,auto,-41.5,6409706,25,60,2026-09-10-s1
2026-09-10 11:56:50+00:00,bench-04,2085,59.3,1,auto,-39.9,6419707,25,60,2026-09-10-s1
2026-09-10 11:57:00+00:00,bench-04,2102,59.6,1,auto,-41.0,6429707,25,60,2026-09-10-s1
2026-09-10 11:57:10+00:00,bench-04,2091,59.6,1,auto,-42.0,6439703,25,60,2026-09-10-s1
2026-09-10 11:57:20+00:00,bench-04,2074,60.1,1,auto,-43.8,6449704,25,60,2026-09-10-s1
2026-09-10 11:57:30+00:00,bench-04,2116,59.4,1,auto,-43.5,6459707,25,60,2026-09-10-s1
2026-09-10 11:57:40+00:00,bench-04,2098,59.7,1,auto,-41.2,6469702,25,60,2026-09-10-s1
2026-09-10 11:57:50+00:00,bench-04,2114,60.2,1,auto,-42.3,6479704,25,60,2026-09-10-s1
2026-09-10 11:58:00+00:00,bench-04,2092,60.3,1,auto,-43.9,6489701,25,60,2026-09-10-s1
2026-09-10 11:58:10+00:00,bench-04,2100,60.1,1,auto,-44.4,6499703,25,60,2026-09-10-s1
2026-09-10 11:58:20+00:00,bench-04,2130,59.4,1,auto,-43.0,6509700,25,60,2026-09-10-s1
2026-09-10 11:58:30+00:00,bench-04,2110,60.0,1,auto,-42.4,6519702,25,60,2026-09-10-s1
2026-09-10 11:58:40+00:00,bench-04,2107,59.9,1,auto,-43.2,6529698,25,60,2026-09-10-s1
2026-09-10 11:58:50+00:00,bench-04,2110,59.7,1,auto,-43.2,6539693,25,60,2026-09-10-s1
2026-09-10 11:59:00+00:00,bench-04,2103,60.3,1,auto,-42.8,6549689,25,60,2026-09-10-s1
2026-09-10 11:59:10+00:00,bench-04,2098,60.1,1,auto,-43.0,6559692,25,60,2026-09-10-s1
2026-09-10 11:59:20+00:00,bench-04,2102,59.9,1,auto,-43.7,6569695,25,60,2026-09-10-s1
2026-09-10 11:59:30+00:00,bench-04,2109,59.4,1,auto,-44.0,6579698,25,60,2026-09-10-s1
2026-09-10 11:59:40+00:00,bench-04,2092,60.0,1,auto,-44.0,6589693,25,60,2026-09-10-s1
2026-09-10 11:59:50+00:00,bench-04,2105,59.5,1,auto,-45.4,6599689,25,60,2026-09-10-s1
2026-09-11 14:00:00+00:00,bench-04,2239,53.6,0,auto,-63.7,10001,25,60,2026-09-11-s1
2026-09-11 14:00:10+00:00,bench-04,2246,52.3,0,auto,-62.7,20003,25,60,2026-09-11-s1
2026-09-11 14:00:20+00:00,bench-04,2255,52.3,0,auto,-60.6,29998,25,60,2026-09-11-s1
2026-09-11 14:00:30+00:00,bench-04,2284,51.0,0,auto,-57.3,39999,25,60,2026-09-11-s1
2026-09-11 14:00:40+00:00,bench-04,2280,51.5,0,auto,-56.7,50000,25,60,2026-09-11-s1
2026-09-11 14:00:50+00:00,bench-04,2281,50.3,0,auto,-57.6,59996,25,60,2026-09-11-s1
2026-09-11 14:01:00+00:00,bench-04,2311,49.8,0,auto,-58.4,69999,25,60,2026-09-11-s1
2026-09-11 14:01:10+00:00,bench-04,2307,49.9,0,auto,-58.2,79998,25,60,2026-09-11-s1
2026-09-11 14:01:20+00:00,bench-04,2297,49.1,0,auto,-58.8,89997,25,60,2026-09-11-s1
2026-09-11 14:01:30+00:00,bench-04,2320,48.9,0,auto,-59.6,99994,25,60,2026-09-11-s1
2026-09-11 14:01:40+00:00,bench-04,2317,48.6,0,auto,-60.9,109997,25,60,2026-09-11-s1
2026-09-11 14:01:50+00:00,bench-04,2341,48.2,0,auto,-62.6,120001,25,60,2026-09-11-s1
2026-09-11 14:02:00+00:00,bench-04,2332,48.2,0,auto,-62.7,130001,25,60,2026-09-11-s1
2026-09-11 14:02:10+00:00,bench-04,2349,47.3,0,auto,-63.9,139998,25,60,2026-09-11-s1
2026-09-11 14:02:20+00:00,bench-04,2371,46.6,0,auto,-64.0,149999,25,60,2026-09-11-s1
2026-09-11 14:02:30+00:00,bench-04,2366,46.6,0,auto,-64.3,159994,25,60,2026-09-11-s1
2026-09-11 14:02:40+00:00,bench-04,2363,46.2,0,auto,-66.6,169991,25,60,2026-09-11-s1
2026-09-11 14:02:50+00:00,bench-04,2398,45.7,0,auto,-67.1,179986,25,60,2026-09-11-s1
2026-09-11 14:03:00+00:00,bench-04,2373,45.6,0,auto,-68.6,189981,25,60,2026-09-11-s1
2026-09-11 14:03:10+00:00,bench-04,2387,44.8,0,auto,-68.0,199978,25,60,2026-09-11-s1
2026-09-11 14:03:20+00:00,bench-04,2404,44.8,0,auto,-66.9,209978,25,60,2026-09-11-s1
2026-09-11 14:03:30+00:00,bench-04,2397,44.5,0,auto,-68.1,219981,25,60,2026-09-11-s1
2026-09-11 14:03:40+00:00,bench-04,2400,44.3,0,auto,-69.5,229981,25,60,2026-09-11-s1
2026-09-11 14:03:50+00:00,bench-04,2442,43.8,0,auto,-69.9,239978,25,60,2026-09-11-s1
2026-09-11 14:04:00+00:00,bench-04,2459,42.7,0,auto,-67.6,249981,25,60,2026-09-11-s1
2026-09-11 14:04:10+00:00,bench-04,2437,42.8,0,auto,-68.8,259985,25,60,2026-09-11-s1
2026-09-11 14:04:20+00:00,bench-04,2446,42.4,0,auto,-69.7,269989,25,60,2026-09-11-s1
2026-09-11 14:04:30+00:00,bench-04,2441,42.8,0,auto,-69.5,279988,25,60,2026-09-11-s1
2026-09-11 14:04:40+00:00,bench-04,2461,41.9,0,auto,-69.6,289988,25,60,2026-09-11-s1
2026-09-11 14:04:50+00:00,bench-04,2443,41.7,0,auto,-68.7,299991,25,60,2026-09-11-s1
2026-09-11 14:05:00+00:00,bench-04,2460,41.2,0,auto,-70.4,309990,25,60,2026-09-11-s1
2026-09-11 14:05:10+00:00,bench-04,2473,40.8,0,auto,-70.0,319994,25,60,2026-09-11-s1
2026-09-11 14:05:20+00:00,bench-04,2487,40.9,0,auto,-69.6,329994,25,60,2026-09-11-s1
2026-09-11 14:05:30+00:00,bench-04,2520,39.8,0,auto,-67.4,339998,25,60,2026-09-11-s1
2026-09-11 14:05:40+00:00,bench-04,2509,40.4,0,auto,-66.1,349997,25,60,2026-09-11-s1
2026-09-11 14:05:50+00:00,bench-04,2500,39.7,0,auto,-64.8,359993,25,60,2026-09-11-s1
2026-09-11 14:06:00+00:00,bench-04,2505,39.1,0,auto,-62.9,369988,25,60,2026-09-11-s1
2026-09-11 14:06:10+00:00,bench-04,2537,39.0,0,auto,-63.2,379985,25,60,2026-09-11-s1
2026-09-11 14:06:20+00:00,bench-04,2527,39.3,0,auto,-64.0,389986,25,60,2026-09-11-s1
2026-09-11 14:06:30+00:00,bench-04,2535,38.6,0,auto,-63.0,399988,25,60,2026-09-11-s1
2026-09-11 14:06:40+00:00,bench-04,2539,38.8,0,auto,-64.3,409983,25,60,2026-09-11-s1
2026-09-11 14:06:50+00:00,bench-04,2538,38.3,0,auto,-66.6,419979,25,60,2026-09-11-s1
2026-09-11 14:07:00+00:00,bench-04,2543,37.3,0,auto,-68.0,429982,25,60,2026-09-11-s1
2026-09-11 14:07:10+00:00,bench-04,2553,37.2,0,auto,-66.8,439979,25,60,2026-09-11-s1
2026-09-11 14:07:20+00:00,bench-04,2563,37.0,0,auto,-66.8,449976,25,60,2026-09-11-s1
2026-09-11 14:07:30+00:00,bench-04,2559,36.5,0,auto,-67.7,459977,25,60,2026-09-11-s1
2026-09-11 14:07:40+00:00,bench-04,2589,35.6,0,auto,-66.8,469981,25,60,2026-09-11-s1
2026-09-11 14:07:50+00:00,bench-04,2584,35.4,0,auto,-68.4,479980,25,60,2026-09-11-s1
2026-09-11 14:08:00+00:00,bench-04,2577,34.8,0,auto,-67.5,489983,25,60,2026-09-11-s1
2026-09-11 14:08:10+00:00,bench-04,2590,35.4,0,auto,-67.7,499982,25,60,2026-09-11-s1
2026-09-11 14:08:20+00:00,bench-04,2597,35.2,0,auto,-68.6,509982,25,60,2026-09-11-s1
2026-09-11 14:08:30+00:00,bench-04,2620,34.0,0,auto,-69.7,519977,25,60,2026-09-11-s1
2026-09-11 14:08:40+00:00,bench-04,2627,34.4,0,auto,-69.4,529981,25,60,2026-09-11-s1
2026-09-11 14:08:50+00:00,bench-04,2622,34.0,0,auto,-71.1,539977,25,60,2026-09-11-s1
2026-09-11 14:09:00+00:00,bench-04,2621,33.6,0,auto,-72.1,549978,25,60,2026-09-11-s1
2026-09-11 14:09:10+00:00,bench-04,2612,33.4,0,auto,-72.0,559980,25,60,2026-09-11-s1
2026-09-11 14:09:20+00:00,bench-04,2632,33.2,0,auto,-71.0,569977,25,60,2026-09-11-s1
2026-09-11 14:09:30+00:00,bench-04,2641,32.8,0,auto,-71.8,579979,25,60,2026-09-11-s1
2026-09-11 14:09:40+00:00,bench-04,2644,32.6,0,auto,-71.1,589978,25,60,2026-09-11-s1
2026-09-11 14:09:50+00:00,bench-04,2635,32.9,0,auto,-69.6,599973,25,60,2026-09-11-s1
2026-09-11 14:10:00+00:00,bench-04,2672,32.1,0,auto,-69.4,609971,25,60,2026-09-11-s1
2026-09-11 14:10:10+00:00,bench-04,2644,32.4,0,auto,-69.8,619967,25,60,2026-09-11-s1
2026-09-11 14:10:20+00:00,bench-04,2636,32.6,0,auto,-70.6,629966,25,60,2026-09-11-s1
2026-09-11 14:10:30+00:00,bench-04,2652,32.3,0,auto,-69.9,639961,25,60,2026-09-11-s1
2026-09-11 14:10:40+00:00,bench-04,2682,31.1,0,auto,-69.8,649957,25,60,2026-09-11-s1
2026-09-11 14:10:50+00:00,bench-04,2647,31.9,0,auto,-69.6,659953,25,60,2026-09-11-s1
2026-09-11 14:11:00+00:00,bench-04,2659,30.9,0,auto,-69.4,669951,25,60,2026-09-11-s1
2026-09-11 14:11:10+00:00,bench-04,2704,30.9,0,auto,-69.5,679955,25,60,2026-09-11-s1
2026-09-11 14:11:20+00:00,bench-04,2702,30.0,0,auto,-70.4,689956,25,60,2026-09-11-s1
2026-09-11 14:11:30+00:00,bench-04,2695,30.6,0,auto,-71.4,699959,25,60,2026-09-11-s1
2026-09-11 14:11:40+00:00,bench-04,2660,30.8,0,auto,-72.1,709955,25,60,2026-09-11-s1
2026-09-11 14:11:50+00:00,bench-04,2701,29.3,0,auto,-71.7,719959,25,60,2026-09-11-s1
2026-09-11 14:12:00+00:00,bench-04,2703,29.9,0,auto,-71.4,729959,25,60,2026-09-11-s1
2026-09-11 14:12:10+00:00,bench-04,2696,29.3,0,auto,-72.9,739963,25,60,2026-09-11-s1
2026-09-11 14:12:20+00:00,bench-04,2709,28.7,0,auto,-72.1,749960,25,60,2026-09-11-s1
2026-09-11 14:12:30+00:00,bench-04,2708,29.1,0,auto,-74.2,759962,25,60,2026-09-11-s1
2026-09-11 14:12:40+00:00,bench-04,2699,28.9,0,auto,-73.1,769966,25,60,2026-09-11-s1
2026-09-11 14:12:50+00:00,bench-04,2724,28.3,0,auto,-75.3,779965,25,60,2026-09-11-s1
2026-09-11 14:13:00+00:00,bench-04,2729,28.8,0,auto,-75.6,789962,25,60,2026-09-11-s1
2026-09-11 14:13:10+00:00,bench-04,2746,27.6,0,auto,-74.8,799964,25,60,2026-09-11-s1
2026-09-11 14:13:20+00:00,bench-04,2722,28.2,0,auto,-75.0,809965,25,60,2026-09-11-s1
2026-09-11 14:13:30+00:00,bench-04,2735,28.0,0,auto,-73.4,819961,25,60,2026-09-11-s1
2026-09-11 14:13:40+00:00,bench-04,2757,27.4,0,auto,-73.1,829957,25,60,2026-09-11-s1
2026-09-11 14:13:50+00:00,bench-04,2750,27.3,0,auto,-74.4,839954,25,60,2026-09-11-s1
2026-09-11 14:14:00+00:00,bench-04,2777,27.2,0,auto,-75.5,849958,25,60,2026-09-11-s1
2026-09-11 14:14:10+00:00,bench-04,2760,26.4,0,auto,-76.1,859953,25,60,2026-09-11-s1
2026-09-11 14:14:20+00:00,bench-04,2748,27.3,0,auto,-76.8,869955,25,60,2026-09-11-s1
2026-09-11 14:14:30+00:00,bench-04,2747,27.0,0,auto,-77.8,879957,25,60,2026-09-11-s1
2026-09-11 14:14:40+00:00,bench-04,2784,26.3,0,auto,-80.8,889959,25,60,2026-09-11-s1
2026-09-11 14:14:50+00:00,bench-04,2780,25.8,0,auto,-82.6,899957,25,60,2026-09-11-s1
2026-09-11 14:15:00+00:00,bench-04,2751,26.6,0,auto,-81.6,909954,25,60,2026-09-11-s1
2026-09-11 14:15:10+00:00,bench-04,2759,26.1,0,auto,-80.3,919949,25,60,2026-09-11-s1
2026-09-11 14:15:20+00:00,bench-04,2791,25.3,0,auto,-79.4,929948,25,60,2026-09-11-s1
2026-09-11 14:15:30+00:00,bench-04,2811,24.8,0,auto,-80.5,939952,25,60,2026-09-11-s1
2026-09-11 14:15:40+00:00,bench-04,2802,24.7,0,auto,-80.9,949950,25,60,2026-09-11-s1
2026-09-11 14:15:50+00:00,bench-04,2789,25.2,0,auto,-80.3,959946,25,60,2026-09-11-s1
2026-09-11 14:16:00+00:00,bench-04,2764,25.9,1,auto,-78.2,969942,25,60,2026-09-11-s1
2026-09-11 14:16:10+00:00,bench-04,2786,25.3,1,auto,-76.6,979946,25,60,2026-09-11-s1
2026-09-11 14:16:20+00:00,bench-04,2770,26.1,1,auto,-75.3,989942,25,60,2026-09-11-s1
2026-09-11 14:16:30+00:00,bench-04,2780,26.0,1,auto,-76.7,999942,25,60,2026-09-11-s1
2026-09-11 14:16:40+00:00,bench-04,2760,26.7,1,auto,-76.8,1009945,25,60,2026-09-11-s1
2026-09-11 14:16:50+00:00,bench-04,2756,27.1,1,auto,-76.2,1019942,25,60,2026-09-11-s1
2026-09-11 14:17:00+00:00,bench-04,2726,27.5,1,auto,-75.5,1029946,25,60,2026-09-11-s1
2026-09-11 14:17:10+00:00,bench-04,2739,27.8,1,auto,-72.7,1039949,25,60,2026-09-11-s1
2026-09-11 14:17:20+00:00,bench-04,2721,28.3,1,auto,-73.9,1049953,25,60,2026-09-11-s1
2026-09-11 14:17:30+00:00,bench-04,2711,27.8,1,auto,-75.8,1059957,25,60,2026-09-11-s1
2026-09-11 14:17:40+00:00,bench-04,2722,28.4,1,auto,-74.9,1069955,25,60,2026-09-11-s1
2026-09-11 14:17:50+00:00,bench-04,2727,29.0,1,auto,-76.6,1079953,25,60,2026-09-11-s1
2026-09-11 14:18:00+00:00,bench-04,2711,29.7,1,auto,-75.6,1089954,25,60,2026-09-11-s1
2026-09-11 14:18:10+00:00,bench-04,2679,29.7,1,auto,-77.0,1099955,25,60,2026-09-11-s1
2026-09-11 14:18:20+00:00,bench-04,2700,30.4,1,auto,-78.3,1109958,25,60,2026-09-11-s1
2026-09-11 14:18:30+00:00,bench-04,2670,31.2,1,auto,-78.5,1119957,25,60,2026-09-11-s1
2026-09-11 14:18:40+00:00,bench-04,2684,31.0,1,auto,-81.8,1129960,25,60,2026-09-11-s1
2026-09-11 14:18:50+00:00,bench-04,2657,31.6,1,auto,-81.6,1139959,25,60,2026-09-11-s1
2026-09-11 14:19:00+00:00,bench-04,2691,31.4,1,auto,-83.5,1149962,25,60,2026-09-11-s1
2026-09-11 14:19:10+00:00,bench-04,2672,31.5,1,auto,-83.3,1159962,25,60,2026-09-11-s1
2026-09-11 14:19:20+00:00,bench-04,2645,32.2,1,auto,-83.7,1169958,25,60,2026-09-11-s1
2026-09-11 14:19:30+00:00,bench-04,2637,33.1,1,auto,-83.3,1179955,25,60,2026-09-11-s1
2026-09-11 14:19:40+00:00,bench-04,2636,33.1,1,auto,-84.2,1189954,25,60,2026-09-11-s1
2026-09-11 14:19:50+00:00,bench-04,2640,33.4,1,auto,-84.8,1199957,25,60,2026-09-11-s1
2026-09-11 14:20:00+00:00,bench-04,2623,33.1,1,auto,-85.6,1209954,25,60,2026-09-11-s1
2026-09-11 14:20:10+00:00,bench-04,2619,34.6,1,auto,-85.9,1219958,25,60,2026-09-11-s1
2026-09-11 14:20:20+00:00,bench-04,2614,33.7,1,auto,-85.4,1229956,25,60,2026-09-11-s1
2026-09-11 14:20:30+00:00,bench-04,2593,34.4,1,auto,-86.0,1239953,25,60,2026-09-11-s1
2026-09-11 14:20:40+00:00,bench-04,2594,35.3,1,auto,-87.6,1249949,25,60,2026-09-11-s1
2026-09-11 14:20:50+00:00,bench-04,2611,35.2,1,auto,-88.5,1259944,25,60,2026-09-11-s1
2026-09-11 14:21:00+00:00,bench-04,2598,35.2,1,auto,-88.8,1269947,25,60,2026-09-11-s1
2026-09-11 14:21:10+00:00,bench-04,2589,35.7,1,auto,-87.9,1279946,25,60,2026-09-11-s1
2026-09-11 14:21:20+00:00,bench-04,2588,35.4,1,auto,-87.5,1289946,25,60,2026-09-11-s1
2026-09-11 14:21:30+00:00,bench-04,2551,35.9,1,auto,-87.8,1299950,25,60,2026-09-11-s1
2026-09-11 14:21:40+00:00,bench-04,2561,37.0,1,auto,-88.4,1309949,25,60,2026-09-11-s1
2026-09-11 14:21:50+00:00,bench-04,2578,36.5,1,auto,-86.6,1319946,25,60,2026-09-11-s1
2026-09-11 14:22:00+00:00,bench-04,2546,36.9,1,auto,-87.1,1329945,25,60,2026-09-11-s1
2026-09-11 14:22:10+00:00,bench-04,2572,37.3,1,auto,-87.8,1339941,25,60,2026-09-11-s1
2026-09-11 14:22:20+00:00,bench-04,2538,38.2,1,auto,-88.8,1349942,25,60,2026-09-11-s1
2026-09-11 14:22:30+00:00,bench-04,2522,38.2,1,auto,-88.1,1359940,25,60,2026-09-11-s1
2026-09-11 14:22:40+00:00,bench-04,2542,38.3,1,auto,-89.0,1369938,25,60,2026-09-11-s1
2026-09-11 14:22:50+00:00,bench-04,2521,38.8,1,auto,-89.5,1379939,25,60,2026-09-11-s1
2026-09-11 14:23:00+00:00,bench-04,2506,38.7,1,auto,-88.9,1389939,25,60,2026-09-11-s1
2026-09-11 14:23:10+00:00,bench-04,2522,39.3,1,auto,-88.4,1399935,25,60,2026-09-11-s1
2026-09-11 14:23:20+00:00,bench-04,2503,39.0,1,auto,-88.5,1409936,25,60,2026-09-11-s1
2026-09-11 14:23:30+00:00,bench-04,2493,40.0,1,auto,-87.7,1419940,25,60,2026-09-11-s1
2026-09-11 14:23:40+00:00,bench-04,2470,40.9,1,auto,-88.5,1429937,25,60,2026-09-11-s1
2026-09-11 14:23:50+00:00,bench-04,2500,40.3,1,auto,-87.6,1439941,25,60,2026-09-11-s1
2026-09-11 14:24:00+00:00,bench-04,2524,39.5,1,auto,-89.2,1449936,25,60,2026-09-11-s1
2026-09-11 14:24:10+00:00,bench-04,2484,41.0,1,auto,-90.0,1459938,25,60,2026-09-11-s1
2026-09-11 14:24:20+00:00,bench-04,2493,40.8,1,auto,-88.2,1469935,25,60,2026-09-11-s1
2026-09-11 14:24:30+00:00,bench-04,2471,41.4,1,auto,-87.7,1479932,25,60,2026-09-11-s1
2026-09-11 14:24:40+00:00,bench-04,2453,41.1,1,auto,-85.8,1489929,25,60,2026-09-11-s1
2026-09-11 14:24:50+00:00,bench-04,2439,42.1,1,auto,-85.5,1499925,25,60,2026-09-11-s1
2026-09-11 14:25:00+00:00,bench-04,2480,41.6,1,auto,-85.5,1509928,25,60,2026-09-11-s1
2026-09-11 14:25:10+00:00,bench-04,2449,41.6,1,auto,-87.2,1519927,25,60,2026-09-11-s1
2026-09-11 14:25:20+00:00,bench-04,2462,41.8,1,auto,-87.2,1529929,25,60,2026-09-11-s1
2026-09-11 14:25:30+00:00,bench-04,2464,42.1,1,auto,-87.4,1539931,25,60,2026-09-11-s1
2026-09-11 14:25:40+00:00,bench-04,2458,43.1,1,auto,-85.8,1549931,25,60,2026-09-11-s1
2026-09-11 14:25:50+00:00,bench-04,2429,42.9,1,auto,-86.7,1559930,25,60,2026-09-11-s1
2026-09-11 14:26:00+00:00,bench-04,2427,43.4,1,auto,-87.5,1569927,25,60,2026-09-11-s1
2026-09-11 14:26:10+00:00,bench-04,2447,42.9,1,auto,-89.2,1579928,25,60,2026-09-11-s1
2026-09-11 14:26:20+00:00,bench-04,2431,43.8,1,auto,-90.0,1589926,25,60,2026-09-11-s1
2026-09-11 14:26:30+00:00,bench-04,2418,43.9,1,auto,-90.0,1599929,25,60,2026-09-11-s1
2026-09-11 14:26:40+00:00,bench-04,2441,44.0,1,auto,-90.0,1609926,25,60,2026-09-11-s1
2026-09-11 14:26:50+00:00,bench-04,2411,44.3,1,auto,-88.1,1619924,25,60,2026-09-11-s1
2026-09-11 14:27:00+00:00,bench-04,2422,43.8,1,auto,-85.7,1629926,25,60,2026-09-11-s1
2026-09-11 14:27:10+00:00,bench-04,2384,44.8,1,auto,-86.2,1639925,25,60,2026-09-11-s1
2026-09-11 14:27:20+00:00,bench-04,2396,45.0,1,auto,-85.4,1649923,25,60,2026-09-11-s1
2026-09-11 14:27:30+00:00,bench-04,2396,44.9,1,auto,-85.8,1659921,25,60,2026-09-11-s1
2026-09-11 14:27:40+00:00,bench-04,2374,45.9,1,auto,-87.4,1669918,25,60,2026-09-11-s1
2026-09-11 14:27:50+00:00,bench-04,2378,45.7,1,auto,-87.7,1679918,25,60,2026-09-11-s1
2026-09-11 14:28:00+00:00,bench-04,2391,45.7,1,auto,-86.6,1689916,25,60,2026-09-11-s1
2026-09-11 14:28:10+00:00,bench-04,2368,45.9,1,auto,-87.7,1699917,25,60,2026-09-11-s1
2026-09-11 14:28:20+00:00,bench-04,2372,45.7,1,auto,-86.9,1709916,25,60,2026-09-11-s1
2026-09-11 14:28:30+00:00,bench-04,2364,46.1,1,auto,-85.9,1719911,25,60,2026-09-11-s1
2026-09-11 14:28:40+00:00,bench-04,2357,46.8,1,auto,-86.7,1729911,25,60,2026-09-11-s1
2026-09-11 14:28:50+00:00,bench-04,2378,46.1,1,auto,-84.7,1739911,25,60,2026-09-11-s1
2026-09-11 14:29:00+00:00,bench-04,2367,47.0,1,auto,-84.0,1749910,25,60,2026-09-11-s1
2026-09-11 14:29:10+00:00,bench-04,2410,46.6,1,auto,-84.1,1759909,25,60,2026-09-11-s1
2026-09-11 14:29:20+00:00,bench-04,2372,46.5,1,auto,-84.4,1769904,25,60,2026-09-11-s1
2026-09-11 14:29:30+00:00,bench-04,2360,47.2,1,auto,-83.8,1779906,25,60,2026-09-11-s1
2026-09-11 14:29:40+00:00,bench-04,2326,48.4,1,auto,-83.3,1789907,25,60,2026-09-11-s1
2026-09-11 14:29:50+00:00,bench-04,2351,47.0,1,auto,-84.1,1799903,25,60,2026-09-11-s1
2026-09-11 14:30:00+00:00,bench-04,2351,48.2,1,auto,-85.4,1809900,25,60,2026-09-11-s1
2026-09-11 14:30:10+00:00,bench-04,2338,48.2,1,auto,-84.8,1819902,25,60,2026-09-11-s1
2026-09-11 14:30:20+00:00,bench-04,2310,48.7,1,auto,-84.3,1829898,25,60,2026-09-11-s1
2026-09-11 14:30:30+00:00,bench-04,2361,48.3,1,auto,-84.7,1839902,25,60,2026-09-11-s1
2026-09-11 14:30:40+00:00,bench-04,2301,48.6,1,auto,-83.9,1849903,25,60,2026-09-11-s1
2026-09-11 14:30:50+00:00,bench-04,2333,48.4,1,auto,-84.3,1859907,25,60,2026-09-11-s1
2026-09-11 14:31:00+00:00,bench-04,2321,48.6,1,auto,-81.2,1869911,25,60,2026-09-11-s1
2026-09-11 14:31:10+00:00,bench-04,2311,49.5,1,auto,-79.1,1879909,25,60,2026-09-11-s1
2026-09-11 14:31:20+00:00,bench-04,2299,49.7,1,auto,-79.5,1889910,25,60,2026-09-11-s1
2026-09-11 14:31:30+00:00,bench-04,2340,48.8,1,auto,-80.0,1899907,25,60,2026-09-11-s1
2026-09-11 14:31:40+00:00,bench-04,2304,49.8,1,auto,-79.3,1909908,25,60,2026-09-11-s1
2026-09-11 14:31:50+00:00,bench-04,2281,49.8,1,auto,-80.9,1919908,25,60,2026-09-11-s1
2026-09-11 14:32:00+00:00,bench-04,2299,50.5,1,auto,-80.8,1929905,25,60,2026-09-11-s1
2026-09-11 14:32:10+00:00,bench-04,2275,50.7,1,auto,-80.8,1939902,25,60,2026-09-11-s1
2026-09-11 14:32:20+00:00,bench-04,2284,50.3,1,auto,-82.2,1949898,25,60,2026-09-11-s1
2026-09-11 14:32:30+00:00,bench-04,2332,49.9,1,auto,-81.3,1959897,25,60,2026-09-11-s1
2026-09-11 14:32:40+00:00,bench-04,2309,50.4,1,auto,-80.5,1969898,25,60,2026-09-11-s1
2026-09-11 14:32:50+00:00,bench-04,2269,51.0,1,auto,-78.8,1979902,25,60,2026-09-11-s1
2026-09-11 14:33:00+00:00,bench-04,2275,51.5,1,auto,-77.8,1989905,25,60,2026-09-11-s1
2026-09-11 14:33:10+00:00,bench-04,2284,51.2,1,auto,-80.6,1999903,25,60,2026-09-11-s1
2026-09-11 14:33:20+00:00,bench-04,2254,51.3,1,auto,-80.6,2009903,25,60,2026-09-11-s1
2026-09-11 14:33:30+00:00,bench-04,2255,51.7,1,auto,-79.2,2019904,25,60,2026-09-11-s1
2026-09-11 14:33:40+00:00,bench-04,2274,51.2,1,auto,-78.8,2029907,25,60,2026-09-11-s1
2026-09-11 14:33:50+00:00,bench-04,2270,51.3,1,auto,-79.9,2039911,25,60,2026-09-11-s1
2026-09-11 14:34:00+00:00,bench-04,2270,51.5,1,auto,-81.4,2049910,25,60,2026-09-11-s1
2026-09-11 14:34:10+00:00,bench-04,2268,52.7,1,auto,-82.9,2059907,25,60,2026-09-11-s1
2026-09-11 14:34:20+00:00,bench-04,2245,52.5,1,auto,-83.8,2069911,25,60,2026-09-11-s1
2026-09-11 14:34:30+00:00,bench-04,2276,51.8,1,auto,-83.2,2079914,25,60,2026-09-11-s1
2026-09-11 14:34:40+00:00,bench-04,2240,52.0,1,auto,-82.5,2089913,25,60,2026-09-11-s1
2026-09-11 14:34:50+00:00,bench-04,2262,52.2,1,auto,-81.0,2099913,25,60,2026-09-11-s1
2026-09-11 14:35:00+00:00,bench-04,2253,52.7,1,auto,-81.0,2109911,25,60,2026-09-11-s1
2026-09-11 14:35:10+00:00,bench-04,2242,52.7,1,auto,-81.3,2119914,25,60,2026-09-11-s1
2026-09-11 14:35:20+00:00,bench-04,2234,52.9,1,auto,-80.2,2129914,25,60,2026-09-11-s1
2026-09-11 14:35:30+00:00,bench-04,2240,53.1,1,auto,-80.7,2139917,25,60,2026-09-11-s1
2026-09-11 14:35:40+00:00,bench-04,2220,53.9,1,auto,-82.7,2149921,25,60,2026-09-11-s1
2026-09-11 14:35:50+00:00,bench-04,2253,53.4,1,auto,-81.9,2159919,25,60,2026-09-11-s1
2026-09-11 14:36:00+00:00,bench-04,2226,53.8,1,auto,-81.8,2169914,25,60,2026-09-11-s1
2026-09-11 14:36:10+00:00,bench-04,2237,53.2,1,auto,-82.4,2179914,25,60,2026-09-11-s1
2026-09-11 14:36:20+00:00,bench-04,2218,53.8,1,auto,-83.1,2189918,25,60,2026-09-11-s1
2026-09-11 14:36:30+00:00,bench-04,2203,54.4,1,auto,-80.7,2199921,25,60,2026-09-11-s1
2026-09-11 14:36:40+00:00,bench-04,2227,53.4,1,auto,-79.4,2209918,25,60,2026-09-11-s1
2026-09-11 14:36:50+00:00,bench-04,2202,53.5,1,auto,-78.6,2219919,25,60,2026-09-11-s1
2026-09-11 14:37:00+00:00,bench-04,2227,54.2,1,auto,-79.1,2229919,25,60,2026-09-11-s1
2026-09-11 14:37:10+00:00,bench-04,2207,54.3,1,auto,-80.2,2239920,25,60,2026-09-11-s1
2026-09-11 14:37:20+00:00,bench-04,2201,55.1,1,auto,-78.7,2249920,25,60,2026-09-11-s1
2026-09-11 14:37:30+00:00,bench-04,2204,54.6,1,auto,-79.1,2259924,25,60,2026-09-11-s1
2026-09-11 14:37:40+00:00,bench-04,2201,54.7,1,auto,-80.5,2269920,25,60,2026-09-11-s1
2026-09-11 14:37:50+00:00,bench-04,2214,54.7,1,auto,-81.2,2279923,25,60,2026-09-11-s1
2026-09-11 14:38:00+00:00,bench-04,2214,54.4,1,auto,-82.6,2289924,25,60,2026-09-11-s1
2026-09-11 14:38:10+00:00,bench-04,2194,55.5,1,auto,-82.5,2299924,25,60,2026-09-11-s1
2026-09-11 14:38:20+00:00,bench-04,2202,55.5,1,auto,-82.6,2309928,25,60,2026-09-11-s1
2026-09-11 14:38:30+00:00,bench-04,2240,54.5,1,auto,-83.1,2319926,25,60,2026-09-11-s1
2026-09-11 14:38:40+00:00,bench-04,2197,55.2,1,auto,-83.4,2329927,25,60,2026-09-11-s1
2026-09-11 14:38:50+00:00,bench-04,2185,55.5,1,auto,-83.4,2339928,25,60,2026-09-11-s1
2026-09-11 14:39:00+00:00,bench-04,2149,57.0,1,auto,-85.0,2349931,25,60,2026-09-11-s1
2026-09-11 14:39:10+00:00,bench-04,2205,55.4,1,auto,-84.8,2359935,25,60,2026-09-11-s1
2026-09-11 14:39:20+00:00,bench-04,2181,55.8,1,auto,-84.3,2369931,25,60,2026-09-11-s1
2026-09-11 14:39:30+00:00,bench-04,2208,55.4,1,auto,-83.2,2379929,25,60,2026-09-11-s1
2026-09-11 14:39:40+00:00,bench-04,2173,56.2,1,auto,-80.6,2389925,25,60,2026-09-11-s1
2026-09-11 14:39:50+00:00,bench-04,2194,56.0,1,auto,-79.4,2399925,25,60,2026-09-11-s1
2026-09-11 14:40:00+00:00,bench-04,2182,56.0,1,auto,-79.5,2409924,25,60,2026-09-11-s1
2026-09-11 14:40:10+00:00,bench-04,2182,56.1,1,auto,-79.7,2419928,25,60,2026-09-11-s1
2026-09-11 14:40:20+00:00,bench-04,2167,56.0,1,auto,-78.8,2429924,25,60,2026-09-11-s1
2026-09-11 14:40:30+00:00,bench-04,2194,56.5,1,auto,-78.8,2439923,25,60,2026-09-11-s1
2026-09-11 14:40:50+00:00,bench-04,2185,56.5,1,auto,-79.5,2459922,25,60,2026-09-11-s1
2026-09-11 14:41:00+00:00,bench-04,2159,56.8,1,auto,-80.1,2469924,25,60,2026-09-11-s1
2026-09-11 14:41:10+00:00,bench-04,2180,55.8,1,auto,-79.6,2479923,25,60,2026-09-11-s1
2026-09-11 14:41:20+00:00,bench-04,2164,56.7,1,auto,-79.5,2489920,25,60,2026-09-11-s1
2026-09-11 14:41:30+00:00,bench-04,2156,56.6,1,auto,-79.7,2499918,25,60,2026-09-11-s1
2026-09-11 14:41:40+00:00,bench-04,2188,56.3,1,auto,-78.9,2509916,25,60,2026-09-11-s1
2026-09-11 14:41:50+00:00,bench-04,0,120.0,1,auto,-76.2,2519919,25,60,2026-09-11-s1
2026-09-11 14:42:00+00:00,bench-04,2162,56.9,1,auto,-75.1,2529921,25,60,2026-09-11-s1
2026-09-11 14:42:10+00:00,bench-04,2165,57.0,1,auto,-76.8,2539920,25,60,2026-09-11-s1
2026-09-11 14:42:20+00:00,bench-04,2167,57.5,1,auto,-76.7,2549915,25,60,2026-09-11-s1
2026-09-11 14:42:30+00:00,bench-04,2155,57.4,1,auto,-75.8,2559916,25,60,2026-09-11-s1
2026-09-11 14:42:40+00:00,bench-04,2167,57.2,1,auto,-76.0,2569911,25,60,2026-09-11-s1
2026-09-11 14:42:50+00:00,bench-04,2137,58.2,1,auto,-76.0,2579906,25,60,2026-09-11-s1
2026-09-11 14:43:00+00:00,bench-04,2175,57.0,1,auto,-75.6,2589910,25,60,2026-09-11-s1
2026-09-11 14:43:10+00:00,bench-04,2123,57.4,1,auto,-74.7,2599910,25,60,2026-09-11-s1
2026-09-11 14:43:20+00:00,bench-04,2140,58.4,1,auto,-73.8,2609909,25,60,2026-09-11-s1
2026-09-11 14:43:30+00:00,bench-04,2135,58.4,1,auto,-71.7,2619909,25,60,2026-09-11-s1
2026-09-11 14:43:40+00:00,bench-04,2155,58.0,1,auto,-71.8,2629912,25,60,2026-09-11-s1
2026-09-11 14:43:50+00:00,bench-04,2135,58.8,1,auto,-72.9,2639913,25,60,2026-09-11-s1
2026-09-11 14:44:00+00:00,bench-04,2114,58.0,1,auto,-74.2,2649909,25,60,2026-09-11-s1
2026-09-11 14:44:10+00:00,bench-04,2140,58.0,1,auto,-75.8,2659904,25,60,2026-09-11-s1
2026-09-11 14:44:20+00:00,bench-04,2111,59.0,1,auto,-78.3,2669905,25,60,2026-09-11-s1
2026-09-11 14:44:30+00:00,bench-04,2134,58.6,1,auto,-78.3,2679902,25,60,2026-09-11-s1
2026-09-11 14:44:40+00:00,bench-04,2122,58.5,1,auto,-77.2,2689898,25,60,2026-09-11-s1
2026-09-11 14:44:50+00:00,bench-04,2107,59.2,1,auto,-77.0,2699894,25,60,2026-09-11-s1
2026-09-11 14:45:00+00:00,bench-04,2122,58.7,1,auto,-77.8,2709889,25,60,2026-09-11-s1
2026-09-11 14:45:10+00:00,bench-04,2113,58.9,1,auto,-75.4,2719891,25,60,2026-09-11-s1
2026-09-11 14:45:20+00:00,bench-04,2108,59.3,1,auto,-77.0,2729887,25,60,2026-09-11-s1
2026-09-11 14:45:30+00:00,bench-04,2154,58.1,1,auto,-78.6,2739883,25,60,2026-09-11-s1
2026-09-11 14:45:40+00:00,bench-04,2104,59.4,1,auto,-77.8,2749882,25,60,2026-09-11-s1
2026-09-11 14:45:50+00:00,bench-04,2125,58.9,1,auto,-76.3,2759878,25,60,2026-09-11-s1
2026-09-11 14:46:00+00:00,bench-04,2111,59.3,1,auto,-76.9,2769882,25,60,2026-09-11-s1
2026-09-11 14:46:10+00:00,bench-04,2118,59.2,1,auto,-77.6,2779885,25,60,2026-09-11-s1
2026-09-11 14:46:20+00:00,bench-04,2104,59.6,1,auto,-77.2,2789883,25,60,2026-09-11-s1
2026-09-11 14:46:30+00:00,bench-04,2102,59.4,1,auto,-75.6,2799878,25,60,2026-09-11-s1
2026-09-11 14:46:40+00:00,bench-04,2150,59.1,1,auto,-75.2,2809875,25,60,2026-09-11-s1
2026-09-11 14:46:50+00:00,bench-04,2095,59.9,1,auto,-76.2,2819875,25,60,2026-09-11-s1
2026-09-11 14:47:00+00:00,bench-04,2110,60.0,1,auto,-75.8,2829879,25,60,2026-09-11-s1
2026-09-11 14:47:10+00:00,bench-04,2103,59.7,1,auto,-76.4,2839875,25,60,2026-09-11-s1
2026-09-11 14:47:20+00:00,bench-04,2089,60.1,1,auto,-75.8,2849877,25,60,2026-09-11-s1
2026-09-11 14:47:30+00:00,bench-04,2127,58.8,1,auto,-75.7,2859872,25,60,2026-09-11-s1
2026-09-11 14:47:40+00:00,bench-04,2111,59.6,1,auto,-74.5,2869868,25,60,2026-09-11-s1
2026-09-11 14:47:50+00:00,bench-04,2120,59.3,0,auto,-74.1,2879869,25,60,2026-09-11-s1
2026-09-11 14:48:00+00:00,bench-04,2118,59.8,0,auto,-74.3,2889873,25,60,2026-09-11-s1
2026-09-11 14:48:10+00:00,bench-04,2142,58.5,0,auto,-75.5,2899868,25,60,2026-09-11-s1
2026-09-11 14:48:20+00:00,bench-04,2153,58.0,0,auto,-73.3,2909865,25,60,2026-09-11-s1
2026-09-11 14:48:30+00:00,bench-04,2162,57.1,0,auto,-73.2,2919860,25,60,2026-09-11-s1
2026-09-11 14:48:40+00:00,bench-04,2149,57.1,0,auto,-70.5,2929860,25,60,2026-09-11-s1
2026-09-11 14:48:50+00:00,bench-04,2182,56.8,0,auto,-70.9,2939863,25,60,2026-09-11-s1
2026-09-11 14:49:00+00:00,bench-04,2205,56.0,0,auto,-71.2,2949860,25,60,2026-09-11-s1
2026-09-11 14:49:10+00:00,bench-04,2201,55.4,0,auto,-69.5,2959862,25,60,2026-09-11-s1
2026-09-11 14:49:20+00:00,bench-04,2192,54.6,0,auto,-69.1,2969860,25,60,2026-09-11-s1
2026-09-11 14:49:30+00:00,bench-04,2215,54.8,0,auto,-67.9,2979857,25,60,2026-09-11-s1
2026-09-11 14:49:40+00:00,bench-04,2208,54.6,0,auto,-68.8,2989856,25,60,2026-09-11-s1
2026-09-11 14:49:50+00:00,bench-04,2237,53.4,0,auto,-68.8,2999853,25,60,2026-09-11-s1
2026-09-11 14:50:00+00:00,bench-04,2229,53.7,0,auto,-67.9,3009857,25,60,2026-09-11-s1
2026-09-11 14:50:10+00:00,bench-04,2244,52.4,0,auto,-68.3,3019855,25,60,2026-09-11-s1
2026-09-11 14:50:20+00:00,bench-04,2230,52.5,0,auto,-68.6,3029851,25,60,2026-09-11-s1
2026-09-11 14:50:30+00:00,bench-04,2221,52.6,0,auto,-67.0,3039851,25,60,2026-09-11-s1
2026-09-11 14:50:40+00:00,bench-04,2262,51.4,0,auto,-65.7,3049854,25,60,2026-09-11-s1
2026-09-11 14:50:50+00:00,bench-04,2269,51.5,0,auto,-63.9,3059854,25,60,2026-09-11-s1
2026-09-11 14:51:00+00:00,bench-04,2278,50.2,0,auto,-63.7,3069849,25,60,2026-09-11-s1
2026-09-11 14:51:10+00:00,bench-04,2287,50.5,0,auto,-62.8,3079844,25,60,2026-09-11-s1
2026-09-11 14:51:20+00:00,bench-04,2293,50.2,0,auto,-61.7,3089848,25,60,2026-09-11-s1
2026-09-11 14:51:30+00:00,bench-04,2303,49.5,0,auto,-61.5,3099846,25,60,2026-09-11-s1
2026-09-11 14:51:40+00:00,bench-04,2318,48.7,0,auto,-62.0,3109849,25,60,2026-09-11-s1
2026-09-11 14:51:50+00:00,bench-04,2313,49.0,0,auto,-62.7,3119848,25,60,2026-09-11-s1
2026-09-11 14:52:00+00:00,bench-04,2329,48.6,0,auto,-64.7,3129848,25,60,2026-09-11-s1
2026-09-11 14:52:10+00:00,bench-04,2360,47.1,0,auto,-64.2,3139848,25,60,2026-09-11-s1
2026-09-11 14:52:20+00:00,bench-04,2372,46.5,0,auto,-64.3,3149849,25,60,2026-09-11-s1
2026-09-11 14:52:30+00:00,bench-04,2360,46.9,0,auto,-61.9,3159851,25,60,2026-09-11-s1
2026-09-11 14:52:40+00:00,bench-04,2346,47.2,0,auto,-62.9,3169851,25,60,2026-09-11-s1
2026-09-11 14:52:50+00:00,bench-04,2387,45.9,0,auto,-64.0,3179847,25,60,2026-09-11-s1
2026-09-11 14:53:00+00:00,bench-04,2349,45.8,0,auto,-61.9,3189851,25,60,2026-09-11-s1
2026-09-11 14:53:10+00:00,bench-04,2410,45.4,0,auto,-62.1,3199846,25,60,2026-09-11-s1
2026-09-11 14:53:20+00:00,bench-04,2392,45.4,0,auto,-59.6,3209843,25,60,2026-09-11-s1
2026-09-11 14:53:30+00:00,bench-04,2424,44.5,0,auto,-60.8,3219841,25,60,2026-09-11-s1
2026-09-11 14:53:40+00:00,bench-04,2430,44.0,0,auto,-62.0,3229845,25,60,2026-09-11-s1
2026-09-11 14:53:50+00:00,bench-04,2426,43.4,0,auto,-61.6,3239842,25,60,2026-09-11-s1
2026-09-11 14:54:00+00:00,bench-04,2423,43.5,0,auto,-63.9,3249843,25,60,2026-09-11-s1
2026-09-11 14:54:10+00:00,bench-04,2441,43.2,0,auto,-64.6,3259838,25,60,2026-09-11-s1
2026-09-11 14:54:20+00:00,bench-04,2408,43.1,0,auto,-63.1,3269836,25,60,2026-09-11-s1
2026-09-11 14:54:30+00:00,bench-04,2461,41.9,0,auto,-62.5,3279832,25,60,2026-09-11-s1
2026-09-11 14:54:40+00:00,bench-04,2464,42.3,0,auto,-63.6,3289836,25,60,2026-09-11-s1
2026-09-11 14:54:50+00:00,bench-04,2463,41.9,0,auto,-62.6,3299835,25,60,2026-09-11-s1
2026-09-11 14:55:00+00:00,bench-04,2444,41.7,0,auto,-63.1,3309835,25,60,2026-09-11-s1
2026-09-11 14:55:10+00:00,bench-04,2461,41.2,0,auto,-62.1,3319831,25,60,2026-09-11-s1
2026-09-11 14:55:20+00:00,bench-04,2481,40.6,0,auto,-64.2,3329828,25,60,2026-09-11-s1
2026-09-11 14:55:30+00:00,bench-04,2486,39.9,0,auto,-63.8,3339831,25,60,2026-09-11-s1
2026-09-11 14:55:40+00:00,bench-04,2487,40.2,0,auto,-62.6,3349827,25,60,2026-09-11-s1
2026-09-11 14:55:50+00:00,bench-04,2514,39.4,0,auto,-62.3,3359830,25,60,2026-09-11-s1
2026-09-11 14:56:00+00:00,bench-04,2510,39.9,0,auto,-62.6,3369827,25,60,2026-09-11-s1
2026-09-11 14:56:10+00:00,bench-04,2516,39.2,0,auto,-62.2,3379828,25,60,2026-09-11-s1
2026-09-11 14:56:20+00:00,bench-04,2542,38.9,0,auto,-60.1,3389829,25,60,2026-09-11-s1
2026-09-11 14:56:30+00:00,bench-04,2526,38.8,0,auto,-58.1,3399827,25,60,2026-09-11-s1
2026-09-11 14:56:40+00:00,bench-04,2520,38.6,0,auto,-57.2,3409824,25,60,2026-09-11-s1
2026-09-11 14:56:50+00:00,bench-04,2544,38.2,0,auto,-58.2,3419824,25,60,2026-09-11-s1
2026-09-11 14:57:00+00:00,bench-04,2525,38.3,0,auto,-58.2,3429827,25,60,2026-09-11-s1
2026-09-11 14:57:10+00:00,bench-04,2529,38.3,0,auto,-58.6,3439828,25,60,2026-09-11-s1
2026-09-11 14:57:20+00:00,bench-04,2530,38.0,0,auto,-59.6,3449827,25,60,2026-09-11-s1
2026-09-11 14:57:30+00:00,bench-04,2556,36.8,0,auto,-59.4,3459831,25,60,2026-09-11-s1
2026-09-11 14:57:40+00:00,bench-04,2594,36.3,0,auto,-59.8,3469835,25,60,2026-09-11-s1
2026-09-11 14:57:50+00:00,bench-04,2555,36.8,0,auto,-58.8,3479836,25,60,2026-09-11-s1
2026-09-11 14:58:00+00:00,bench-04,2560,36.3,0,auto,-57.4,3489834,25,60,2026-09-11-s1
2026-09-11 14:58:10+00:00,bench-04,2564,36.8,0,auto,-57.9,3499829,25,60,2026-09-11-s1
2026-09-11 14:58:20+00:00,bench-04,2575,35.8,0,auto,-58.8,3509826,25,60,2026-09-11-s1
2026-09-11 14:58:30+00:00,bench-04,2607,35.2,0,auto,-57.8,3519824,25,60,2026-09-11-s1
2026-09-11 14:58:40+00:00,bench-04,2603,35.5,0,auto,-56.2,3529825,25,60,2026-09-11-s1
2026-09-11 14:58:50+00:00,bench-04,2617,34.6,0,auto,-56.9,3539828,25,60,2026-09-11-s1
2026-09-11 14:59:00+00:00,bench-04,2590,34.9,0,auto,-58.2,3549831,25,60,2026-09-11-s1
2026-09-11 14:59:10+00:00,bench-04,2615,34.0,0,auto,-56.7,3559835,25,60,2026-09-11-s1
2026-09-11 14:59:20+00:00,bench-04,2637,33.6,0,auto,-55.8,3569839,25,60,2026-09-11-s1
2026-09-11 14:59:30+00:00,bench-04,2676,33.0,0,auto,-53.6,3579838,25,60,2026-09-11-s1
2026-09-11 14:59:40+00:00,bench-04,2626,33.2,0,auto,-53.0,3589834,25,60,2026-09-11-s1
2026-09-11 14:59:50+00:00,bench-04,2629,33.1,0,auto,-49.9,3599836,25,60,2026-09-11-s1
2026-09-11 15:00:00+00:00,bench-04,2684,32.0,0,auto,-51.0,3609835,25,60,2026-09-11-s1
2026-09-11 15:00:10+00:00,bench-04,2622,32.6,0,auto,-51.8,3619832,25,60,2026-09-11-s1
2026-09-11 15:00:20+00:00,bench-04,2650,32.8,0,auto,-51.8,3629836,25,60,2026-09-11-s1
2026-09-11 15:00:30+00:00,bench-04,2654,32.5,0,auto,-52.2,3639838,25,60,2026-09-11-s1
2026-09-11 15:00:40+00:00,bench-04,2652,32.1,0,auto,-51.6,3649836,25,60,2026-09-11-s1
2026-09-11 15:00:50+00:00,bench-04,2672,31.3,0,auto,-54.0,3659836,25,60,2026-09-11-s1
2026-09-11 15:01:00+00:00,bench-04,2668,31.2,0,auto,-53.1,3669831,25,60,2026-09-11-s1
2026-09-11 15:01:10+00:00,bench-04,2654,31.4,0,auto,-51.0,3679827,25,60,2026-09-11-s1
2026-09-11 15:01:20+00:00,bench-04,2683,31.3,0,auto,-50.5,3689830,25,60,2026-09-11-s1
2026-09-11 15:01:30+00:00,bench-04,2690,30.6,0,auto,-50.7,3699832,25,60,2026-09-11-s1
2026-09-11 15:01:40+00:00,bench-04,2669,31.6,0,auto,-52.3,3709830,25,60,2026-09-11-s1
2026-09-11 15:01:50+00:00,bench-04,2707,29.6,0,auto,-52.9,3719826,25,60,2026-09-11-s1
2026-09-11 15:02:00+00:00,bench-04,2705,29.8,0,auto,-51.0,3729830,25,60,2026-09-11-s1
2026-09-11 15:02:10+00:00,bench-04,2662,30.1,0,auto,-48.9,3739834,25,60,2026-09-11-s1
2026-09-11 15:02:20+00:00,bench-04,2704,29.8,0,auto,-47.2,3749836,25,60,2026-09-11-s1
2026-09-11 15:02:30+00:00,bench-04,2727,29.3,0,auto,-47.0,3759836,25,60,2026-09-11-s1
2026-09-11 15:02:40+00:00,bench-04,2711,29.4,0,auto,-49.4,3769833,25,60,2026-09-11-s1
2026-09-11 15:02:50+00:00,bench-04,2700,29.7,0,auto,-50.6,3779837,25,60,2026-09-11-s1
2026-09-11 15:03:00+00:00,bench-04,2705,28.8,0,auto,-51.6,3789837,25,60,2026-09-11-s1
2026-09-11 15:03:10+00:00,bench-04,2721,29.2,0,auto,-52.8,3799840,25,60,2026-09-11-s1
2026-09-11 15:03:20+00:00,bench-04,2725,27.8,0,auto,-53.4,3809842,25,60,2026-09-11-s1
2026-09-11 15:03:30+00:00,bench-04,2734,28.6,0,auto,-56.6,3819837,25,60,2026-09-11-s1
2026-09-11 15:03:40+00:00,bench-04,2759,28.5,0,auto,-56.7,3829836,25,60,2026-09-11-s1
2026-09-11 15:03:50+00:00,bench-04,2702,28.7,0,auto,-57.4,3839831,25,60,2026-09-11-s1
2026-09-11 15:04:00+00:00,bench-04,2722,28.4,0,auto,-55.0,3849835,25,60,2026-09-11-s1
2026-09-11 15:04:10+00:00,bench-04,2742,27.9,0,auto,-56.1,3859833,25,60,2026-09-11-s1
2026-09-11 15:04:20+00:00,bench-04,2741,27.5,0,auto,-56.2,3869831,25,60,2026-09-11-s1
2026-09-11 15:04:30+00:00,bench-04,2759,26.8,0,auto,-57.3,3879831,25,60,2026-09-11-s1
2026-09-11 15:04:40+00:00,bench-04,2770,27.0,0,auto,-57.2,3889835,25,60,2026-09-11-s1
2026-09-11 15:04:50+00:00,bench-04,2776,26.5,0,auto,-56.2,3899832,25,60,2026-09-11-s1
2026-09-11 15:05:00+00:00,bench-04,2742,26.9,0,auto,-56.1,3909828,25,60,2026-09-11-s1
2026-09-11 15:05:10+00:00,bench-04,2744,27.4,0,auto,-54.0,3919826,25,60,2026-09-11-s1
2026-09-11 15:05:20+00:00,bench-04,2771,26.5,0,auto,-54.2,3929826,25,60,2026-09-11-s1
2026-09-11 15:05:30+00:00,bench-04,2781,25.9,0,auto,-54.9,3939823,25,60,2026-09-11-s1
2026-09-11 15:05:40+00:00,bench-04,2787,25.1,0,auto,-54.1,3949821,25,60,2026-09-11-s1
2026-09-11 15:05:50+00:00,bench-04,2745,26.3,0,auto,-52.7,3959819,25,60,2026-09-11-s1
2026-09-11 15:06:00+00:00,bench-04,2763,25.9,0,auto,-50.7,3969817,25,60,2026-09-11-s1
2026-09-11 15:06:10+00:00,bench-04,2807,25.1,0,auto,-49.4,3979815,25,60,2026-09-11-s1
2026-09-11 15:06:20+00:00,bench-04,2808,25.3,0,auto,-48.7,3989814,25,60,2026-09-11-s1
2026-09-11 15:06:30+00:00,bench-04,2796,24.2,0,auto,-47.5,3999817,25,60,2026-09-11-s1
2026-09-11 15:06:40+00:00,bench-04,2802,25.2,0,auto,-48.3,4009817,25,60,2026-09-11-s1
2026-09-11 15:06:50+00:00,bench-04,2779,25.2,1,auto,-50.6,4019816,25,60,2026-09-11-s1
2026-09-11 15:07:00+00:00,bench-04,2771,26.5,1,auto,-48.6,4029814,25,60,2026-09-11-s1
2026-09-11 15:07:10+00:00,bench-04,2802,25.5,1,auto,-50.1,4039816,25,60,2026-09-11-s1
2026-09-11 15:07:20+00:00,bench-04,2753,26.0,1,auto,-53.5,4049818,25,60,2026-09-11-s1
2026-09-11 15:07:30+00:00,bench-04,2779,26.6,1,auto,-53.1,4059815,25,60,2026-09-11-s1
2026-09-11 15:07:40+00:00,bench-04,2779,27.0,1,auto,-54.2,4069817,25,60,2026-09-11-s1
2026-09-11 15:07:50+00:00,bench-04,2719,28.1,1,auto,-49.9,4079814,25,60,2026-09-11-s1
2026-09-11 15:08:00+00:00,bench-04,2746,27.9,1,auto,-50.9,4089816,25,60,2026-09-11-s1
2026-09-11 15:08:10+00:00,bench-04,2750,28.2,1,auto,-52.0,4099813,25,60,2026-09-11-s1
2026-09-11 15:08:20+00:00,bench-04,2722,29.4,1,auto,-53.7,4109811,25,60,2026-09-11-s1
2026-09-11 15:08:30+00:00,bench-04,2724,28.9,1,auto,-53.1,4119810,25,60,2026-09-11-s1
2026-09-11 15:08:40+00:00,bench-04,2683,30.3,1,auto,-53.2,4129813,25,60,2026-09-11-s1
2026-09-11 15:08:50+00:00,bench-04,2688,31.1,1,auto,-53.4,4139809,25,60,2026-09-11-s1
2026-09-11 15:09:00+00:00,bench-04,2702,30.6,1,auto,-54.5,4149806,25,60,2026-09-11-s1
2026-09-11 15:09:10+00:00,bench-04,2684,30.9,1,auto,-54.8,4159801,25,60,2026-09-11-s1
2026-09-11 15:09:20+00:00,bench-04,2650,31.5,1,auto,-55.1,4169805,25,60,2026-09-11-s1
2026-09-11 15:09:30+00:00,bench-04,4095,-20.0,1,auto,-54.2,4179806,25,60,2026-09-11-s1
2026-09-11 15:09:40+00:00,bench-04,2664,31.8,1,auto,-53.0,4189802,25,60,2026-09-11-s1
2026-09-11 15:09:50+00:00,bench-04,2660,32.6,1,auto,-52.4,4199798,25,60,2026-09-11-s1
2026-09-11 15:10:00+00:00,bench-04,2649,31.7,1,auto,-52.4,4209795,25,60,2026-09-11-s1
2026-09-11 15:10:10+00:00,bench-04,2633,33.1,1,auto,-53.4,4219792,25,60,2026-09-11-s1
2026-09-11 15:10:20+00:00,bench-04,2638,33.4,1,auto,-55.3,4229790,25,60,2026-09-11-s1
2026-09-11 15:10:30+00:00,bench-04,2626,32.6,1,auto,-56.4,4239790,25,60,2026-09-11-s1
2026-09-11 15:10:40+00:00,bench-04,2611,34.1,1,auto,-55.0,4249794,25,60,2026-09-11-s1
2026-09-11 15:10:50+00:00,bench-04,2620,34.1,1,auto,-56.0,4259791,25,60,2026-09-11-s1
2026-09-11 15:11:00+00:00,bench-04,2606,35.4,1,auto,-55.7,4269788,25,60,2026-09-11-s1
2026-09-11 15:11:10+00:00,bench-04,2610,34.2,1,auto,-56.1,4279786,25,60,2026-09-11-s1
2026-09-11 15:11:20+00:00,bench-04,2617,34.9,1,auto,-54.8,4289781,25,60,2026-09-11-s1
2026-09-11 15:11:30+00:00,bench-04,2587,35.4,1,auto,-54.4,4299779,25,60,2026-09-11-s1
2026-09-11 15:11:40+00:00,bench-04,2561,36.0,1,auto,-54.2,4309774,25,60,2026-09-11-s1
2026-09-11 15:11:50+00:00,bench-04,2535,36.4,1,auto,-54.7,4319771,25,60,2026-09-11-s1
2026-09-11 15:12:00+00:00,bench-04,2578,36.5,1,auto,-53.1,4329769,25,60,2026-09-11-s1
2026-09-11 15:12:10+00:00,bench-04,2539,37.0,1,auto,-53.3,4339766,25,60,2026-09-11-s1
2026-09-11 15:12:20+00:00,bench-04,2557,36.3,1,auto,-52.8,4349764,25,60,2026-09-11-s1
2026-09-11 15:12:30+00:00,bench-04,2553,37.1,1,auto,-53.5,4359766,25,60,2026-09-11-s1
2026-09-11 15:12:40+00:00,bench-04,2528,38.5,1,auto,-50.8,4369768,25,60,2026-09-11-s1
2026-09-11 15:12:50+00:00,bench-04,2529,37.8,1,auto,-50.2,4379771,25,60,2026-09-11-s1
2026-09-11 15:13:00+00:00,bench-04,2504,38.3,1,auto,-51.0,4389775,25,60,2026-09-11-s1
2026-09-11 15:13:10+00:00,bench-04,2558,38.0,1,auto,-52.3,4399772,25,60,2026-09-11-s1
2026-09-11 15:13:20+00:00,bench-04,2486,39.9,1,auto,-51.9,4409775,25,60,2026-09-11-s1
2026-09-11 15:13:30+00:00,bench-04,2508,38.8,1,auto,-50.1,4419775,25,60,2026-09-11-s1
2026-09-11 15:13:40+00:00,bench-04,2521,40.2,1,auto,-48.4,4429773,25,60,2026-09-11-s1
2026-09-11 15:13:50+00:00,bench-04,2517,39.3,1,auto,-47.3,4439774,25,60,2026-09-11-s1
2026-09-11 15:14:00+00:00,bench-04,2516,39.5,1,auto,-47.5,4449778,25,60,2026-09-11-s1
2026-09-11 15:14:10+00:00,bench-04,2506,40.3,1,auto,-48.4,4459781,25,60,2026-09-11-s1
2026-09-11 15:14:20+00:00,bench-04,2482,40.6,1,auto,-46.9,4469778,25,60,2026-09-11-s1
2026-09-11 15:14:30+00:00,bench-04,2492,41.0,1,auto,-44.6,4479777,25,60,2026-09-11-s1
2026-09-11 15:14:40+00:00,bench-04,2474,41.0,1,auto,-42.4,4489776,25,60,2026-09-11-s1
2026-09-11 15:14:50+00:00,bench-04,2452,42.0,1,auto,-40.2,4499776,25,60,2026-09-11-s1
2026-09-11 15:15:00+00:00,bench-04,2478,40.7,1,auto,-39.8,4509774,25,60,2026-09-11-s1
2026-09-11 15:15:10+00:00,bench-04,2449,42.1,1,auto,-40.0,4519777,25,60,2026-09-11-s1
2026-09-11 15:15:20+00:00,bench-04,2450,42.3,1,auto,-40.2,4529773,25,60,2026-09-11-s1
2026-09-11 15:15:30+00:00,bench-04,2446,42.9,1,auto,-39.6,4539769,25,60,2026-09-11-s1
2026-09-11 15:15:40+00:00,bench-04,2460,42.4,1,auto,-38.1,4549764,25,60,2026-09-11-s1
2026-09-11 15:15:50+00:00,bench-04,2436,42.7,1,auto,-36.9,4559767,25,60,2026-09-11-s1
2026-09-11 15:16:00+00:00,bench-04,2470,42.4,1,auto,-37.3,4569762,25,60,2026-09-11-s1
2026-09-11 15:16:10+00:00,bench-04,2420,43.4,1,auto,-37.9,4579762,25,60,2026-09-11-s1
2026-09-11 15:16:20+00:00,bench-04,2420,43.8,1,auto,-40.5,4589758,25,60,2026-09-11-s1
2026-09-11 15:16:30+00:00,bench-04,2464,42.8,1,auto,-40.1,4599760,25,60,2026-09-11-s1
2026-09-11 15:16:40+00:00,bench-04,2407,44.0,1,auto,-41.5,4609755,25,60,2026-09-11-s1
2026-09-11 15:16:50+00:00,bench-04,2423,43.6,1,auto,-41.8,4619759,25,60,2026-09-11-s1
2026-09-11 15:17:00+00:00,bench-04,2425,43.7,1,auto,-41.1,4629760,25,60,2026-09-11-s1
2026-09-11 15:17:10+00:00,bench-04,2410,44.5,1,auto,-40.4,4639763,25,60,2026-09-11-s1
2026-09-11 15:17:20+00:00,bench-04,2403,44.7,1,auto,-39.0,4649765,25,60,2026-09-11-s1
2026-09-11 15:17:30+00:00,bench-04,2417,44.5,1,auto,-38.2,4659761,25,60,2026-09-11-s1
2026-09-11 15:17:40+00:00,bench-04,2384,45.3,1,auto,-37.4,4669759,25,60,2026-09-11-s1
2026-09-11 15:17:50+00:00,bench-04,2385,45.1,1,auto,-37.9,4679758,25,60,2026-09-11-s1
2026-09-11 15:18:00+00:00,bench-04,2366,46.0,1,auto,-35.3,4689756,25,60,2026-09-11-s1
2026-09-11 15:18:10+00:00,bench-04,2377,45.6,1,auto,-36.1,4699756,25,60,2026-09-11-s1
2026-09-11 15:18:20+00:00,bench-04,2395,45.8,1,auto,-35.0,4709752,25,60,2026-09-11-s1
2026-09-11 15:18:30+00:00,bench-04,2369,46.0,1,auto,-35.0,4719750,25,60,2026-09-11-s1
2026-09-11 15:18:40+00:00,bench-04,2386,45.9,1,auto,-35.0,4729753,25,60,2026-09-11-s1
2026-09-11 15:18:50+00:00,bench-04,2392,46.2,1,auto,-35.0,4739751,25,60,2026-09-11-s1
2026-09-11 15:19:00+00:00,bench-04,2343,47.1,1,auto,-35.6,4749747,25,60,2026-09-11-s1
2026-09-11 15:19:10+00:00,bench-04,2399,46.0,1,auto,-35.9,4759745,25,60,2026-09-11-s1
2026-09-11 15:19:20+00:00,bench-04,2346,47.4,1,auto,-35.3,4769740,25,60,2026-09-11-s1
2026-09-11 15:19:30+00:00,bench-04,2358,46.9,1,auto,-35.0,4779737,25,60,2026-09-11-s1
2026-09-11 15:19:40+00:00,bench-04,2360,47.9,1,auto,-35.9,4789735,25,60,2026-09-11-s1
2026-09-11 15:19:50+00:00,bench-04,2362,47.6,1,auto,-35.0,4799739,25,60,2026-09-11-s1
2026-09-11 15:20:00+00:00,bench-04,2338,48.1,1,auto,-35.4,4809741,25,60,2026-09-11-s1
2026-09-11 15:20:10+00:00,bench-04,2352,48.3,1,auto,-35.3,4819741,25,60,2026-09-11-s1
2026-09-11 15:20:20+00:00,bench-04,2330,48.1,1,auto,-36.6,4829742,25,60,2026-09-11-s1
2026-09-11 15:20:30+00:00,bench-04,2314,48.5,1,auto,-35.4,4839743,25,60,2026-09-11-s1
2026-09-11 15:20:40+00:00,bench-04,2307,48.4,1,auto,-35.0,4849744,25,60,2026-09-11-s1
2026-09-11 15:20:50+00:00,bench-04,2312,49.1,1,auto,-36.2,4859739,25,60,2026-09-11-s1
2026-09-11 15:21:00+00:00,bench-04,2327,48.7,1,auto,-35.0,4869738,25,60,2026-09-11-s1
2026-09-11 15:21:10+00:00,bench-04,2336,48.8,1,auto,-37.2,4879742,25,60,2026-09-11-s1
2026-09-11 15:21:20+00:00,bench-04,2320,49.6,1,auto,-35.8,4889744,25,60,2026-09-11-s1
2026-09-11 15:21:30+00:00,bench-04,2304,49.3,1,auto,-35.4,4899745,25,60,2026-09-11-s1
2026-09-11 15:21:40+00:00,bench-04,2303,49.2,1,auto,-35.3,4909748,25,60,2026-09-11-s1
2026-09-11 15:21:50+00:00,bench-04,2332,49.6,1,auto,-35.2,4919744,25,60,2026-09-11-s1
2026-09-11 15:22:00+00:00,bench-04,2309,50.0,1,auto,-35.0,4929742,25,60,2026-09-11-s1
2026-09-11 15:22:10+00:00,bench-04,2292,50.0,1,auto,-35.0,4939745,25,60,2026-09-11-s1
2026-09-11 15:22:20+00:00,bench-04,2286,49.9,1,auto,-35.0,4949749,25,60,2026-09-11-s1
2026-09-11 15:22:30+00:00,bench-04,2284,50.4,1,auto,-35.7,4959745,25,60,2026-09-11-s1
2026-09-11 15:22:40+00:00,bench-04,2302,50.3,1,auto,-38.3,4969749,25,60,2026-09-11-s1
2026-09-11 15:22:50+00:00,bench-04,2286,50.6,1,auto,-38.3,4979748,25,60,2026-09-11-s1
2026-09-11 15:23:00+00:00,bench-04,2258,51.3,1,auto,-40.1,4989749,25,60,2026-09-11-s1
2026-09-11 15:23:10+00:00,bench-04,2276,50.5,1,auto,-37.8,4999750,25,60,2026-09-11-s1
2026-09-11 15:23:20+00:00,bench-04,2272,51.6,1,auto,-36.6,5009750,25,60,2026-09-11-s1
2026-09-11 15:23:30+00:00,bench-04,2276,51.0,1,auto,-38.0,5019753,25,60,2026-09-11-s1
2026-09-11 15:23:40+00:00,bench-04,2296,51.0,1,auto,-41.4,5029750,25,60,2026-09-11-s1
2026-09-11 15:23:50+00:00,bench-04,2271,51.1,1,auto,-41.1,5039747,25,60,2026-09-11-s1
2026-09-11 15:24:00+00:00,bench-04,2243,52.2,1,auto,-41.1,5049744,25,60,2026-09-11-s1
2026-09-11 15:24:10+00:00,bench-04,2275,51.5,1,auto,-41.9,5059742,25,60,2026-09-11-s1
2026-09-11 15:24:20+00:00,bench-04,2259,52.3,1,auto,-44.0,5069745,25,60,2026-09-11-s1
2026-09-11 15:24:30+00:00,bench-04,2281,51.3,1,auto,-45.4,5079746,25,60,2026-09-11-s1
2026-09-11 15:24:40+00:00,bench-04,2263,52.4,1,auto,-45.0,5089750,25,60,2026-09-11-s1
2026-09-11 15:24:50+00:00,bench-04,2225,53.0,1,auto,-43.7,5099753,25,60,2026-09-11-s1
2026-09-11 15:25:00+00:00,bench-04,2228,52.7,1,auto,-42.0,5109752,25,60,2026-09-11-s1
2026-09-11 15:25:10+00:00,bench-04,2250,52.2,1,auto,-44.1,5119748,25,60,2026-09-11-s1
2026-09-11 15:25:20+00:00,bench-04,2247,53.1,1,auto,-41.7,5129749,25,60,2026-09-11-s1
2026-09-11 15:25:30+00:00,bench-04,2259,53.0,1,auto,-41.2,5139747,25,60,2026-09-11-s1
2026-09-11 15:25:40+00:00,bench-04,2245,53.4,1,auto,-43.2,5149745,25,60,2026-09-11-s1
2026-09-11 15:25:50+00:00,bench-04,2231,53.7,1,auto,-42.5,5159743,25,60,2026-09-11-s1
2026-09-11 15:26:00+00:00,bench-04,2228,53.7,1,auto,-40.2,5169740,25,60,2026-09-11-s1
2026-09-11 15:26:10+00:00,bench-04,2226,53.5,1,auto,-38.2,5179738,25,60,2026-09-11-s1
2026-09-11 15:26:20+00:00,bench-04,2214,54.4,1,auto,-37.5,5189740,25,60,2026-09-11-s1
2026-09-11 15:26:30+00:00,bench-04,2194,54.6,1,auto,-37.8,5199743,25,60,2026-09-11-s1
2026-09-11 15:26:40+00:00,bench-04,2182,54.8,1,auto,-36.3,5209743,25,60,2026-09-11-s1
2026-09-11 15:26:50+00:00,bench-04,2214,54.7,1,auto,-36.2,5219747,25,60,2026-09-11-s1
2026-09-11 15:27:00+00:00,bench-04,2185,55.5,1,auto,-37.0,5229749,25,60,2026-09-11-s1
2026-09-11 15:27:10+00:00,bench-04,2180,55.1,1,auto,-37.3,5239748,25,60,2026-09-11-s1
2026-09-11 15:27:20+00:00,bench-04,2203,55.5,1,auto,-38.7,5249751,25,60,2026-09-11-s1
2026-09-11 15:27:30+00:00,bench-04,2172,55.7,1,auto,-40.0,5259750,25,60,2026-09-11-s1
2026-09-11 15:27:40+00:00,bench-04,2186,56.0,1,auto,-40.5,5269747,25,60,2026-09-11-s1
2026-09-11 15:27:50+00:00,bench-04,2204,55.3,1,auto,-41.8,5279745,25,60,2026-09-11-s1
2026-09-11 15:28:00+00:00,bench-04,2181,56.1,1,auto,-43.3,5289742,25,60,2026-09-11-s1
2026-09-11 15:28:10+00:00,bench-04,2194,55.3,1,auto,-42.2,5299737,25,60,2026-09-11-s1
2026-09-11 15:28:20+00:00,bench-04,2195,55.8,1,auto,-41.0,5309739,25,60,2026-09-11-s1
2026-09-11 15:28:30+00:00,bench-04,2167,56.4,1,auto,-41.5,5319735,25,60,2026-09-11-s1
2026-09-11 15:28:40+00:00,bench-04,2179,56.3,1,auto,-42.2,5329730,25,60,2026-09-11-s1
2026-09-11 15:28:50+00:00,bench-04,2183,55.8,1,auto,-41.9,5339727,25,60,2026-09-11-s1
2026-09-11 15:29:00+00:00,bench-04,2179,56.7,1,auto,-40.1,5349725,25,60,2026-09-11-s1
2026-09-11 15:29:10+00:00,bench-04,2186,56.4,1,auto,-38.8,5359721,25,60,2026-09-11-s1
2026-09-11 15:29:20+00:00,bench-04,2169,56.7,1,auto,-38.4,5369723,25,60,2026-09-11-s1
2026-09-11 15:29:30+00:00,bench-04,2167,55.9,1,auto,-36.5,5379721,25,60,2026-09-11-s1
2026-09-11 15:29:40+00:00,bench-04,2184,56.9,1,auto,-37.3,5389722,25,60,2026-09-11-s1
2026-09-11 15:29:50+00:00,bench-04,2150,57.2,1,auto,-36.0,5399718,25,60,2026-09-11-s1
2026-09-11 15:30:00+00:00,bench-04,2173,57.7,1,auto,-35.7,5409715,25,60,2026-09-11-s1
2026-09-11 15:30:10+00:00,bench-04,2199,56.1,1,auto,-35.0,5419713,25,60,2026-09-11-s1
2026-09-11 15:30:20+00:00,bench-04,2159,57.7,1,auto,-36.4,5429708,25,60,2026-09-11-s1
2026-09-11 15:30:30+00:00,bench-04,2150,57.1,1,auto,-38.0,5439709,25,60,2026-09-11-s1
2026-09-11 15:30:40+00:00,bench-04,2157,57.9,1,auto,-37.9,5449710,25,60,2026-09-11-s1
2026-09-11 15:30:50+00:00,bench-04,2149,58.4,1,auto,-39.1,5459712,25,60,2026-09-11-s1
2026-09-11 15:31:00+00:00,bench-04,2137,57.8,1,auto,-40.0,5469709,25,60,2026-09-11-s1
2026-09-11 15:31:10+00:00,bench-04,2128,58.1,1,auto,-40.1,5479707,25,60,2026-09-11-s1
2026-09-11 15:31:20+00:00,bench-04,2119,58.5,1,auto,-40.8,5489703,25,60,2026-09-11-s1
2026-09-11 15:31:30+00:00,bench-04,2159,58.4,1,auto,-41.9,5499703,25,60,2026-09-11-s1
2026-09-11 15:31:40+00:00,bench-04,2153,57.6,1,auto,-40.4,5509702,25,60,2026-09-11-s1
2026-09-11 15:31:50+00:00,bench-04,2146,58.7,1,auto,-40.0,5519699,25,60,2026-09-11-s1
2026-09-11 15:32:00+00:00,bench-04,2142,58.0,1,auto,-40.8,5529702,25,60,2026-09-11-s1
2026-09-11 15:32:10+00:00,bench-04,2136,58.5,1,auto,-40.5,5539706,25,60,2026-09-11-s1
2026-09-11 15:32:20+00:00,bench-04,2114,59.0,1,auto,-40.1,5549702,25,60,2026-09-11-s1
2026-09-11 15:32:30+00:00,bench-04,2136,59.0,1,auto,-40.0,5559704,25,60,2026-09-11-s1
2026-09-11 15:32:40+00:00,bench-04,2130,59.2,1,auto,-40.0,5569707,25,60,2026-09-11-s1
2026-09-11 15:32:50+00:00,bench-04,2137,59.2,1,auto,-40.3,5579703,25,60,2026-09-11-s1
2026-09-11 15:33:00+00:00,bench-04,2146,58.6,1,auto,-40.9,5589707,25,60,2026-09-11-s1
2026-09-11 15:33:10+00:00,bench-04,2129,58.7,1,auto,-39.2,5599708,25,60,2026-09-11-s1
2026-09-11 15:33:20+00:00,bench-04,2116,59.4,1,auto,-38.0,5609708,25,60,2026-09-11-s1
2026-09-11 15:33:30+00:00,bench-04,2138,58.7,1,auto,-40.3,5619705,25,60,2026-09-11-s1
2026-09-11 15:33:40+00:00,bench-04,2123,59.3,1,auto,-39.7,5629705,25,60,2026-09-11-s1
2026-09-11 15:33:50+00:00,bench-04,2147,58.5,1,auto,-39.5,5639705,25,60,2026-09-11-s1
2026-09-11 15:34:00+00:00,bench-04,2123,59.3,1,auto,-39.6,5649702,25,60,2026-09-11-s1
2026-09-11 15:34:10+00:00,bench-04,2125,59.5,1,auto,-39.7,5659704,25,60,2026-09-11-s1
2026-09-11 15:34:20+00:00,bench-04,2108,60.3,1,auto,-39.3,5669707,25,60,2026-09-11-s1
2026-09-11 15:34:30+00:00,bench-04,2111,59.6,1,auto,-35.8,5679708,25,60,2026-09-11-s1
2026-09-11 15:34:40+00:00,bench-04,2082,60.0,0,auto,-37.2,5689711,25,60,2026-09-11-s1
2026-09-11 15:34:50+00:00,bench-04,2110,59.5,0,auto,-36.7,5699715,25,60,2026-09-11-s1
2026-09-11 15:35:00+00:00,bench-04,2114,59.2,0,auto,-37.3,5709719,25,60,2026-09-11-s1
2026-09-11 15:35:10+00:00,bench-04,2147,57.6,0,auto,-35.1,5719715,25,60,2026-09-11-s1
2026-09-11 15:35:20+00:00,bench-04,2177,57.2,0,auto,-35.0,5729710,25,60,2026-09-11-s1
2026-09-11 15:35:30+00:00,bench-04,2138,57.7,0,auto,-35.0,5739709,25,60,2026-09-11-s1
2026-09-11 15:35:40+00:00,bench-04,2194,56.2,0,auto,-35.7,5749708,25,60,2026-09-11-s1
2026-09-11 15:35:50+00:00,bench-04,2190,56.3,0,auto,-37.0,5759704,25,60,2026-09-11-s1
2026-09-11 15:36:00+00:00,bench-04,2166,56.6,0,auto,-37.1,5769699,25,60,2026-09-11-s1
2026-09-11 15:36:10+00:00,bench-04,2195,55.0,0,auto,-38.9,5779695,25,60,2026-09-11-s1
2026-09-11 15:36:20+00:00,bench-04,2185,55.4,0,auto,-37.8,5789693,25,60,2026-09-11-s1
2026-09-11 15:36:30+00:00,bench-04,2212,54.2,0,auto,-38.3,5799697,25,60,2026-09-11-s1
2026-09-11 15:36:40+00:00,bench-04,2233,54.0,0,auto,-38.8,5809701,25,60,2026-09-11-s1
2026-09-11 15:36:50+00:00,bench-04,2226,53.7,0,auto,-39.3,5819696,25,60,2026-09-11-s1
2026-09-11 15:37:00+00:00,bench-04,2234,53.1,0,auto,-40.0,5829699,25,60,2026-09-11-s1
2026-09-11 15:37:10+00:00,bench-04,2253,52.7,0,auto,-39.9,5839694,25,60,2026-09-11-s1
2026-09-11 15:37:20+00:00,bench-04,2235,51.9,0,auto,-40.1,5849691,25,60,2026-09-11-s1
2026-09-11 15:37:30+00:00,bench-04,2266,51.7,0,auto,-40.6,5859690,25,60,2026-09-11-s1
2026-09-11 15:37:40+00:00,bench-04,2272,51.5,0,auto,-39.9,5869688,25,60,2026-09-11-s1
2026-09-11 15:37:50+00:00,bench-04,2274,51.1,0,auto,-38.3,5879690,25,60,2026-09-11-s1
2026-09-11 15:38:00+00:00,bench-04,2289,50.6,0,auto,-38.1,5889689,25,60,2026-09-11-s1
2026-09-11 15:38:10+00:00,bench-04,2259,51.0,0,auto,-39.0,5899689,25,60,2026-09-11-s1
2026-09-11 15:38:20+00:00,bench-04,2294,50.1,0,auto,-38.3,5909690,25,60,2026-09-11-s1
2026-09-11 15:38:40+00:00,bench-04,2333,48.9,0,auto,-37.3,5929696,25,60,2026-09-11-s1
2026-09-11 15:38:50+00:00,bench-04,2330,48.3,0,auto,-37.7,5939694,25,60,2026-09-11-s1
2026-09-11 15:39:00+00:00,bench-04,2344,48.6,0,auto,-38.8,5949696,25,60,2026-09-11-s1
2026-09-11 15:39:10+00:00,bench-04,2344,47.8,0,auto,-41.0,5959698,25,60,2026-09-11-s1
2026-09-11 15:39:20+00:00,bench-04,2350,47.5,0,auto,-40.1,5969702,25,60,2026-09-11-s1
2026-09-11 15:39:30+00:00,bench-04,2364,47.2,0,auto,-41.7,5979699,25,60,2026-09-11-s1
2026-09-11 15:39:40+00:00,bench-04,2354,47.1,0,auto,-41.3,5989702,25,60,2026-09-11-s1
2026-09-11 15:39:50+00:00,bench-04,2378,46.4,0,auto,-41.0,5999705,25,60,2026-09-11-s1
2026-09-11 15:40:00+00:00,bench-04,2392,46.2,0,auto,-43.2,6009705,25,60,2026-09-11-s1
2026-09-11 15:40:10+00:00,bench-04,2366,46.2,0,auto,-42.4,6019709,25,60,2026-09-11-s1
2026-09-11 15:40:20+00:00,bench-04,2362,46.2,0,auto,-43.0,6029708,25,60,2026-09-11-s1
2026-09-11 15:40:30+00:00,bench-04,2382,45.0,0,auto,-43.6,6039706,25,60,2026-09-11-s1
2026-09-11 15:40:40+00:00,bench-04,2425,44.5,0,auto,-42.4,6049702,25,60,2026-09-11-s1
2026-09-11 15:40:50+00:00,bench-04,2417,43.9,0,auto,-42.5,6059705,25,60,2026-09-11-s1
2026-09-11 15:41:00+00:00,bench-04,2431,43.5,0,auto,-44.1,6069708,25,60,2026-09-11-s1
2026-09-11 15:41:10+00:00,bench-04,2421,43.8,0,auto,-43.9,6079708,25,60,2026-09-11-s1
2026-09-11 15:41:20+00:00,bench-04,2413,44.0,0,auto,-43.1,6089709,25,60,2026-09-11-s1
2026-09-11 15:41:30+00:00,bench-04,2453,42.5,0,auto,-42.6,6099708,25,60,2026-09-11-s1
2026-09-11 15:41:40+00:00,bench-04,2445,42.6,0,auto,-42.0,6109710,25,60,2026-09-11-s1
2026-09-11 15:41:50+00:00,bench-04,2445,42.5,0,auto,-41.3,6119708,25,60,2026-09-11-s1
2026-09-11 15:42:00+00:00,bench-04,2451,42.6,0,auto,-42.4,6129711,25,60,2026-09-11-s1
2026-09-11 15:42:10+00:00,bench-04,2443,42.9,0,auto,-42.9,6139706,25,60,2026-09-11-s1
2026-09-11 15:42:20+00:00,bench-04,2467,42.1,0,auto,-43.2,6149704,25,60,2026-09-11-s1
2026-09-11 15:42:30+00:00,bench-04,2477,41.1,0,auto,-40.1,6159701,25,60,2026-09-11-s1
2026-09-11 15:42:40+00:00,bench-04,2489,41.0,0,auto,-38.0,6169703,25,60,2026-09-11-s1
2026-09-11 15:42:50+00:00,bench-04,2471,40.8,0,auto,-38.8,6179707,25,60,2026-09-11-s1
2026-09-11 15:43:00+00:00,bench-04,2480,40.8,0,auto,-38.9,6189706,25,60,2026-09-11-s1
2026-09-11 15:43:10+00:00,bench-04,2507,39.9,0,auto,-38.2,6199704,25,60,2026-09-11-s1
2026-09-11 15:43:20+00:00,bench-04,2504,40.0,0,auto,-37.2,6209702,25,60,2026-09-11-s1
2026-09-11 15:43:30+00:00,bench-04,2498,39.7,0,auto,-38.7,6219705,25,60,2026-09-11-s1
2026-09-11 15:43:40+00:00,bench-04,2503,39.0,0,auto,-35.8,6229708,25,60,2026-09-11-s1
2026-09-11 15:43:50+00:00,bench-04,2528,38.4,0,auto,-35.0,6239711,25,60,2026-09-11-s1
2026-09-11 15:44:00+00:00,bench-04,2517,38.5,0,auto,-35.5,6249708,25,60,2026-09-11-s1
2026-09-11 15:44:10+00:00,bench-04,2533,38.3,0,auto,-35.0,6259711,25,60,2026-09-11-s1
2026-09-11 15:44:20+00:00,bench-04,2542,37.5,0,auto,-36.2,6269712,25,60,2026-09-11-s1
2026-09-11 15:44:30+00:00,bench-04,2538,37.9,0,auto,-37.5,6279710,25,60,2026-09-11-s1
2026-09-11 15:44:40+00:00,bench-04,2543,37.2,0,auto,-35.6,6289714,25,60,2026-09-11-s1
2026-09-11 15:44:50+00:00,bench-04,2575,37.4,0,auto,-36.4,6299711,25,60,2026-09-11-s1
2026-09-09 13:25:00+00:00,bench-05,2503,41.3,0,auto,-46.2,10001,40,70,2026-09-09-s1
2026-09-09 13:25:10+00:00,bench-05,2468,41.7,0,auto,-45.5,19996,40,70,2026-09-09-s1
2026-09-09 13:25:20+00:00,bench-05,2488,41.0,0,auto,-45.3,29997,40,70,2026-09-09-s1
2026-09-09 13:25:30+00:00,bench-05,2496,40.8,0,auto,-44.1,39998,40,70,2026-09-09-s1
2026-09-09 13:25:40+00:00,bench-05,2513,40.4,0,auto,-44.4,50001,40,70,2026-09-09-s1
2026-09-09 13:25:50+00:00,bench-05,2493,40.6,0,auto,-46.7,60002,40,70,2026-09-09-s1
2026-09-09 13:26:00+00:00,bench-05,2492,40.6,1,auto,-47.1,70001,40,70,2026-09-09-s1
2026-09-09 13:26:10+00:00,bench-05,2483,40.8,1,auto,-45.2,80000,40,70,2026-09-09-s1
2026-09-09 13:26:20+00:00,bench-05,2519,40.8,1,auto,-46.1,90004,40,70,2026-09-09-s1
2026-09-09 13:26:30+00:00,bench-05,2472,42.2,1,auto,-46.3,100007,40,70,2026-09-09-s1
2026-09-09 13:26:40+00:00,bench-05,2470,42.2,1,auto,-46.6,110006,40,70,2026-09-09-s1
2026-09-09 13:26:50+00:00,bench-05,2479,42.2,1,auto,-46.1,120008,40,70,2026-09-09-s1
2026-09-09 13:27:00+00:00,bench-05,2503,41.8,1,auto,-43.4,130008,40,70,2026-09-09-s1
2026-09-09 13:27:10+00:00,bench-05,2474,42.9,1,auto,-43.9,140003,40,70,2026-09-09-s1
2026-09-09 13:27:20+00:00,bench-05,2458,43.4,1,auto,-44.3,150002,40,70,2026-09-09-s1
2026-09-09 13:27:30+00:00,bench-05,2468,43.8,1,auto,-42.8,159998,40,70,2026-09-09-s1
2026-09-09 13:27:40+00:00,bench-05,2452,43.8,1,auto,-41.3,169999,40,70,2026-09-09-s1
2026-09-09 13:27:50+00:00,bench-05,2454,43.8,1,auto,-43.1,180002,40,70,2026-09-09-s1
2026-09-09 13:28:00+00:00,bench-05,2451,44.3,1,auto,-41.8,190006,40,70,2026-09-09-s1
2026-09-09 13:28:10+00:00,bench-05,2414,44.9,1,auto,-40.1,200009,40,70,2026-09-09-s1
2026-09-09 13:28:20+00:00,bench-05,2395,45.6,1,auto,-40.0,210010,40,70,2026-09-09-s1
2026-09-09 13:28:30+00:00,bench-05,2424,45.2,1,auto,-40.5,220005,40,70,2026-09-09-s1
2026-09-09 13:28:40+00:00,bench-05,2410,45.7,1,auto,-41.6,230006,40,70,2026-09-09-s1
2026-09-09 13:28:50+00:00,bench-05,2387,46.8,1,auto,-44.1,240010,40,70,2026-09-09-s1
2026-09-09 13:29:00+00:00,bench-05,2378,46.8,1,auto,-42.5,250012,40,70,2026-09-09-s1
2026-09-09 13:29:10+00:00,bench-05,2387,46.4,1,auto,-42.6,260013,40,70,2026-09-09-s1
2026-09-09 13:29:20+00:00,bench-05,2374,47.0,1,auto,-44.0,270010,40,70,2026-09-09-s1
2026-09-09 13:29:30+00:00,bench-05,2365,47.5,1,auto,-45.1,280005,40,70,2026-09-09-s1
2026-09-09 13:29:40+00:00,bench-05,2372,47.9,1,auto,-45.8,290006,40,70,2026-09-09-s1
2026-09-09 13:29:50+00:00,bench-05,2347,48.0,1,auto,-43.6,300002,40,70,2026-09-09-s1
2026-09-09 13:30:00+00:00,bench-05,2327,48.7,1,auto,-42.8,310002,40,70,2026-09-09-s1
2026-09-09 13:30:10+00:00,bench-05,2360,48.9,1,auto,-43.5,320001,40,70,2026-09-09-s1
2026-09-09 13:30:20+00:00,bench-05,2342,48.5,1,auto,-41.3,330001,40,70,2026-09-09-s1
2026-09-09 13:30:30+00:00,bench-05,2345,49.0,1,auto,-42.5,339998,40,70,2026-09-09-s1
2026-09-09 13:30:40+00:00,bench-05,2345,48.7,1,auto,-43.4,349999,40,70,2026-09-09-s1
2026-09-09 13:30:50+00:00,bench-05,2334,49.5,1,auto,-42.1,359996,40,70,2026-09-09-s1
2026-09-09 13:31:00+00:00,bench-05,2323,49.7,1,auto,-41.6,369994,40,70,2026-09-09-s1
2026-09-09 13:31:10+00:00,bench-05,2326,49.7,1,auto,-38.8,379991,40,70,2026-09-09-s1
2026-09-09 13:31:20+00:00,bench-05,2297,50.7,1,auto,-38.3,389987,40,70,2026-09-09-s1
2026-09-09 13:31:30+00:00,bench-05,2296,50.7,1,auto,-38.6,399991,40,70,2026-09-09-s1
2026-09-09 13:31:40+00:00,bench-05,2305,50.4,1,auto,-37.7,409995,40,70,2026-09-09-s1
2026-09-09 13:31:50+00:00,bench-05,2284,50.6,1,auto,-38.4,419999,40,70,2026-09-09-s1
2026-09-09 13:32:00+00:00,bench-05,2283,51.0,1,auto,-37.2,429996,40,70,2026-09-09-s1
2026-09-09 13:32:10+00:00,bench-05,2278,51.2,1,auto,-38.8,439999,40,70,2026-09-09-s1
2026-09-09 13:32:20+00:00,bench-05,2265,51.9,1,auto,-40.4,449997,40,70,2026-09-09-s1
2026-09-09 13:32:30+00:00,bench-05,2285,51.7,1,auto,-42.1,459994,40,70,2026-09-09-s1
2026-09-09 13:32:40+00:00,bench-05,2268,52.0,1,auto,-42.7,469992,40,70,2026-09-09-s1
2026-09-09 13:32:50+00:00,bench-05,2289,51.2,1,auto,-44.0,479996,40,70,2026-09-09-s1
2026-09-09 13:33:00+00:00,bench-05,2233,52.5,1,auto,-43.3,489995,40,70,2026-09-09-s1
2026-09-09 13:33:10+00:00,bench-05,2258,52.4,1,auto,-42.9,499991,40,70,2026-09-09-s1
2026-09-09 13:33:20+00:00,bench-05,2235,53.0,1,auto,-42.7,509988,40,70,2026-09-09-s1
2026-09-09 13:33:30+00:00,bench-05,2250,53.0,1,auto,-43.0,519990,40,70,2026-09-09-s1
2026-09-09 13:33:40+00:00,bench-05,2258,52.9,1,auto,-45.7,529992,40,70,2026-09-09-s1
2026-09-09 13:33:50+00:00,bench-05,2251,53.3,1,auto,-44.3,539992,40,70,2026-09-09-s1
2026-09-09 13:34:00+00:00,bench-05,2233,55.0,1,auto,-45.0,549994,40,70,2026-09-09-s1
2026-09-09 13:34:10+00:00,bench-05,2213,54.0,1,auto,-45.6,559998,40,70,2026-09-09-s1
2026-09-09 13:34:20+00:00,bench-05,2213,54.2,1,auto,-45.3,570000,40,70,2026-09-09-s1
2026-09-09 13:34:30+00:00,bench-05,2208,54.5,1,auto,-46.1,579996,40,70,2026-09-09-s1
2026-09-09 13:34:40+00:00,bench-05,2207,54.7,1,auto,-47.0,589992,40,70,2026-09-09-s1
2026-09-09 13:34:50+00:00,bench-05,2214,54.7,1,auto,-45.1,599993,40,70,2026-09-09-s1
2026-09-09 13:35:00+00:00,bench-05,2191,55.4,1,auto,-44.3,609989,40,70,2026-09-09-s1
2026-09-09 13:35:10+00:00,bench-05,2189,55.7,1,auto,-46.4,619993,40,70,2026-09-09-s1
2026-09-09 13:35:20+00:00,bench-05,2174,56.1,1,auto,-46.3,629997,40,70,2026-09-09-s1
2026-09-09 13:35:30+00:00,bench-05,2176,56.5,1,auto,-47.2,640001,40,70,2026-09-09-s1
2026-09-09 13:35:40+00:00,bench-05,2190,56.1,1,auto,-48.8,650000,40,70,2026-09-09-s1
2026-09-09 13:35:50+00:00,bench-05,2172,56.8,1,auto,-49.7,659995,40,70,2026-09-09-s1
2026-09-09 13:36:00+00:00,bench-05,2180,56.3,1,auto,-46.5,669998,40,70,2026-09-09-s1
2026-09-09 13:36:10+00:00,bench-05,2183,56.3,1,auto,-46.8,679993,40,70,2026-09-09-s1
2026-09-09 13:36:20+00:00,bench-05,2180,56.9,1,auto,-50.2,689989,40,70,2026-09-09-s1
2026-09-09 13:36:30+00:00,bench-05,2151,57.4,1,auto,-52.0,699986,40,70,2026-09-09-s1
2026-09-09 13:36:40+00:00,bench-05,2156,57.5,1,auto,-50.4,709985,40,70,2026-09-09-s1
2026-09-09 13:36:50+00:00,bench-05,2158,57.4,1,auto,-48.8,719980,40,70,2026-09-09-s1
2026-09-09 13:37:00+00:00,bench-05,2161,57.6,1,auto,-47.9,729976,40,70,2026-09-09-s1
2026-09-09 13:37:10+00:00,bench-05,2151,57.9,1,auto,-48.0,739978,40,70,2026-09-09-s1
2026-09-09 13:37:20+00:00,bench-05,2134,58.6,1,auto,-48.3,749974,40,70,2026-09-09-s1
2026-09-09 13:37:30+00:00,bench-05,2136,58.0,1,auto,-49.0,759970,40,70,2026-09-09-s1
2026-09-09 13:37:40+00:00,bench-05,2133,58.0,1,auto,-51.1,769971,40,70,2026-09-09-s1
2026-09-09 13:37:50+00:00,bench-05,2129,58.5,1,auto,-50.9,779974,40,70,2026-09-09-s1
2026-09-09 13:38:00+00:00,bench-05,2129,58.2,1,auto,-50.5,789972,40,70,2026-09-09-s1
2026-09-09 13:38:10+00:00,bench-05,2118,59.4,1,auto,-51.3,799975,40,70,2026-09-09-s1
2026-09-09 13:38:20+00:00,bench-05,2133,58.7,1,auto,-51.9,809979,40,70,2026-09-09-s1
2026-09-09 13:38:30+00:00,bench-05,2105,59.6,1,auto,-54.7,819978,40,70,2026-09-09-s1
2026-09-09 13:38:50+00:00,bench-05,2100,59.4,1,auto,-55.4,839970,40,70,2026-09-09-s1
2026-09-09 13:39:00+00:00,bench-05,2119,58.5,1,auto,-55.9,849966,40,70,2026-09-09-s1
2026-09-09 13:39:10+00:00,bench-05,2092,60.4,1,auto,-56.0,859963,40,70,2026-09-09-s1
2026-09-09 13:39:20+00:00,bench-05,2091,60.3,1,auto,-56.9,869959,40,70,2026-09-09-s1
2026-09-09 13:39:30+00:00,bench-05,2109,60.2,1,auto,-57.7,879959,40,70,2026-09-09-s1
2026-09-09 13:39:40+00:00,bench-05,2114,59.8,1,auto,-56.3,889955,40,70,2026-09-09-s1
2026-09-09 13:39:50+00:00,bench-05,2088,60.7,1,auto,-57.0,899959,40,70,2026-09-09-s1
2026-09-09 13:40:00+00:00,bench-05,2118,59.8,1,auto,-55.3,909957,40,70,2026-09-09-s1
2026-09-09 13:40:10+00:00,bench-05,2105,60.2,1,auto,-55.1,919959,40,70,2026-09-09-s1
2026-09-09 13:40:20+00:00,bench-05,2089,60.2,1,auto,-55.5,929961,40,70,2026-09-09-s1
2026-09-09 13:40:30+00:00,bench-05,2089,60.3,1,auto,-56.5,939960,40,70,2026-09-09-s1
2026-09-09 13:40:40+00:00,bench-05,2054,61.5,1,auto,-55.1,949961,40,70,2026-09-09-s1
2026-09-09 13:40:50+00:00,bench-05,2075,60.7,1,auto,-55.0,959960,40,70,2026-09-09-s1
2026-09-09 13:41:00+00:00,bench-05,2081,61.1,1,auto,-54.4,969955,40,70,2026-09-09-s1
2026-09-09 13:41:10+00:00,bench-05,2083,61.0,1,auto,-54.3,979951,40,70,2026-09-09-s1
2026-09-09 13:41:20+00:00,bench-05,2074,61.6,1,auto,-53.6,989954,40,70,2026-09-09-s1
2026-09-09 13:41:30+00:00,bench-05,2068,62.3,1,auto,-52.8,999950,40,70,2026-09-09-s1
2026-09-09 13:41:40+00:00,bench-05,2073,61.3,1,auto,-52.5,1009949,40,70,2026-09-09-s1
2026-09-09 13:41:50+00:00,bench-05,2058,61.6,1,auto,-54.4,1019952,40,70,2026-09-09-s1
2026-09-09 13:42:00+00:00,bench-05,2040,62.0,1,auto,-53.6,1029951,40,70,2026-09-09-s1
2026-09-09 13:42:10+00:00,bench-05,2051,62.9,1,auto,-52.1,1039955,40,70,2026-09-09-s1
2026-09-09 13:42:20+00:00,bench-05,2061,62.5,1,auto,-53.9,1049956,40,70,2026-09-09-s1
2026-09-09 13:42:30+00:00,bench-05,2050,62.7,1,auto,-53.5,1059959,40,70,2026-09-09-s1
2026-09-09 13:42:40+00:00,bench-05,2053,62.6,1,auto,-53.5,1069957,40,70,2026-09-09-s1
2026-09-09 13:42:50+00:00,bench-05,2013,63.2,1,auto,-53.6,1079961,40,70,2026-09-09-s1
2026-09-09 13:43:00+00:00,bench-05,2068,62.5,1,auto,-54.6,1089958,40,70,2026-09-09-s1
2026-09-09 13:43:10+00:00,bench-05,2030,63.5,1,auto,-55.1,1099960,40,70,2026-09-09-s1
2026-09-09 13:43:20+00:00,bench-05,2053,62.7,1,auto,-55.5,1109964,40,70,2026-09-09-s1
2026-09-09 13:43:30+00:00,bench-05,2026,63.2,1,auto,-56.3,1119963,40,70,2026-09-09-s1
2026-09-09 13:43:40+00:00,bench-05,2037,63.4,1,auto,-58.5,1129966,40,70,2026-09-09-s1
2026-09-09 13:43:50+00:00,bench-05,2037,63.2,1,auto,-58.1,1139963,40,70,2026-09-09-s1
2026-09-09 13:44:00+00:00,bench-05,0,120.0,1,auto,-58.6,1149965,40,70,2026-09-09-s1
2026-09-09 13:44:10+00:00,bench-05,2019,63.9,1,auto,-57.9,1159964,40,70,2026-09-09-s1
2026-09-09 13:44:20+00:00,bench-05,2029,63.4,1,auto,-59.4,1169962,40,70,2026-09-09-s1
2026-09-09 13:44:30+00:00,bench-05,2041,62.9,1,auto,-59.4,1179963,40,70,2026-09-09-s1
2026-09-09 13:44:40+00:00,bench-05,2033,63.4,1,auto,-59.3,1189967,40,70,2026-09-09-s1
2026-09-09 13:44:50+00:00,bench-05,2014,64.0,1,auto,-58.6,1199968,40,70,2026-09-09-s1
2026-09-09 13:45:00+00:00,bench-05,2027,63.3,1,auto,-58.8,1209972,40,70,2026-09-09-s1
2026-09-09 13:45:10+00:00,bench-05,2025,63.9,1,auto,-59.2,1219973,40,70,2026-09-09-s1
2026-09-09 13:45:20+00:00,bench-05,2041,63.7,1,auto,-58.9,1229970,40,70,2026-09-09-s1
2026-09-09 13:45:30+00:00,bench-05,2019,64.0,1,auto,-57.7,1239968,40,70,2026-09-09-s1
2026-09-09 13:45:40+00:00,bench-05,2009,64.1,1,auto,-56.7,1249967,40,70,2026-09-09-s1
2026-09-09 13:45:50+00:00,bench-05,2016,64.2,1,auto,-55.8,1259969,40,70,2026-09-09-s1
2026-09-09 13:46:00+00:00,bench-05,2001,64.4,1,auto,-55.9,1269970,40,70,2026-09-09-s1
2026-09-09 13:46:10+00:00,bench-05,2024,63.9,1,auto,-58.6,1279973,40,70,2026-09-09-s1
2026-09-09 13:46:20+00:00,bench-05,2002,64.5,1,auto,-58.5,1289973,40,70,2026-09-09-s1
2026-09-09 13:46:30+00:00,bench-05,2035,63.8,1,auto,-58.9,1299972,40,70,2026-09-09-s1
2026-09-09 13:46:40+00:00,bench-05,2006,64.7,1,auto,-59.8,1309967,40,70,2026-09-09-s1
2026-09-09 13:46:50+00:00,bench-05,2008,64.9,1,auto,-60.6,1319963,40,70,2026-09-09-s1
2026-09-09 13:47:00+00:00,bench-05,1982,64.8,1,auto,-59.7,1329965,40,70,2026-09-09-s1
2026-09-09 13:47:10+00:00,bench-05,2000,65.3,1,auto,-62.1,1339961,40,70,2026-09-09-s1
2026-09-09 13:47:20+00:00,bench-05,1983,65.3,1,auto,-61.4,1349962,40,70,2026-09-09-s1
2026-09-09 13:47:30+00:00,bench-05,2012,64.5,1,auto,-61.6,1359957,40,70,2026-09-09-s1
2026-09-09 13:47:40+00:00,bench-05,2006,65.5,1,auto,-62.2,1369952,40,70,2026-09-09-s1
2026-09-09 13:47:50+00:00,bench-05,1986,65.2,1,auto,-61.5,1379956,40,70,2026-09-09-s1
2026-09-09 13:48:00+00:00,bench-05,2006,65.2,1,auto,-62.0,1389957,40,70,2026-09-09-s1
2026-09-09 13:48:10+00:00,bench-05,1991,65.2,1,auto,-61.3,1399956,40,70,2026-09-09-s1
2026-09-09 13:48:20+00:00,bench-05,1989,65.1,1,auto,-60.0,1409953,40,70,2026-09-09-s1
2026-09-09 13:48:30+00:00,bench-05,1993,65.0,1,auto,-60.9,1419948,40,70,2026-09-09-s1
2026-09-09 13:48:40+00:00,bench-05,1964,65.6,1,auto,-61.8,1429947,40,70,2026-09-09-s1
2026-09-09 13:48:50+00:00,bench-05,1977,65.9,1,auto,-61.0,1439942,40,70,2026-09-09-s1
2026-09-09 13:49:00+00:00,bench-05,1976,65.9,1,auto,-59.4,1449944,40,70,2026-09-09-s1
2026-09-09 13:49:10+00:00,bench-05,1985,65.8,1,auto,-59.5,1459946,40,70,2026-09-09-s1
2026-09-09 13:49:20+00:00,bench-05,1963,66.1,1,auto,-60.8,1469942,40,70,2026-09-09-s1
2026-09-09 13:49:30+00:00,bench-05,1964,66.0,1,auto,-60.8,1479945,40,70,2026-09-09-s1
2026-09-09 13:49:40+00:00,bench-05,1969,66.0,1,auto,-59.8,1489945,40,70,2026-09-09-s1
2026-09-09 13:49:50+00:00,bench-05,1996,65.9,1,auto,-58.2,1499941,40,70,2026-09-09-s1
2026-09-09 13:50:00+00:00,bench-05,1967,66.1,1,auto,-57.1,1509937,40,70,2026-09-09-s1
2026-09-09 13:50:10+00:00,bench-05,2001,65.2,1,auto,-60.1,1519937,40,70,2026-09-09-s1
2026-09-09 13:50:20+00:00,bench-05,1972,66.4,1,auto,-62.4,1529934,40,70,2026-09-09-s1
2026-09-09 13:50:30+00:00,bench-05,2001,65.7,1,auto,-61.3,1539930,40,70,2026-09-09-s1
2026-09-09 13:50:40+00:00,bench-05,1965,66.4,1,auto,-60.2,1549925,40,70,2026-09-09-s1
2026-09-09 13:50:50+00:00,bench-05,1954,66.6,1,auto,-59.9,1559929,40,70,2026-09-09-s1
2026-09-09 13:51:00+00:00,bench-05,1955,66.5,1,auto,-59.6,1569933,40,70,2026-09-09-s1
2026-09-09 13:51:10+00:00,bench-05,1950,66.7,1,auto,-58.6,1579936,40,70,2026-09-09-s1
2026-09-09 13:51:20+00:00,bench-05,1942,66.6,1,auto,-58.4,1589935,40,70,2026-09-09-s1
2026-09-09 13:51:30+00:00,bench-05,1964,67.1,1,auto,-56.8,1599933,40,70,2026-09-09-s1
2026-09-09 13:51:40+00:00,bench-05,1987,67.5,1,auto,-57.2,1609932,40,70,2026-09-09-s1
2026-09-09 13:51:50+00:00,bench-05,1952,67.0,1,auto,-58.2,1619928,40,70,2026-09-09-s1
2026-09-09 13:52:00+00:00,bench-05,1941,67.5,1,auto,-55.2,1629925,40,70,2026-09-09-s1
2026-09-09 13:52:10+00:00,bench-05,1966,67.4,1,auto,-58.0,1639927,40,70,2026-09-09-s1
2026-09-09 13:52:20+00:00,bench-05,1981,66.9,1,auto,-59.2,1649931,40,70,2026-09-09-s1
2026-09-09 13:52:30+00:00,bench-05,1925,67.7,1,auto,-59.6,1659928,40,70,2026-09-09-s1
2026-09-09 13:52:40+00:00,bench-05,1970,67.0,1,auto,-62.1,1669923,40,70,2026-09-09-s1
2026-09-09 13:52:50+00:00,bench-05,1966,67.0,1,auto,-60.1,1679918,40,70,2026-09-09-s1
2026-09-09 13:53:00+00:00,bench-05,1932,67.2,1,auto,-61.0,1689915,40,70,2026-09-09-s1
2026-09-09 13:53:10+00:00,bench-05,1951,66.9,1,auto,-58.7,1699911,40,70,2026-09-09-s1
2026-09-09 13:53:20+00:00,bench-05,1914,68.3,1,auto,-57.4,1709907,40,70,2026-09-09-s1
2026-09-09 13:53:30+00:00,bench-05,1929,68.6,1,auto,-56.4,1719907,40,70,2026-09-09-s1
2026-09-09 13:53:40+00:00,bench-05,1951,67.5,1,auto,-57.0,1729904,40,70,2026-09-09-s1
2026-09-09 13:53:50+00:00,bench-05,1929,67.5,1,auto,-57.5,1739904,40,70,2026-09-09-s1
2026-09-09 13:54:00+00:00,bench-05,1927,67.8,1,auto,-59.7,1749901,40,70,2026-09-09-s1
2026-09-09 13:54:10+00:00,bench-05,1902,68.9,1,auto,-59.7,1759900,40,70,2026-09-09-s1
2026-09-09 13:54:20+00:00,bench-05,1969,68.2,1,auto,-60.3,1769898,40,70,2026-09-09-s1
2026-09-09 13:54:30+00:00,bench-05,1904,68.3,1,auto,-60.3,1779899,40,70,2026-09-09-s1
2026-09-09 13:54:40+00:00,bench-05,1914,68.1,1,auto,-60.3,1789897,40,70,2026-09-09-s1
2026-09-09 13:54:50+00:00,bench-05,1948,67.7,1,auto,-60.2,1799901,40,70,2026-09-09-s1
2026-09-09 13:55:10+00:00,bench-05,1932,68.2,1,auto,-59.6,1819904,40,70,2026-09-09-s1
2026-09-09 13:55:20+00:00,bench-05,1948,68.1,1,auto,-59.2,1829905,40,70,2026-09-09-s1
2026-09-09 13:55:30+00:00,bench-05,1929,68.2,1,auto,-60.1,1839902,40,70,2026-09-09-s1
2026-09-09 13:55:40+00:00,bench-05,1922,68.1,1,auto,-61.1,1849903,40,70,2026-09-09-s1
2026-09-09 13:55:50+00:00,bench-05,1925,68.5,1,auto,-60.5,1859903,40,70,2026-09-09-s1
2026-09-09 13:56:00+00:00,bench-05,1919,68.3,1,auto,-61.7,1869899,40,70,2026-09-09-s1
2026-09-09 13:56:10+00:00,bench-05,1935,68.3,1,auto,-62.8,1879898,40,70,2026-09-09-s1
2026-09-09 13:56:20+00:00,bench-05,1939,67.8,1,auto,-62.9,1889902,40,70,2026-09-09-s1
2026-09-09 13:56:30+00:00,bench-05,1907,68.9,1,auto,-60.8,1899903,40,70,2026-09-09-s1
2026-09-09 13:56:40+00:00,bench-05,1895,69.2,1,manual,-60.6,1909899,40,70,2026-09-09-s1
2026-09-09 13:56:50+00:00,bench-05,1942,68.8,1,manual,-61.7,1919901,40,70,2026-09-09-s1
2026-09-09 13:57:00+00:00,bench-05,1940,68.8,1,manual,-62.1,1929898,40,70,2026-09-09-s1
2026-09-09 13:57:10+00:00,bench-05,1957,68.4,1,manual,-62.7,1939902,40,70,2026-09-09-s1
2026-09-09 13:57:20+00:00,bench-05,1891,69.6,1,manual,-63.7,1949898,40,70,2026-09-09-s1
2026-09-09 13:57:30+00:00,bench-05,1926,68.1,1,manual,-62.5,1959896,40,70,2026-09-09-s1
2026-09-09 13:57:40+00:00,bench-05,1932,69.0,1,manual,-64.1,1969892,40,70,2026-09-09-s1
2026-09-09 13:57:50+00:00,bench-05,1933,68.7,1,manual,-65.7,1979895,40,70,2026-09-09-s1
2026-09-09 13:58:00+00:00,bench-05,1916,68.5,1,manual,-66.2,1989899,40,70,2026-09-09-s1
2026-09-09 13:58:10+00:00,bench-05,1918,69.1,1,manual,-65.8,1999895,40,70,2026-09-09-s1
2026-09-09 13:58:20+00:00,bench-05,1919,69.5,1,manual,-65.0,2009897,40,70,2026-09-09-s1
2026-09-09 13:58:30+00:00,bench-05,1899,68.9,1,manual,-64.3,2019892,40,70,2026-09-09-s1
2026-09-09 13:58:40+00:00,bench-05,1882,69.6,1,manual,-63.7,2029892,40,70,2026-09-09-s1
2026-09-09 13:58:50+00:00,bench-05,1900,69.3,1,manual,-65.6,2039889,40,70,2026-09-09-s1
2026-09-09 13:59:00+00:00,bench-05,1910,69.6,1,manual,-64.4,2049893,40,70,2026-09-09-s1
2026-09-09 13:59:10+00:00,bench-05,1896,69.6,1,manual,-63.7,2059896,40,70,2026-09-09-s1
2026-09-09 13:59:20+00:00,bench-05,1914,68.9,1,manual,-65.4,2069896,40,70,2026-09-09-s1
2026-09-09 13:59:30+00:00,bench-05,1913,69.0,1,manual,-65.5,2079895,40,70,2026-09-09-s1
2026-09-09 13:59:40+00:00,bench-05,1894,70.1,1,manual,-65.8,2089895,40,70,2026-09-09-s1
2026-09-09 13:59:50+00:00,bench-05,1904,68.9,1,manual,-65.2,2099899,40,70,2026-09-09-s1
2026-09-09 14:00:00+00:00,bench-05,1904,68.8,1,auto,-62.9,2109899,40,70,2026-09-09-s1
2026-09-09 14:00:10+00:00,bench-05,1892,70.1,1,auto,-63.9,2119897,40,70,2026-09-09-s1
2026-09-09 14:00:20+00:00,bench-05,1882,70.2,1,auto,-64.2,2129893,40,70,2026-09-09-s1
2026-09-09 14:00:30+00:00,bench-05,1901,69.4,1,auto,-64.5,2139896,40,70,2026-09-09-s1
2026-09-09 14:00:40+00:00,bench-05,1929,69.1,1,auto,-64.8,2149897,40,70,2026-09-09-s1
2026-09-09 14:00:50+00:00,bench-05,1917,69.4,1,auto,-62.5,2159900,40,70,2026-09-09-s1
2026-09-09 14:01:00+00:00,bench-05,1888,69.4,1,auto,-62.3,2169899,40,70,2026-09-09-s1
2026-09-09 14:01:10+00:00,bench-05,1900,69.6,1,auto,-62.3,2179902,40,70,2026-09-09-s1
2026-09-09 14:01:20+00:00,bench-05,1913,69.8,1,auto,-62.0,2189902,40,70,2026-09-09-s1
2026-09-09 14:01:30+00:00,bench-05,1889,69.4,1,auto,-64.0,2199897,40,70,2026-09-09-s1
2026-09-09 14:01:40+00:00,bench-05,1901,70.0,1,auto,-63.4,2209895,40,70,2026-09-09-s1
2026-09-09 14:01:50+00:00,bench-05,1879,70.2,1,auto,-64.4,2219893,40,70,2026-09-09-s1
2026-09-09 14:02:00+00:00,bench-05,1894,70.2,1,auto,-65.0,2229892,40,70,2026-09-09-s1
2026-09-09 14:02:10+00:00,bench-05,1879,70.4,1,auto,-63.9,2239889,40,70,2026-09-09-s1
2026-09-09 14:02:20+00:00,bench-05,1903,70.0,1,auto,-62.1,2249889,40,70,2026-09-09-s1
2026-09-09 14:02:30+00:00,bench-05,1918,68.8,0,auto,-62.1,2259886,40,70,2026-09-09-s1
2026-09-09 14:02:40+00:00,bench-05,1937,68.5,0,auto,-62.0,2269881,40,70,2026-09-09-s1
2026-09-09 14:02:50+00:00,bench-05,1928,67.9,0,auto,-62.1,2279884,40,70,2026-09-09-s1
2026-09-09 14:03:00+00:00,bench-05,1962,67.7,0,auto,-61.5,2289886,40,70,2026-09-09-s1
2026-09-09 14:03:10+00:00,bench-05,1962,66.8,0,auto,-61.1,2299882,40,70,2026-09-09-s1
2026-09-09 14:03:20+00:00,bench-05,1976,65.1,0,auto,-63.5,2309881,40,70,2026-09-09-s1
2026-09-09 14:03:30+00:00,bench-05,2011,65.6,0,auto,-63.1,2319880,40,70,2026-09-09-s1
2026-09-09 14:03:40+00:00,bench-05,2008,64.5,0,auto,-62.9,2329879,40,70,2026-09-09-s1
2026-09-09 14:03:50+00:00,bench-05,2009,64.0,0,auto,-62.0,2339882,40,70,2026-09-09-s1
2026-09-09 14:04:00+00:00,bench-05,2038,63.5,0,auto,-61.9,2349877,40,70,2026-09-09-s1
2026-09-09 14:04:10+00:00,bench-05,2054,62.7,0,auto,-61.9,2359879,40,70,2026-09-09-s1
2026-09-09 14:04:20+00:00,bench-05,2068,62.2,0,auto,-62.5,2369874,40,70,2026-09-09-s1
2026-09-09 14:04:30+00:00,bench-05,2056,62.3,0,auto,-61.8,2379871,40,70,2026-09-09-s1
2026-09-09 14:04:40+00:00,bench-05,2083,60.7,0,auto,-62.0,2389869,40,70,2026-09-09-s1
2026-09-09 14:04:50+00:00,bench-05,2090,59.6,0,auto,-62.7,2399865,40,70,2026-09-09-s1
2026-09-09 14:05:00+00:00,bench-05,2130,59.4,0,auto,-61.9,2409868,40,70,2026-09-09-s1
2026-09-09 14:05:10+00:00,bench-05,2134,58.9,0,auto,-61.1,2419870,40,70,2026-09-09-s1
2026-09-09 14:05:20+00:00,bench-05,2153,58.2,0,auto,-62.8,2429869,40,70,2026-09-09-s1
2026-09-09 14:05:30+00:00,bench-05,2129,58.4,0,auto,-63.6,2439869,40,70,2026-09-09-s1
2026-09-09 14:05:40+00:00,bench-05,2165,57.1,0,auto,-62.3,2449864,40,70,2026-09-09-s1
2026-09-09 14:05:50+00:00,bench-05,2138,57.2,0,auto,-62.1,2459867,40,70,2026-09-09-s1
2026-09-09 14:06:00+00:00,bench-05,2187,56.1,0,auto,-59.4,2469871,40,70,2026-09-09-s1
2026-09-09 14:06:10+00:00,bench-05,2177,55.7,0,auto,-60.7,2479873,40,70,2026-09-09-s1
2026-09-09 14:06:20+00:00,bench-05,2214,54.6,0,auto,-60.9,2489869,40,70,2026-09-09-s1
2026-09-09 14:06:40+00:00,bench-05,2236,53.9,0,auto,-58.8,2509871,40,70,2026-09-09-s1
2026-09-09 14:06:50+00:00,bench-05,2218,53.4,0,auto,-59.6,2519867,40,70,2026-09-09-s1
2026-09-09 14:07:00+00:00,bench-05,2269,52.9,0,auto,-60.2,2529870,40,70,2026-09-09-s1
2026-09-09 14:07:10+00:00,bench-05,2276,51.6,0,auto,-61.3,2539869,40,70,2026-09-09-s1
2026-09-09 14:07:20+00:00,bench-05,2255,52.3,0,auto,-61.8,2549870,40,70,2026-09-09-s1
2026-09-09 14:07:30+00:00,bench-05,2288,51.3,0,auto,-60.3,2559866,40,70,2026-09-09-s1
2026-09-09 14:07:40+00:00,bench-05,2285,51.3,0,auto,-61.8,2569864,40,70,2026-09-09-s1
2026-09-09 14:07:50+00:00,bench-05,2296,51.1,0,auto,-62.9,2579861,40,70,2026-09-09-s1
2026-09-09 14:08:00+00:00,bench-05,2282,50.1,0,auto,-62.8,2589859,40,70,2026-09-09-s1
2026-09-09 14:08:10+00:00,bench-05,2315,49.3,0,auto,-62.9,2599858,40,70,2026-09-09-s1
2026-09-09 14:08:20+00:00,bench-05,2332,48.9,0,auto,-63.4,2609862,40,70,2026-09-09-s1
2026-09-09 14:08:30+00:00,bench-05,2343,47.9,0,auto,-63.6,2619858,40,70,2026-09-09-s1
2026-09-09 14:08:40+00:00,bench-05,2350,47.6,0,auto,-63.9,2629857,40,70,2026-09-09-s1
2026-09-09 14:08:50+00:00,bench-05,2378,47.0,0,auto,-64.2,2639854,40,70,2026-09-09-s1
2026-09-09 14:09:00+00:00,bench-05,2363,47.3,0,auto,-62.2,2649853,40,70,2026-09-09-s1
2026-09-09 14:09:10+00:00,bench-05,2399,46.1,0,auto,-62.6,2659848,40,70,2026-09-09-s1
2026-09-09 14:09:20+00:00,bench-05,2385,46.2,0,auto,-63.2,2669852,40,70,2026-09-09-s1
2026-09-09 14:09:30+00:00,bench-05,2415,45.5,0,auto,-61.4,2679850,40,70,2026-09-09-s1
2026-09-09 14:09:40+00:00,bench-05,2415,44.9,0,auto,-63.2,2689852,40,70,2026-09-09-s1
2026-09-09 14:09:50+00:00,bench-05,2370,45.7,0,auto,-63.8,2699852,40,70,2026-09-09-s1
2026-09-09 14:10:00+00:00,bench-05,2428,43.8,0,auto,-65.7,2709850,40,70,2026-09-09-s1
2026-09-09 14:10:10+00:00,bench-05,2405,44.9,0,auto,-66.3,2719849,40,70,2026-09-09-s1
2026-09-09 14:10:20+00:00,bench-05,2458,43.4,0,auto,-65.8,2729845,40,70,2026-09-09-s1
2026-09-09 14:10:30+00:00,bench-05,2452,43.6,0,auto,-65.4,2739842,40,70,2026-09-09-s1
2026-09-09 14:10:40+00:00,bench-05,2446,43.9,0,auto,-64.9,2749841,40,70,2026-09-09-s1
2026-09-09 14:10:50+00:00,bench-05,2464,42.5,0,auto,-65.5,2759838,40,70,2026-09-09-s1
2026-09-09 14:11:00+00:00,bench-05,2471,42.1,0,auto,-64.7,2769839,40,70,2026-09-09-s1
2026-09-09 14:11:10+00:00,bench-05,2496,41.8,0,auto,-63.5,2779838,40,70,2026-09-09-s1
2026-09-09 14:11:20+00:00,bench-05,2501,40.9,0,auto,-63.7,2789841,40,70,2026-09-09-s1
2026-09-09 14:11:30+00:00,bench-05,2494,41.0,0,auto,-63.6,2799838,40,70,2026-09-09-s1
2026-09-09 14:11:40+00:00,bench-05,2514,40.8,0,auto,-63.7,2809841,40,70,2026-09-09-s1
2026-09-09 14:11:50+00:00,bench-05,2531,40.1,0,auto,-64.8,2819839,40,70,2026-09-09-s1
2026-09-09 14:12:00+00:00,bench-05,2544,38.8,0,auto,-65.0,2829839,40,70,2026-09-09-s1
2026-09-09 14:12:10+00:00,bench-05,2515,40.1,1,auto,-63.6,2839842,40,70,2026-09-09-s1
2026-09-09 14:12:20+00:00,bench-05,2510,40.3,1,auto,-63.0,2849843,40,70,2026-09-09-s1
2026-09-09 14:12:30+00:00,bench-05,2485,41.7,1,auto,-64.3,2859844,40,70,2026-09-09-s1
2026-09-09 14:12:40+00:00,bench-05,2505,41.4,1,auto,-62.7,2869843,40,70,2026-09-09-s1
2026-09-09 14:12:50+00:00,bench-05,2466,42.3,1,auto,-62.0,2879846,40,70,2026-09-09-s1
2026-09-09 14:13:00+00:00,bench-05,2459,41.8,1,auto,-60.3,2889849,40,70,2026-09-09-s1
2026-09-09 14:13:10+00:00,bench-05,2440,42.5,1,auto,-61.0,2899845,40,70,2026-09-09-s1
2026-09-09 14:13:20+00:00,bench-05,2475,42.3,1,auto,-58.9,2909843,40,70,2026-09-09-s1
2026-09-09 14:13:30+00:00,bench-05,2468,42.9,1,auto,-59.4,2919844,40,70,2026-09-09-s1
2026-09-09 14:13:40+00:00,bench-05,2434,43.0,1,auto,-59.6,2929848,40,70,2026-09-09-s1
2026-09-09 14:13:50+00:00,bench-05,2426,43.5,1,auto,-58.3,2939843,40,70,2026-09-09-s1
2026-09-09 14:14:00+00:00,bench-05,2432,44.3,1,auto,-58.5,2949842,40,70,2026-09-09-s1
2026-09-09 14:14:10+00:00,bench-05,2428,43.8,1,auto,-59.5,2959840,40,70,2026-09-09-s1
2026-09-09 14:14:20+00:00,bench-05,2430,44.4,1,auto,-61.5,2969836,40,70,2026-09-09-s1
2026-09-09 14:14:30+00:00,bench-05,2391,45.5,1,auto,-60.5,2979840,40,70,2026-09-09-s1
2026-09-09 14:14:40+00:00,bench-05,2423,45.2,1,auto,-61.0,2989843,40,70,2026-09-09-s1
2026-09-09 14:14:50+00:00,bench-05,2397,46.0,1,auto,-59.6,2999844,40,70,2026-09-09-s1
2026-09-09 14:15:00+00:00,bench-05,2354,46.4,1,auto,-62.2,3009839,40,70,2026-09-09-s1
2026-09-09 14:15:10+00:00,bench-05,2424,45.9,1,auto,-61.6,3019842,40,70,2026-09-09-s1
2026-09-09 14:15:20+00:00,bench-05,2362,46.9,1,auto,-62.5,3029846,40,70,2026-09-09-s1
2026-09-09 14:15:30+00:00,bench-05,2369,47.1,1,auto,-62.3,3039842,40,70,2026-09-09-s1
2026-09-09 14:15:40+00:00,bench-05,2356,47.5,1,auto,-62.6,3049838,40,70,2026-09-09-s1
2026-09-09 14:15:50+00:00,bench-05,2348,48.0,1,auto,-62.2,3059836,40,70,2026-09-09-s1
2026-09-09 14:16:00+00:00,bench-05,2367,48.0,1,auto,-63.6,3069834,40,70,2026-09-09-s1
2026-09-09 14:16:10+00:00,bench-05,2350,48.5,1,auto,-64.7,3079831,40,70,2026-09-09-s1
2026-09-09 14:16:20+00:00,bench-05,2333,48.4,1,auto,-64.1,3089835,40,70,2026-09-09-s1
2026-09-09 14:16:30+00:00,bench-05,2344,48.3,1,auto,-65.2,3099835,40,70,2026-09-09-s1
2026-09-09 14:16:40+00:00,bench-05,2333,49.7,1,auto,-64.7,3109835,40,70,2026-09-09-s1
2026-09-09 14:16:50+00:00,bench-05,2304,49.9,1,auto,-64.4,3119839,40,70,2026-09-09-s1
2026-09-09 14:17:00+00:00,bench-05,2330,49.6,1,auto,-66.1,3129840,40,70,2026-09-09-s1
2026-09-09 14:17:10+00:00,bench-05,2301,49.8,1,auto,-67.1,3139836,40,70,2026-09-09-s1
2026-09-09 14:17:20+00:00,bench-05,2306,50.1,1,auto,-66.2,3149838,40,70,2026-09-09-s1
2026-09-09 14:17:30+00:00,bench-05,2300,50.7,1,auto,-63.8,3159840,40,70,2026-09-09-s1
2026-09-09 14:17:40+00:00,bench-05,2315,51.0,1,auto,-64.0,3169835,40,70,2026-09-09-s1
2026-09-09 14:17:50+00:00,bench-05,2285,51.2,1,auto,-66.8,3179830,40,70,2026-09-09-s1
2026-09-09 14:18:00+00:00,bench-05,2287,51.1,1,auto,-65.4,3189827,40,70,2026-09-09-s1
2026-09-09 14:18:10+00:00,bench-05,2275,51.8,1,auto,-64.2,3199831,40,70,2026-09-09-s1
2026-09-09 14:18:20+00:00,bench-05,2279,51.9,1,auto,-66.3,3209834,40,70,2026-09-09-s1
2026-09-09 14:18:30+00:00,bench-05,2294,52.2,1,auto,-67.8,3219832,40,70,2026-09-09-s1
2026-09-09 14:18:40+00:00,bench-05,2259,52.4,1,auto,-66.8,3229830,40,70,2026-09-09-s1
2026-09-09 14:18:50+00:00,bench-05,2270,52.5,1,auto,-65.8,3239825,40,70,2026-09-09-s1
2026-09-09 14:19:00+00:00,bench-05,2265,53.2,1,auto,-65.8,3249825,40,70,2026-09-09-s1
2026-09-09 14:19:10+00:00,bench-05,2248,53.2,1,auto,-65.6,3259825,40,70,2026-09-09-s1
2026-09-09 14:19:20+00:00,bench-05,2256,52.6,1,auto,-63.9,3269826,40,70,2026-09-09-s1
2026-09-09 14:19:30+00:00,bench-05,2229,53.5,1,auto,-62.9,3279830,40,70,2026-09-09-s1
2026-09-09 14:19:40+00:00,bench-05,2232,53.7,1,auto,-62.4,3289825,40,70,2026-09-09-s1
2026-09-09 14:19:50+00:00,bench-05,2237,53.8,1,auto,-61.8,3299827,40,70,2026-09-09-s1
2026-09-09 14:20:00+00:00,bench-05,2187,55.3,1,auto,-62.2,3309825,40,70,2026-09-09-s1
2026-09-09 14:20:10+00:00,bench-05,2201,54.9,1,auto,-62.6,3319825,40,70,2026-09-09-s1
2026-09-09 14:20:20+00:00,bench-05,2206,56.0,1,auto,-61.1,3329822,40,70,2026-09-09-s1
2026-09-09 14:20:30+00:00,bench-05,2217,55.1,1,auto,-63.3,3339823,40,70,2026-09-09-s1
2026-09-09 14:20:40+00:00,bench-05,2199,54.8,1,auto,-64.5,3349821,40,70,2026-09-09-s1
2026-09-09 14:20:50+00:00,bench-05,2171,55.9,1,auto,-64.6,3359825,40,70,2026-09-09-s1
2026-09-09 14:21:00+00:00,bench-05,2214,54.8,1,auto,-65.2,3369827,40,70,2026-09-09-s1
2026-09-09 14:21:10+00:00,bench-05,2175,56.3,1,auto,-64.4,3379830,40,70,2026-09-09-s1
2026-09-09 14:21:20+00:00,bench-05,2186,56.0,1,auto,-65.8,3389826,40,70,2026-09-09-s1
2026-09-09 14:21:30+00:00,bench-05,2197,56.9,1,auto,-66.9,3399824,40,70,2026-09-09-s1
2026-09-09 14:21:40+00:00,bench-05,2139,57.1,1,auto,-66.6,3409827,40,70,2026-09-09-s1
2026-09-09 14:21:50+00:00,bench-05,2188,56.5,1,auto,-64.7,3419822,40,70,2026-09-09-s1
2026-09-09 14:22:00+00:00,bench-05,4095,-20.0,1,auto,-67.0,3429817,40,70,2026-09-09-s1
2026-09-09 14:22:10+00:00,bench-05,2149,57.6,1,auto,-68.7,3439818,40,70,2026-09-09-s1
2026-09-09 14:22:20+00:00,bench-05,2179,57.1,1,auto,-68.4,3449819,40,70,2026-09-09-s1
2026-09-09 14:22:30+00:00,bench-05,2152,57.3,1,auto,-66.9,3459818,40,70,2026-09-09-s1
2026-09-09 14:22:40+00:00,bench-05,2130,58.4,1,auto,-69.0,3469816,40,70,2026-09-09-s1
2026-09-09 14:22:50+00:00,bench-05,2133,58.0,1,auto,-69.9,3479818,40,70,2026-09-09-s1
2026-09-09 14:23:00+00:00,bench-05,2164,57.4,1,auto,-70.4,3489818,40,70,2026-09-09-s1
2026-09-09 14:23:10+00:00,bench-05,2130,58.9,1,auto,-71.3,3499821,40,70,2026-09-09-s1
2026-09-09 14:23:20+00:00,bench-05,2128,59.3,1,auto,-71.9,3509820,40,70,2026-09-09-s1
2026-09-09 14:23:30+00:00,bench-05,2118,58.7,1,auto,-72.5,3519819,40,70,2026-09-09-s1
2026-09-09 14:23:40+00:00,bench-05,2151,58.3,1,auto,-72.6,3529814,40,70,2026-09-09-s1
2026-09-09 14:23:50+00:00,bench-05,2154,58.3,1,auto,-74.4,3539817,40,70,2026-09-09-s1
2026-09-09 14:24:00+00:00,bench-05,2134,58.4,1,auto,-74.1,3549819,40,70,2026-09-09-s1
2026-09-09 14:24:10+00:00,bench-05,2131,58.7,1,auto,-76.0,3559817,40,70,2026-09-09-s1
2026-09-09 14:24:20+00:00,bench-05,2135,59.5,1,auto,-75.6,3569816,40,70,2026-09-09-s1
2026-09-09 14:24:30+00:00,bench-05,2102,60.0,1,auto,-74.3,3579820,40,70,2026-09-09-s1
2026-09-09 14:24:40+00:00,bench-05,2109,59.7,1,auto,-74.1,3589823,40,70,2026-09-09-s1
2026-09-09 14:24:50+00:00,bench-05,2123,60.0,1,auto,-75.5,3599818,40,70,2026-09-09-s1
2026-09-09 14:25:00+00:00,bench-05,2115,59.8,1,auto,-76.8,3609817,40,70,2026-09-09-s1
2026-09-09 14:25:10+00:00,bench-05,2073,60.8,1,auto,-76.9,3619821,40,70,2026-09-09-s1
2026-09-09 14:25:20+00:00,bench-05,2075,60.2,1,auto,-78.4,3629824,40,70,2026-09-09-s1
2026-09-09 14:25:30+00:00,bench-05,2106,60.6,1,auto,-77.3,3639819,40,70,2026-09-09-s1
2026-09-09 14:25:40+00:00,bench-05,2075,60.5,1,auto,-76.7,3649816,40,70,2026-09-09-s1
2026-09-09 14:25:50+00:00,bench-05,2090,61.0,1,auto,-74.2,3659820,40,70,2026-09-09-s1
2026-09-09 14:26:00+00:00,bench-05,2086,60.6,1,auto,-74.9,3669818,40,70,2026-09-09-s1
2026-09-09 14:26:10+00:00,bench-05,2090,60.9,1,auto,-75.1,3679820,40,70,2026-09-09-s1
2026-09-09 14:26:20+00:00,bench-05,2074,61.6,1,auto,-76.2,3689818,40,70,2026-09-09-s1
2026-09-09 14:26:30+00:00,bench-05,2069,61.8,1,auto,-74.8,3699822,40,70,2026-09-09-s1
2026-09-09 14:26:40+00:00,bench-05,2075,61.6,1,auto,-75.3,3709824,40,70,2026-09-09-s1
2026-09-09 14:26:50+00:00,bench-05,2077,61.1,1,auto,-77.5,3719823,40,70,2026-09-09-s1
2026-09-09 14:27:00+00:00,bench-05,2079,60.8,1,auto,-78.5,3729819,40,70,2026-09-09-s1
2026-09-09 14:27:10+00:00,bench-05,2073,61.7,1,auto,-80.4,3739815,40,70,2026-09-09-s1
2026-09-09 14:27:20+00:00,bench-05,2042,62.2,1,auto,-79.6,3749814,40,70,2026-09-09-s1
2026-09-09 14:27:30+00:00,bench-05,2079,61.8,1,auto,-78.2,3759812,40,70,2026-09-09-s1
2026-09-09 14:27:40+00:00,bench-05,2064,62.5,1,auto,-77.5,3769814,40,70,2026-09-09-s1
2026-09-09 14:27:50+00:00,bench-05,2085,61.9,1,auto,-79.2,3779813,40,70,2026-09-09-s1
2026-09-09 14:28:00+00:00,bench-05,2059,62.4,1,auto,-78.5,3789809,40,70,2026-09-09-s1
2026-09-09 14:28:10+00:00,bench-05,2064,62.2,1,auto,-76.4,3799812,40,70,2026-09-09-s1
2026-09-09 14:28:20+00:00,bench-05,2027,63.0,1,auto,-77.1,3809808,40,70,2026-09-09-s1
2026-09-09 14:28:30+00:00,bench-05,2036,63.1,1,auto,-76.2,3819805,40,70,2026-09-09-s1
2026-09-09 14:28:40+00:00,bench-05,2012,63.9,1,auto,-74.4,3829809,40,70,2026-09-09-s1
2026-09-09 14:28:50+00:00,bench-05,2033,63.5,1,auto,-72.6,3839806,40,70,2026-09-09-s1
2026-09-09 14:29:00+00:00,bench-05,2038,63.6,1,auto,-71.1,3849807,40,70,2026-09-09-s1
2026-09-09 14:29:10+00:00,bench-05,2018,64.4,1,auto,-70.0,3859808,40,70,2026-09-09-s1
2026-09-09 14:29:20+00:00,bench-05,2047,63.6,1,auto,-70.7,3869811,40,70,2026-09-09-s1
2026-09-09 14:29:30+00:00,bench-05,2028,63.8,1,auto,-70.7,3879815,40,70,2026-09-09-s1
2026-09-09 14:29:40+00:00,bench-05,2030,63.5,1,auto,-71.7,3889818,40,70,2026-09-09-s1
2026-09-09 14:29:50+00:00,bench-05,2008,64.6,1,auto,-74.3,3899815,40,70,2026-09-09-s1
2026-09-09 14:30:00+00:00,bench-05,1993,64.6,1,auto,-75.8,3909819,40,70,2026-09-09-s1
2026-09-09 14:30:10+00:00,bench-05,2042,64.4,1,auto,-74.2,3919820,40,70,2026-09-09-s1
2026-09-09 14:30:20+00:00,bench-05,2016,64.6,1,auto,-74.0,3929819,40,70,2026-09-09-s1
2026-09-09 14:30:30+00:00,bench-05,2034,64.1,1,auto,-72.4,3939816,40,70,2026-09-09-s1
2026-09-09 14:30:40+00:00,bench-05,1983,65.1,1,auto,-73.0,3949815,40,70,2026-09-09-s1
2026-09-09 14:30:50+00:00,bench-05,2007,64.3,1,auto,-73.5,3959816,40,70,2026-09-09-s1
2026-09-09 14:31:00+00:00,bench-05,1995,65.4,1,auto,-74.6,3969811,40,70,2026-09-09-s1
2026-09-09 14:31:10+00:00,bench-05,2002,64.4,1,auto,-75.7,3979810,40,70,2026-09-09-s1
2026-09-09 14:31:20+00:00,bench-05,1989,65.3,1,auto,-76.8,3989810,40,70,2026-09-09-s1
2026-09-09 14:31:30+00:00,bench-05,1989,64.7,1,auto,-76.6,3999806,40,70,2026-09-09-s1
2026-09-09 14:31:40+00:00,bench-05,1996,65.2,1,auto,-75.4,4009808,40,70,2026-09-09-s1
2026-09-09 14:31:50+00:00,bench-05,1973,65.4,1,auto,-73.1,4019806,40,70,2026-09-09-s1
2026-09-09 14:32:00+00:00,bench-05,1986,65.6,1,auto,-73.6,4029803,40,70,2026-09-09-s1
2026-09-09 14:32:10+00:00,bench-05,1995,65.6,1,auto,-75.4,4039800,40,70,2026-09-09-s1
2026-09-09 14:32:20+00:00,bench-05,1992,65.8,1,auto,-76.3,4049796,40,70,2026-09-09-s1
2026-09-09 14:32:30+00:00,bench-05,1981,65.6,1,auto,-77.5,4059799,40,70,2026-09-09-s1
2026-09-09 14:32:40+00:00,bench-05,1954,66.9,1,auto,-76.7,4069801,40,70,2026-09-09-s1
2026-09-09 14:32:50+00:00,bench-05,1962,66.4,1,auto,-76.9,4079798,40,70,2026-09-09-s1
2026-09-09 14:33:00+00:00,bench-05,1957,66.6,1,auto,-76.0,4089801,40,70,2026-09-09-s1
2026-09-09 14:33:10+00:00,bench-05,1959,67.7,1,auto,-76.2,4099799,40,70,2026-09-09-s1
2026-09-09 14:33:20+00:00,bench-05,1952,67.4,1,auto,-77.4,4109801,40,70,2026-09-09-s1
2026-09-09 14:33:30+00:00,bench-05,1967,66.4,1,auto,-78.8,4119798,40,70,2026-09-09-s1
2026-09-09 14:33:40+00:00,bench-05,1978,66.3,1,auto,-77.4,4129795,40,70,2026-09-09-s1
2026-09-09 14:33:50+00:00,bench-05,1957,67.3,1,auto,-78.0,4139798,40,70,2026-09-09-s1
2026-09-09 14:34:00+00:00,bench-05,1946,67.0,1,auto,-77.4,4149800,40,70,2026-09-09-s1
2026-09-09 14:34:10+00:00,bench-05,1956,66.9,1,auto,-78.0,4159802,40,70,2026-09-09-s1
2026-09-09 14:34:20+00:00,bench-05,1932,67.2,1,auto,-78.6,4169797,40,70,2026-09-09-s1
2026-09-09 14:34:30+00:00,bench-05,1945,67.5,1,auto,-78.2,4179798,40,70,2026-09-09-s1
2026-09-09 14:34:40+00:00,bench-05,1941,67.4,1,auto,-76.4,4189799,40,70,2026-09-09-s1
2026-09-09 14:34:50+00:00,bench-05,1925,67.9,1,auto,-75.9,4199798,40,70,2026-09-09-s1
2026-09-09 14:35:00+00:00,bench-05,1929,67.6,1,auto,-74.6,4209796,40,70,2026-09-09-s1
2026-09-09 14:35:10+00:00,bench-05,1934,67.8,1,auto,-75.7,4219798,40,70,2026-09-09-s1
2026-09-09 14:35:20+00:00,bench-05,1944,67.6,1,auto,-76.6,4229800,40,70,2026-09-09-s1
2026-09-09 14:35:30+00:00,bench-05,1943,67.6,1,auto,-77.3,4239804,40,70,2026-09-09-s1
2026-09-09 14:35:40+00:00,bench-05,1944,67.8,1,auto,-78.4,4249807,40,70,2026-09-09-s1
2026-09-09 14:35:50+00:00,bench-05,1936,68.4,1,auto,-77.0,4259802,40,70,2026-09-09-s1
2026-09-09 14:36:00+00:00,bench-05,1929,68.0,1,auto,-78.6,4269798,40,70,2026-09-09-s1
2026-09-09 14:36:10+00:00,bench-05,1954,67.8,1,auto,-76.8,4279797,40,70,2026-09-09-s1
2026-09-09 14:36:20+00:00,bench-05,1921,67.9,1,auto,-77.0,4289793,40,70,2026-09-09-s1
2026-09-09 14:36:30+00:00,bench-05,1932,68.1,1,auto,-75.9,4299797,40,70,2026-09-09-s1
2026-09-09 14:36:40+00:00,bench-05,1939,68.2,1,auto,-74.7,4309801,40,70,2026-09-09-s1
2026-09-09 14:36:50+00:00,bench-05,1912,68.3,1,auto,-76.4,4319805,40,70,2026-09-09-s1
2026-09-09 14:37:00+00:00,bench-05,1914,68.8,1,auto,-76.3,4329800,40,70,2026-09-09-s1
2026-09-09 14:37:10+00:00,bench-05,1930,68.5,1,auto,-76.0,4339795,40,70,2026-09-09-s1
2026-09-09 14:37:20+00:00,bench-05,1902,69.0,1,auto,-74.9,4349796,40,70,2026-09-09-s1
2026-09-09 14:37:30+00:00,bench-05,1926,68.8,1,auto,-77.0,4359791,40,70,2026-09-09-s1
2026-09-09 14:37:40+00:00,bench-05,1923,69.0,1,auto,-77.6,4369788,40,70,2026-09-09-s1
2026-09-09 14:37:50+00:00,bench-05,1919,69.4,1,auto,-76.7,4379790,40,70,2026-09-09-s1
2026-09-09 14:38:00+00:00,bench-05,1902,69.3,1,auto,-76.0,4389794,40,70,2026-09-09-s1
2026-09-09 14:38:10+00:00,bench-05,1903,69.5,1,auto,-76.9,4399792,40,70,2026-09-09-s1
2026-09-09 14:38:20+00:00,bench-05,1913,69.1,1,auto,-76.0,4409793,40,70,2026-09-09-s1
2026-09-09 14:38:30+00:00,bench-05,1937,68.9,1,auto,-75.7,4419792,40,70,2026-09-09-s1
2026-09-09 14:38:40+00:00,bench-05,1932,69.3,1,auto,-75.8,4429792,40,70,2026-09-09-s1
2026-09-09 14:38:50+00:00,bench-05,1931,68.9,1,auto,-76.3,4439792,40,70,2026-09-09-s1
2026-09-09 14:39:00+00:00,bench-05,1897,70.4,1,auto,-74.8,4449792,40,70,2026-09-09-s1
2026-09-09 14:39:10+00:00,bench-05,1892,70.4,1,auto,-73.3,4459791,40,70,2026-09-09-s1
2026-09-09 14:39:20+00:00,bench-05,1896,69.6,1,auto,-72.5,4469790,40,70,2026-09-09-s1
2026-09-09 14:39:30+00:00,bench-05,1872,70.3,1,auto,-72.1,4479794,40,70,2026-09-09-s1
2026-09-09 14:39:40+00:00,bench-05,1888,70.4,1,auto,-73.9,4489789,40,70,2026-09-09-s1
2026-09-09 14:39:50+00:00,bench-05,1901,70.3,1,auto,-75.8,4499793,40,70,2026-09-09-s1
2026-09-09 14:40:00+00:00,bench-05,1899,70.3,1,auto,-74.7,4509797,40,70,2026-09-09-s1
2026-09-09 14:40:10+00:00,bench-05,1910,69.4,1,auto,-75.7,4519798,40,70,2026-09-09-s1
2026-09-09 14:40:20+00:00,bench-05,1931,68.8,0,auto,-77.9,4529802,40,70,2026-09-09-s1
2026-09-09 14:40:30+00:00,bench-05,1935,68.4,0,auto,-76.4,4539802,40,70,2026-09-09-s1
2026-09-09 14:40:40+00:00,bench-05,1949,68.4,0,auto,-76.6,4549802,40,70,2026-09-09-s1
2026-09-09 14:40:50+00:00,bench-05,1940,67.3,0,auto,-76.9,4559802,40,70,2026-09-09-s1
2026-09-09 14:41:00+00:00,bench-05,1960,67.2,0,auto,-75.5,4569806,40,70,2026-09-09-s1
2026-09-09 14:41:10+00:00,bench-05,1977,65.5,0,auto,-75.0,4579810,40,70,2026-09-09-s1
2026-09-09 14:41:20+00:00,bench-05,1982,65.9,0,auto,-74.5,4589813,40,70,2026-09-09-s1
2026-09-09 14:41:30+00:00,bench-05,2000,64.9,0,auto,-74.7,4599814,40,70,2026-09-09-s1
2026-09-09 14:41:40+00:00,bench-05,2037,64.4,0,auto,-76.2,4609813,40,70,2026-09-09-s1
2026-09-09 14:41:50+00:00,bench-05,2031,63.2,0,auto,-74.9,4619813,40,70,2026-09-09-s1
2026-09-09 14:42:00+00:00,bench-05,2039,62.8,0,auto,-73.2,4629813,40,70,2026-09-09-s1
2026-09-09 14:42:10+00:00,bench-05,2068,61.8,0,auto,-76.3,4639817,40,70,2026-09-09-s1
2026-09-09 14:42:20+00:00,bench-05,2067,61.9,0,auto,-75.5,4649813,40,70,2026-09-09-s1
2026-09-09 14:42:30+00:00,bench-05,2094,60.7,0,auto,-75.5,4659814,40,70,2026-09-09-s1
2026-09-09 14:42:40+00:00,bench-05,2079,61.4,0,auto,-76.4,4669812,40,70,2026-09-09-s1
2026-09-09 14:42:50+00:00,bench-05,2122,59.9,0,auto,-77.9,4679816,40,70,2026-09-09-s1
2026-09-09 14:43:00+00:00,bench-05,2108,59.3,0,auto,-76.5,4689812,40,70,2026-09-09-s1
2026-09-09 14:43:10+00:00,bench-05,2144,58.1,0,auto,-76.6,4699811,40,70,2026-09-09-s1
2026-09-09 14:43:20+00:00,bench-05,2155,58.1,0,auto,-76.6,4709807,40,70,2026-09-09-s1
2026-09-09 14:43:30+00:00,bench-05,2171,57.2,0,auto,-75.8,4719807,40,70,2026-09-09-s1
2026-09-09 14:43:40+00:00,bench-05,2176,56.8,0,auto,-76.7,4729804,40,70,2026-09-09-s1
2026-09-09 14:43:50+00:00,bench-05,2176,56.8,0,auto,-75.5,4739799,40,70,2026-09-09-s1
2026-09-09 14:44:00+00:00,bench-05,2203,55.2,0,auto,-75.1,4749799,40,70,2026-09-09-s1
2026-09-09 14:44:10+00:00,bench-05,2195,55.4,0,auto,-76.1,4759803,40,70,2026-09-09-s1
2026-09-09 14:44:20+00:00,bench-05,2209,54.9,0,auto,-76.6,4769806,40,70,2026-09-09-s1
2026-09-09 14:44:30+00:00,bench-05,2230,54.2,0,auto,-75.5,4779807,40,70,2026-09-09-s1
2026-09-09 14:44:40+00:00,bench-05,2237,54.0,0,auto,-76.1,4789804,40,70,2026-09-09-s1
2026-09-09 14:44:50+00:00,bench-05,2262,52.7,0,auto,-76.2,4799805,40,70,2026-09-09-s1
2026-09-09 14:45:00+00:00,bench-05,2241,53.3,0,auto,-75.1,4809802,40,70,2026-09-09-s1
2026-09-09 14:45:10+00:00,bench-05,2267,52.5,0,auto,-74.4,4819803,40,70,2026-09-09-s1
2026-09-09 14:45:20+00:00,bench-05,2295,51.3,0,auto,-75.7,4829804,40,70,2026-09-09-s1
2026-09-09 14:45:30+00:00,bench-05,2280,51.1,0,auto,-76.8,4839800,40,70,2026-09-09-s1
2026-09-09 14:45:40+00:00,bench-05,2301,50.6,0,auto,-77.3,4849804,40,70,2026-09-09-s1
2026-09-09 14:45:50+00:00,bench-05,2296,49.8,0,auto,-78.2,4859804,40,70,2026-09-09-s1
2026-09-09 14:46:00+00:00,bench-05,2334,49.3,0,auto,-78.3,4869807,40,70,2026-09-09-s1
2026-09-09 14:46:10+00:00,bench-05,2336,49.4,0,auto,-79.5,4879807,40,70,2026-09-09-s1
2026-09-09 14:46:20+00:00,bench-05,2352,49.0,0,auto,-79.8,4889804,40,70,2026-09-09-s1
2026-09-09 14:46:30+00:00,bench-05,2343,48.5,0,auto,-81.4,4899807,40,70,2026-09-09-s1
2026-09-09 14:46:40+00:00,bench-05,2350,47.6,0,auto,-80.9,4909804,40,70,2026-09-09-s1
2026-09-09 14:46:50+00:00,bench-05,2392,47.1,0,auto,-80.9,4919801,40,70,2026-09-09-s1
2026-09-09 14:47:00+00:00,bench-05,2343,47.4,0,auto,-80.4,4929800,40,70,2026-09-09-s1
2026-09-09 14:47:10+00:00,bench-05,2337,47.4,0,auto,-78.2,4939804,40,70,2026-09-09-s1
2026-09-09 14:47:20+00:00,bench-05,2395,46.3,0,auto,-78.1,4949805,40,70,2026-09-09-s1
2026-09-09 14:47:30+00:00,bench-05,2455,45.0,0,auto,-78.4,4959808,40,70,2026-09-09-s1
2026-09-09 14:47:40+00:00,bench-05,2393,45.4,0,auto,-77.1,4969808,40,70,2026-09-09-s1
2026-09-09 14:47:50+00:00,bench-05,2397,45.8,1,manual,-76.9,4979807,40,70,2026-09-09-s1
2026-09-09 14:48:00+00:00,bench-05,2411,45.4,0,manual,-76.4,4989804,40,70,2026-09-09-s1
2026-09-09 14:48:10+00:00,bench-05,2388,45.2,0,manual,-77.4,4999805,40,70,2026-09-09-s1
2026-09-09 14:48:20+00:00,bench-05,2402,44.2,0,manual,-78.1,5009805,40,70,2026-09-09-s1
2026-09-09 14:48:30+00:00,bench-05,2466,43.3,0,manual,-78.0,5019807,40,70,2026-09-09-s1
2026-09-09 14:48:40+00:00,bench-05,2433,44.2,0,manual,-77.4,5029805,40,70,2026-09-09-s1
2026-09-09 14:48:50+00:00,bench-05,2461,42.8,0,manual,-78.1,5039807,40,70,2026-09-09-s1
2026-09-09 14:49:00+00:00,bench-05,2455,42.6,0,manual,-78.8,5049808,40,70,2026-09-09-s1
2026-09-09 14:49:10+00:00,bench-05,2470,42.7,0,manual,-78.0,5059808,40,70,2026-09-09-s1
2026-09-09 14:49:20+00:00,bench-05,2479,42.2,0,manual,-77.5,5069806,40,70,2026-09-09-s1
2026-09-09 14:49:30+00:00,bench-05,2490,41.6,0,manual,-78.1,5079807,40,70,2026-09-09-s1
2026-09-09 14:49:40+00:00,bench-05,2479,41.2,0,manual,-79.3,5089811,40,70,2026-09-09-s1
2026-09-09 14:49:50+00:00,bench-05,2514,40.7,0,manual,-80.5,5099808,40,70,2026-09-09-s1
2026-09-09 14:50:00+00:00,bench-05,2517,40.3,0,manual,-80.8,5109808,40,70,2026-09-09-s1
2026-09-09 14:50:10+00:00,bench-05,2510,40.5,0,manual,-81.0,5119811,40,70,2026-09-09-s1
2026-09-09 14:50:20+00:00,bench-05,2519,39.6,0,manual,-80.8,5129815,40,70,2026-09-09-s1
2026-09-09 14:50:30+00:00,bench-05,2520,39.7,0,manual,-79.5,5139819,40,70,2026-09-09-s1
2026-09-09 14:50:40+00:00,bench-05,2534,40.1,0,manual,-80.8,5149820,40,70,2026-09-09-s1
2026-09-09 14:50:50+00:00,bench-05,2556,38.6,0,manual,-82.2,5159819,40,70,2026-09-09-s1
2026-09-09 14:51:00+00:00,bench-05,2534,38.7,0,manual,-81.6,5169814,40,70,2026-09-09-s1
2026-09-09 14:51:10+00:00,bench-05,2571,38.2,0,manual,-83.1,5179809,40,70,2026-09-09-s1
2026-09-09 14:51:20+00:00,bench-05,2547,38.1,0,manual,-82.5,5189810,40,70,2026-09-09-s1
2026-09-09 14:51:30+00:00,bench-05,2554,37.8,1,auto,-83.9,5199809,40,70,2026-09-09-s1
2026-09-09 14:51:40+00:00,bench-05,2556,38.5,1,auto,-82.8,5209808,40,70,2026-09-09-s1
2026-09-09 14:51:50+00:00,bench-05,2528,39.4,1,auto,-82.3,5219811,40,70,2026-09-09-s1
2026-09-09 14:52:00+00:00,bench-05,2515,39.9,1,auto,-83.2,5229808,40,70,2026-09-09-s1
2026-09-09 14:52:10+00:00,bench-05,2523,40.2,1,auto,-83.8,5239810,40,70,2026-09-09-s1
2026-09-09 14:52:20+00:00,bench-05,2473,40.2,1,auto,-85.0,5249807,40,70,2026-09-09-s1
2026-09-09 14:52:30+00:00,bench-05,2515,40.5,1,auto,-84.6,5259809,40,70,2026-09-09-s1
2026-09-09 14:52:40+00:00,bench-05,2493,41.7,1,auto,-86.9,5269804,40,70,2026-09-09-s1
2026-09-09 14:52:50+00:00,bench-05,2479,41.1,1,auto,-86.8,5279806,40,70,2026-09-09-s1
2026-09-09 14:53:00+00:00,bench-05,2489,42.4,1,auto,-84.4,5289806,40,70,2026-09-09-s1
2026-09-09 14:53:10+00:00,bench-05,2458,42.8,1,auto,-85.4,5299801,40,70,2026-09-09-s1
2026-09-09 14:53:20+00:00,bench-05,2462,43.3,1,auto,-84.5,5309804,40,70,2026-09-09-s1
2026-09-09 14:53:30+00:00,bench-05,2423,42.8,1,auto,-86.9,5319801,40,70,2026-09-09-s1
2026-09-09 14:53:40+00:00,bench-05,2430,44.4,1,auto,-88.9,5329803,40,70,2026-09-09-s1
2026-09-09 14:53:50+00:00,bench-05,2447,43.3,1,auto,-88.9,5339803,40,70,2026-09-09-s1
2026-09-09 14:54:00+00:00,bench-05,2410,44.1,1,auto,-88.3,5349807,40,70,2026-09-09-s1
2026-09-09 14:54:10+00:00,bench-05,2441,44.4,1,auto,-89.8,5359806,40,70,2026-09-09-s1
2026-09-09 14:54:20+00:00,bench-05,2412,45.2,1,auto,-88.7,5369810,40,70,2026-09-09-s1
2026-09-09 14:54:30+00:00,bench-05,2399,45.1,1,auto,-86.9,5379805,40,70,2026-09-09-s1
2026-09-09 14:54:40+00:00,bench-05,2418,45.3,1,auto,-88.1,5389802,40,70,2026-09-09-s1
2026-09-09 14:54:50+00:00,bench-05,2416,45.3,1,auto,-87.9,5399798,40,70,2026-09-09-s1
2026-09-09 14:55:00+00:00,bench-05,2387,46.4,1,auto,-88.5,5409800,40,70,2026-09-09-s1
2026-09-09 14:55:10+00:00,bench-05,2390,46.4,1,auto,-86.2,5419802,40,70,2026-09-09-s1
2026-09-09 14:55:20+00:00,bench-05,2391,46.9,1,auto,-86.3,5429800,40,70,2026-09-09-s1
2026-09-09 14:55:30+00:00,bench-05,2361,47.3,1,auto,-85.9,5439795,40,70,2026-09-09-s1
2026-09-09 14:55:40+00:00,bench-05,2354,48.2,1,auto,-86.8,5449798,40,70,2026-09-09-s1
2026-09-09 14:55:50+00:00,bench-05,2322,48.3,1,auto,-86.4,5459798,40,70,2026-09-09-s1
2026-09-09 14:56:00+00:00,bench-05,2353,48.0,1,auto,-85.3,5469797,40,70,2026-09-09-s1
2026-09-09 14:56:10+00:00,bench-05,2340,48.1,1,auto,-84.7,5479795,40,70,2026-09-09-s1
2026-09-09 14:56:20+00:00,bench-05,2319,48.8,1,auto,-85.6,5489799,40,70,2026-09-09-s1
2026-09-09 14:56:30+00:00,bench-05,2358,49.1,1,auto,-89.2,5499797,40,70,2026-09-09-s1
2026-09-09 14:56:40+00:00,bench-05,2318,49.4,1,auto,-89.7,5509801,40,70,2026-09-09-s1
2026-09-09 14:56:50+00:00,bench-05,2282,50.5,1,auto,-90.0,5519805,40,70,2026-09-09-s1
2026-09-09 14:57:00+00:00,bench-05,2323,50.2,1,auto,-89.4,5529809,40,70,2026-09-09-s1
2026-09-09 14:57:10+00:00,bench-05,2271,51.1,1,auto,-90.0,5539810,40,70,2026-09-09-s1
2026-09-09 14:57:20+00:00,bench-05,2280,51.4,1,auto,-89.3,5549805,40,70,2026-09-09-s1
2026-09-09 14:57:30+00:00,bench-05,2268,51.5,1,auto,-88.3,5559801,40,70,2026-09-09-s1
2026-09-09 14:57:40+00:00,bench-05,2281,52.2,1,auto,-87.9,5569799,40,70,2026-09-09-s1
2026-09-09 14:57:50+00:00,bench-05,2251,52.0,1,auto,-85.8,5579797,40,70,2026-09-09-s1
2026-09-09 14:58:00+00:00,bench-05,2272,52.1,1,auto,-86.3,5589801,40,70,2026-09-09-s1
2026-09-09 14:58:10+00:00,bench-05,2256,52.5,1,auto,-83.5,5599796,40,70,2026-09-09-s1
2026-09-09 14:58:20+00:00,bench-05,2228,52.6,1,auto,-84.3,5609800,40,70,2026-09-09-s1
2026-09-09 14:58:30+00:00,bench-05,2244,52.5,1,auto,-84.6,5619796,40,70,2026-09-09-s1
2026-09-09 14:58:40+00:00,bench-05,2241,52.6,1,auto,-84.3,5629795,40,70,2026-09-09-s1
2026-09-09 14:58:50+00:00,bench-05,2248,53.4,1,auto,-82.6,5639798,40,70,2026-09-09-s1
2026-09-09 14:59:00+00:00,bench-05,2236,53.4,1,auto,-81.5,5649796,40,70,2026-09-09-s1
2026-09-09 14:59:10+00:00,bench-05,2240,53.3,1,auto,-81.0,5659793,40,70,2026-09-09-s1
2026-09-09 14:59:20+00:00,bench-05,2229,53.8,1,auto,-80.4,5669791,40,70,2026-09-09-s1
2026-09-09 14:59:30+00:00,bench-05,2226,54.1,1,auto,-81.7,5679794,40,70,2026-09-09-s1
2026-09-09 14:59:40+00:00,bench-05,2209,54.8,1,auto,-81.5,5689789,40,70,2026-09-09-s1
2026-09-09 14:59:50+00:00,bench-05,2231,54.4,1,auto,-83.6,5699793,40,70,2026-09-09-s1
2026-09-09 15:00:00+00:00,bench-05,2217,53.9,1,auto,-85.8,5709794,40,70,2026-09-09-s1
2026-09-09 15:00:10+00:00,bench-05,2193,55.3,1,auto,-86.1,5719792,40,70,2026-09-09-s1
2026-09-09 15:00:20+00:00,bench-05,2218,54.8,1,auto,-85.1,5729790,40,70,2026-09-09-s1
2026-09-09 15:00:30+00:00,bench-05,2199,55.7,1,auto,-83.8,5739791,40,70,2026-09-09-s1
2026-09-09 15:00:40+00:00,bench-05,2162,55.6,1,auto,-85.6,5749788,40,70,2026-09-09-s1
2026-09-09 15:00:50+00:00,bench-05,2191,55.8,1,auto,-86.8,5759787,40,70,2026-09-09-s1
2026-09-09 15:01:00+00:00,bench-05,2169,55.7,1,auto,-85.9,5769790,40,70,2026-09-09-s1
2026-09-09 15:01:10+00:00,bench-05,2157,57.0,1,auto,-87.9,5779785,40,70,2026-09-09-s1
2026-09-09 15:01:20+00:00,bench-05,2169,56.9,1,auto,-89.3,5789784,40,70,2026-09-09-s1
2026-09-09 15:01:30+00:00,bench-05,2187,56.7,1,auto,-87.6,5799782,40,70,2026-09-09-s1
2026-09-09 15:01:40+00:00,bench-05,2151,56.9,1,auto,-89.5,5809780,40,70,2026-09-09-s1
2026-09-09 15:01:50+00:00,bench-05,2189,56.6,1,auto,-87.9,5819779,40,70,2026-09-09-s1
2026-09-09 15:02:00+00:00,bench-05,2123,58.8,1,auto,-89.0,5829779,40,70,2026-09-09-s1
2026-09-09 15:02:10+00:00,bench-05,2158,58.0,1,auto,-89.5,5839776,40,70,2026-09-09-s1
2026-09-09 15:02:20+00:00,bench-05,2124,58.9,1,auto,-89.2,5849774,40,70,2026-09-09-s1
2026-09-09 15:02:30+00:00,bench-05,2142,58.0,1,auto,-90.0,5859778,40,70,2026-09-09-s1
2026-09-09 15:02:40+00:00,bench-05,2133,58.3,1,auto,-90.0,5869776,40,70,2026-09-09-s1
2026-09-09 15:02:50+00:00,bench-05,2146,58.5,1,auto,-89.9,5879772,40,70,2026-09-09-s1
2026-09-09 15:03:00+00:00,bench-05,2117,58.8,1,auto,-89.5,5889772,40,70,2026-09-09-s1
2026-09-09 15:03:10+00:00,bench-05,2102,59.6,1,auto,-87.5,5899773,40,70,2026-09-09-s1
2026-09-09 15:03:20+00:00,bench-05,2093,59.9,1,auto,-87.2,5909768,40,70,2026-09-09-s1
2026-09-09 15:03:30+00:00,bench-05,2106,60.2,1,auto,-87.5,5919764,40,70,2026-09-09-s1
2026-09-09 15:03:40+00:00,bench-05,2072,60.6,1,auto,-89.3,5929761,40,70,2026-09-09-s1
2026-09-09 15:03:50+00:00,bench-05,2096,60.0,1,auto,-88.2,5939765,40,70,2026-09-09-s1
2026-09-09 15:04:00+00:00,bench-05,2083,61.4,1,auto,-87.7,5949769,40,70,2026-09-09-s1
2026-09-09 15:04:10+00:00,bench-05,2083,60.9,1,auto,-87.7,5959773,40,70,2026-09-09-s1
2026-09-09 15:04:20+00:00,bench-05,2073,60.6,1,auto,-87.5,5969771,40,70,2026-09-09-s1
2026-09-09 15:04:30+00:00,bench-05,2098,61.0,1,auto,-87.5,5979768,40,70,2026-09-09-s1
2026-09-09 15:04:40+00:00,bench-05,2078,60.9,1,auto,-86.5,5989769,40,70,2026-09-09-s1
2026-09-09 15:04:50+00:00,bench-05,2108,60.7,1,auto,-87.4,5999766,40,70,2026-09-09-s1
2026-09-10 10:02:00+00:00,bench-05,2220,52.8,0,auto,-62.1,9999,40,70,2026-09-10-s1
2026-09-10 10:02:10+00:00,bench-05,2224,52.8,0,auto,-63.5,19994,40,70,2026-09-10-s1
2026-09-10 10:02:20+00:00,bench-05,2256,52.1,0,auto,-61.8,29992,40,70,2026-09-10-s1
2026-09-10 10:02:30+00:00,bench-05,2300,51.1,0,auto,-62.4,39989,40,70,2026-09-10-s1
2026-09-10 10:02:40+00:00,bench-05,2280,51.9,0,auto,-62.7,49986,40,70,2026-09-10-s1
2026-09-10 10:02:50+00:00,bench-05,2292,50.3,0,auto,-59.8,59990,40,70,2026-09-10-s1
2026-09-10 10:03:00+00:00,bench-05,2328,49.4,0,auto,-58.8,69986,40,70,2026-09-10-s1
2026-09-10 10:03:10+00:00,bench-05,2308,50.1,0,auto,-58.7,79984,40,70,2026-09-10-s1
2026-09-10 10:03:20+00:00,bench-05,2343,48.7,0,auto,-58.3,89981,40,70,2026-09-10-s1
2026-09-10 10:03:30+00:00,bench-05,2331,48.7,0,auto,-58.1,99980,40,70,2026-09-10-s1
2026-09-10 10:03:40+00:00,bench-05,2348,48.4,0,auto,-57.9,109981,40,70,2026-09-10-s1
2026-09-10 10:03:50+00:00,bench-05,2336,47.9,0,auto,-58.3,119979,40,70,2026-09-10-s1
2026-09-10 10:04:00+00:00,bench-05,2376,46.9,0,auto,-59.8,129982,40,70,2026-09-10-s1
2026-09-10 10:04:10+00:00,bench-05,2370,46.9,0,auto,-59.1,139983,40,70,2026-09-10-s1
2026-09-10 10:04:20+00:00,bench-05,2414,46.3,0,auto,-60.1,149979,40,70,2026-09-10-s1
2026-09-10 10:04:30+00:00,bench-05,2387,45.6,0,auto,-57.0,159983,40,70,2026-09-10-s1
2026-09-10 10:04:40+00:00,bench-05,2403,45.1,0,auto,-57.4,169984,40,70,2026-09-10-s1
2026-09-10 10:04:50+00:00,bench-05,2420,44.7,0,auto,-55.2,179984,40,70,2026-09-10-s1
2026-09-10 10:05:00+00:00,bench-05,2449,44.1,0,auto,-55.6,189984,40,70,2026-09-10-s1
2026-09-10 10:05:10+00:00,bench-05,2441,43.7,0,auto,-58.3,199983,40,70,2026-09-10-s1
2026-09-10 10:05:20+00:00,bench-05,2444,43.8,0,auto,-61.3,209980,40,70,2026-09-10-s1
2026-09-10 10:05:30+00:00,bench-05,2460,43.3,0,auto,-59.6,219978,40,70,2026-09-10-s1
2026-09-10 10:05:40+00:00,bench-05,2457,43.0,0,auto,-58.9,229974,40,70,2026-09-10-s1
2026-09-10 10:05:50+00:00,bench-05,2449,42.8,0,auto,-59.0,239977,40,70,2026-09-10-s1
2026-09-10 10:06:00+00:00,bench-05,2470,42.0,0,auto,-58.4,249972,40,70,2026-09-10-s1
2026-09-10 10:06:10+00:00,bench-05,2489,41.8,0,auto,-58.6,259968,40,70,2026-09-10-s1
2026-09-10 10:06:20+00:00,bench-05,2489,41.5,0,auto,-58.3,269972,40,70,2026-09-10-s1
2026-09-10 10:06:30+00:00,bench-05,2511,40.7,0,auto,-57.3,279974,40,70,2026-09-10-s1
2026-09-10 10:06:40+00:00,bench-05,2520,40.8,0,auto,-56.6,289978,40,70,2026-09-10-s1
2026-09-10 10:06:50+00:00,bench-05,2522,40.1,0,auto,-56.5,299980,40,70,2026-09-10-s1
2026-09-10 10:07:00+00:00,bench-05,2482,40.8,1,auto,-55.5,309980,40,70,2026-09-10-s1
2026-09-10 10:07:10+00:00,bench-05,2479,41.2,1,auto,-55.3,319979,40,70,2026-09-10-s1
2026-09-10 10:07:20+00:00,bench-05,2505,40.3,1,auto,-53.6,329975,40,70,2026-09-10-s1
2026-09-10 10:07:30+00:00,bench-05,2487,41.7,1,auto,-55.8,339973,40,70,2026-09-10-s1
2026-09-10 10:07:40+00:00,bench-05,2484,41.7,1,auto,-56.7,349969,40,70,2026-09-10-s1
2026-09-10 10:07:50+00:00,bench-05,2489,41.9,1,auto,-56.7,359967,40,70,2026-09-10-s1
2026-09-10 10:08:00+00:00,bench-05,2464,42.8,1,auto,-57.6,369962,40,70,2026-09-10-s1
2026-09-10 10:08:10+00:00,bench-05,2467,42.8,1,auto,-57.7,379960,40,70,2026-09-10-s1
2026-09-10 10:08:20+00:00,bench-05,2447,43.9,1,auto,-57.4,389959,40,70,2026-09-10-s1
2026-09-10 10:08:30+00:00,bench-05,2450,44.1,1,auto,-58.3,399962,40,70,2026-09-10-s1
2026-09-10 10:08:40+00:00,bench-05,2437,43.5,1,auto,-62.1,409958,40,70,2026-09-10-s1
2026-09-10 10:08:50+00:00,bench-05,2446,43.9,1,auto,-61.2,419954,40,70,2026-09-10-s1
2026-09-10 10:09:00+00:00,bench-05,2410,43.9,1,auto,-63.2,429958,40,70,2026-09-10-s1
2026-09-10 10:09:10+00:00,bench-05,2426,44.6,1,auto,-62.7,439953,40,70,2026-09-10-s1
2026-09-10 10:09:20+00:00,bench-05,2403,45.0,1,auto,-65.6,449953,40,70,2026-09-10-s1
2026-09-10 10:09:30+00:00,bench-05,2413,45.6,1,auto,-65.9,459953,40,70,2026-09-10-s1
2026-09-10 10:09:40+00:00,bench-05,2401,45.9,1,auto,-65.8,469955,40,70,2026-09-10-s1
2026-09-10 10:09:50+00:00,bench-05,2389,46.5,1,auto,-65.7,479954,40,70,2026-09-10-s1
2026-09-10 10:10:00+00:00,bench-05,2374,46.2,1,auto,-64.1,489957,40,70,2026-09-10-s1
2026-09-10 10:10:10+00:00,bench-05,2398,46.0,1,auto,-63.7,499956,40,70,2026-09-10-s1
2026-09-10 10:10:20+00:00,bench-05,2363,47.3,1,auto,-62.8,509959,40,70,2026-09-10-s1
2026-09-10 10:10:30+00:00,bench-05,2372,47.3,1,auto,-64.8,519957,40,70,2026-09-10-s1
2026-09-10 10:10:40+00:00,bench-05,2373,47.8,1,auto,-65.0,529959,40,70,2026-09-10-s1
2026-09-10 10:10:50+00:00,bench-05,2349,48.2,1,auto,-63.8,539962,40,70,2026-09-10-s1
2026-09-10 10:11:00+00:00,bench-05,2371,47.8,1,auto,-68.0,549957,40,70,2026-09-10-s1
2026-09-10 10:11:10+00:00,bench-05,2351,47.7,1,auto,-67.4,559961,40,70,2026-09-10-s1
2026-09-10 10:11:20+00:00,bench-05,2363,48.4,1,auto,-69.4,569961,40,70,2026-09-10-s1
2026-09-10 10:11:30+00:00,bench-05,2342,48.7,1,auto,-69.7,579964,40,70,2026-09-10-s1
2026-09-10 10:11:40+00:00,bench-05,2333,49.2,1,auto,-71.0,589966,40,70,2026-09-10-s1
2026-09-10 10:11:50+00:00,bench-05,2314,49.8,1,auto,-72.9,599966,40,70,2026-09-10-s1
2026-09-10 10:12:00+00:00,bench-05,2321,49.6,1,auto,-74.3,609966,40,70,2026-09-10-s1
2026-09-10 10:12:10+00:00,bench-05,2304,50.1,1,auto,-73.5,619964,40,70,2026-09-10-s1
2026-09-10 10:12:20+00:00,bench-05,2304,50.1,1,auto,-73.4,629968,40,70,2026-09-10-s1
2026-09-10 10:12:30+00:00,bench-05,2316,50.9,1,auto,-75.7,639963,40,70,2026-09-10-s1
2026-09-10 10:12:40+00:00,bench-05,2304,50.0,1,auto,-76.2,649960,40,70,2026-09-10-s1
2026-09-10 10:12:50+00:00,bench-05,2301,50.5,1,auto,-77.1,659964,40,70,2026-09-10-s1
2026-09-10 10:13:00+00:00,bench-05,2286,51.0,1,auto,-78.2,669963,40,70,2026-09-10-s1
2026-09-10 10:13:10+00:00,bench-05,2282,51.4,1,auto,-77.8,679965,40,70,2026-09-10-s1
2026-09-10 10:13:20+00:00,bench-05,2269,51.4,1,auto,-77.5,689960,40,70,2026-09-10-s1
2026-09-10 10:13:30+00:00,bench-05,2292,51.0,1,auto,-79.0,699961,40,70,2026-09-10-s1
2026-09-10 10:13:40+00:00,bench-05,2290,52.1,1,auto,-79.1,709965,40,70,2026-09-10-s1
2026-09-10 10:13:50+00:00,bench-05,2272,51.8,1,auto,-79.3,719960,40,70,2026-09-10-s1
2026-09-10 10:14:00+00:00,bench-05,2243,53.3,1,auto,-77.8,729964,40,70,2026-09-10-s1
2026-09-10 10:14:10+00:00,bench-05,2235,53.4,1,auto,-79.1,739965,40,70,2026-09-10-s1
2026-09-10 10:14:20+00:00,bench-05,2247,53.6,1,auto,-78.8,749969,40,70,2026-09-10-s1
2026-09-10 10:14:30+00:00,bench-05,2210,53.9,1,auto,-79.5,759970,40,70,2026-09-10-s1
2026-09-10 10:14:40+00:00,bench-05,2223,53.8,1,auto,-78.7,769972,40,70,2026-09-10-s1
2026-09-10 10:14:50+00:00,bench-05,2193,55.0,1,auto,-79.4,779967,40,70,2026-09-10-s1
2026-09-10 10:15:00+00:00,bench-05,2216,54.1,1,auto,-80.9,789968,40,70,2026-09-10-s1
2026-09-10 10:15:10+00:00,bench-05,2221,54.7,1,auto,-80.9,799963,40,70,2026-09-10-s1
2026-09-10 10:15:20+00:00,bench-05,2201,54.9,1,auto,-81.3,809958,40,70,2026-09-10-s1
2026-09-10 10:15:30+00:00,bench-05,2183,54.9,1,auto,-81.8,819954,40,70,2026-09-10-s1
2026-09-10 10:15:40+00:00,bench-05,2226,54.4,1,auto,-81.1,829956,40,70,2026-09-10-s1
2026-09-10 10:15:50+00:00,bench-05,2213,55.5,1,auto,-81.3,839960,40,70,2026-09-10-s1
2026-09-10 10:16:00+00:00,bench-05,2191,55.6,1,auto,-81.2,849960,40,70,2026-09-10-s1
2026-09-10 10:16:10+00:00,bench-05,2192,55.5,1,auto,-81.9,859961,40,70,2026-09-10-s1
2026-09-10 10:16:20+00:00,bench-05,2192,56.0,1,auto,-81.6,869962,40,70,2026-09-10-s1
2026-09-10 10:16:30+00:00,bench-05,2192,55.8,1,auto,-79.9,879957,40,70,2026-09-10-s1
2026-09-10 10:16:40+00:00,bench-05,2151,56.6,1,auto,-80.2,889953,40,70,2026-09-10-s1
2026-09-10 10:16:50+00:00,bench-05,2204,56.2,1,auto,-80.4,899955,40,70,2026-09-10-s1
2026-09-10 10:17:00+00:00,bench-05,2161,57.0,1,auto,-79.0,909953,40,70,2026-09-10-s1
2026-09-10 10:17:10+00:00,bench-05,2175,56.6,1,auto,-77.8,919948,40,70,2026-09-10-s1
2026-09-10 10:17:20+00:00,bench-05,2154,57.7,1,auto,-80.5,929945,40,70,2026-09-10-s1
2026-09-10 10:17:30+00:00,bench-05,2156,57.8,1,auto,-82.5,939940,40,70,2026-09-10-s1
2026-09-10 10:17:40+00:00,bench-05,2147,57.7,1,auto,-81.5,949944,40,70,2026-09-10-s1
2026-09-10 10:17:50+00:00,bench-05,2139,57.3,1,auto,-81.3,959944,40,70,2026-09-10-s1
2026-09-10 10:18:00+00:00,bench-05,2159,57.7,1,auto,-82.9,969940,40,70,2026-09-10-s1
2026-09-10 10:18:10+00:00,bench-05,2166,57.2,1,auto,-82.8,979943,40,70,2026-09-10-s1
2026-09-10 10:18:20+00:00,bench-05,2165,57.8,1,auto,-82.2,989947,40,70,2026-09-10-s1
2026-09-10 10:18:30+00:00,bench-05,2143,57.8,1,auto,-82.4,999946,40,70,2026-09-10-s1
2026-09-10 10:18:40+00:00,bench-05,2134,57.8,1,auto,-84.5,1009946,40,70,2026-09-10-s1
2026-09-10 10:18:50+00:00,bench-05,2137,58.4,1,auto,-85.4,1019942,40,70,2026-09-10-s1
2026-09-10 10:19:00+00:00,bench-05,2142,58.6,1,auto,-86.0,1029942,40,70,2026-09-10-s1
2026-09-10 10:19:10+00:00,bench-05,2108,58.5,1,auto,-84.4,1039939,40,70,2026-09-10-s1
2026-09-10 10:19:20+00:00,bench-05,2147,58.6,1,auto,-81.8,1049936,40,70,2026-09-10-s1
2026-09-10 10:19:30+00:00,bench-05,2123,58.8,1,auto,-82.6,1059936,40,70,2026-09-10-s1
2026-09-10 10:19:40+00:00,bench-05,2127,59.1,1,auto,-82.5,1069938,40,70,2026-09-10-s1
2026-09-10 10:19:50+00:00,bench-05,2125,58.8,1,auto,-82.1,1079941,40,70,2026-09-10-s1
2026-09-10 10:20:00+00:00,bench-05,2092,59.3,1,auto,-79.2,1089939,40,70,2026-09-10-s1
2026-09-10 10:20:10+00:00,bench-05,2100,59.4,1,auto,-79.3,1099935,40,70,2026-09-10-s1
2026-09-10 10:20:20+00:00,bench-05,2099,59.9,1,auto,-78.1,1109935,40,70,2026-09-10-s1
2026-09-10 10:20:30+00:00,bench-05,2114,60.2,1,auto,-74.6,1119937,40,70,2026-09-10-s1
2026-09-10 10:20:40+00:00,bench-05,2104,59.5,1,auto,-76.0,1129935,40,70,2026-09-10-s1
2026-09-10 10:20:50+00:00,bench-05,2120,59.6,1,auto,-75.6,1139934,40,70,2026-09-10-s1
2026-09-10 10:21:00+00:00,bench-05,2103,60.0,1,auto,-75.3,1149932,40,70,2026-09-10-s1
2026-09-10 10:21:10+00:00,bench-05,2116,60.4,1,auto,-75.6,1159928,40,70,2026-09-10-s1
2026-09-10 10:21:20+00:00,bench-05,2110,60.1,1,auto,-73.7,1169926,40,70,2026-09-10-s1
2026-09-10 10:21:30+00:00,bench-05,2097,60.8,1,auto,-72.1,1179927,40,70,2026-09-10-s1
2026-09-10 10:21:40+00:00,bench-05,2086,61.0,1,auto,-73.3,1189922,40,70,2026-09-10-s1
2026-09-10 10:21:50+00:00,bench-05,2067,61.1,1,auto,-72.3,1199925,40,70,2026-09-10-s1
2026-09-10 10:22:00+00:00,bench-05,2071,61.7,1,auto,-73.6,1209921,40,70,2026-09-10-s1
2026-09-10 10:22:10+00:00,bench-05,2073,61.3,1,auto,-74.1,1219917,40,70,2026-09-10-s1
2026-09-10 10:22:20+00:00,bench-05,2084,61.3,1,auto,-76.9,1229917,40,70,2026-09-10-s1
2026-09-10 10:22:30+00:00,bench-05,2066,61.4,1,auto,-76.8,1239912,40,70,2026-09-10-s1
2026-09-10 10:22:40+00:00,bench-05,2056,61.7,1,auto,-76.4,1249911,40,70,2026-09-10-s1
2026-09-10 10:22:50+00:00,bench-05,2074,61.6,1,auto,-77.4,1259910,40,70,2026-09-10-s1
2026-09-10 10:23:00+00:00,bench-05,2080,61.2,1,auto,-77.0,1269906,40,70,2026-09-10-s1
2026-09-10 10:23:10+00:00,bench-05,2044,62.0,1,auto,-77.4,1279904,40,70,2026-09-10-s1
2026-09-10 10:23:20+00:00,bench-05,2070,62.5,1,auto,-79.2,1289900,40,70,2026-09-10-s1
2026-09-10 10:23:30+00:00,bench-05,2050,62.3,1,auto,-80.0,1299902,40,70,2026-09-10-s1
2026-09-10 10:23:40+00:00,bench-05,2056,62.0,1,auto,-78.5,1309906,40,70,2026-09-10-s1
2026-09-10 10:23:50+00:00,bench-05,2051,62.3,1,auto,-80.3,1319907,40,70,2026-09-10-s1
2026-09-10 10:24:00+00:00,bench-05,2051,62.4,1,auto,-80.6,1329911,40,70,2026-09-10-s1
2026-09-10 10:24:10+00:00,bench-05,2036,63.0,1,auto,-78.9,1339915,40,70,2026-09-10-s1
2026-09-10 10:24:20+00:00,bench-05,2038,62.9,1,auto,-78.8,1349911,40,70,2026-09-10-s1
2026-09-10 10:24:30+00:00,bench-05,2073,62.5,1,auto,-80.3,1359914,40,70,2026-09-10-s1
2026-09-10 10:24:40+00:00,bench-05,2056,62.6,1,auto,-79.8,1369911,40,70,2026-09-10-s1
2026-09-10 10:24:50+00:00,bench-05,2026,63.4,1,auto,-80.5,1379910,40,70,2026-09-10-s1
2026-09-10 10:25:00+00:00,bench-05,2035,63.3,1,auto,-80.8,1389905,40,70,2026-09-10-s1
2026-09-10 10:25:10+00:00,bench-05,2037,62.7,1,auto,-82.2,1399907,40,70,2026-09-10-s1
2026-09-10 10:25:20+00:00,bench-05,2023,62.6,1,auto,-83.5,1409905,40,70,2026-09-10-s1
2026-09-10 10:25:30+00:00,bench-05,2046,64.0,1,auto,-85.8,1419901,40,70,2026-09-10-s1
2026-09-10 10:25:40+00:00,bench-05,2048,62.8,1,auto,-86.4,1429902,40,70,2026-09-10-s1
2026-09-10 10:25:50+00:00,bench-05,2049,62.6,1,auto,-85.9,1439902,40,70,2026-09-10-s1
2026-09-10 10:26:00+00:00,bench-05,2043,63.7,1,auto,-85.7,1449905,40,70,2026-09-10-s1
2026-09-10 10:26:10+00:00,bench-05,2039,63.4,1,auto,-87.9,1459902,40,70,2026-09-10-s1
2026-09-10 10:26:20+00:00,bench-05,2039,63.8,1,auto,-87.6,1469899,40,70,2026-09-10-s1
2026-09-10 10:26:30+00:00,bench-05,2021,64.1,1,auto,-88.0,1479898,40,70,2026-09-10-s1
2026-09-10 10:26:40+00:00,bench-05,2000,64.5,1,auto,-87.7,1489901,40,70,2026-09-10-s1
2026-09-10 10:26:50+00:00,bench-05,0,120.0,1,auto,-86.8,1499905,40,70,2026-09-10-s1
2026-09-10 10:27:00+00:00,bench-05,2026,63.7,1,auto,-86.6,1509906,40,70,2026-09-10-s1
2026-09-10 10:27:10+00:00,bench-05,2026,63.4,1,auto,-85.8,1519908,40,70,2026-09-10-s1
2026-09-10 10:27:20+00:00,bench-05,2020,64.4,1,auto,-85.3,1529911,40,70,2026-09-10-s1
2026-09-10 10:27:30+00:00,bench-05,2006,64.2,1,auto,-86.6,1539908,40,70,2026-09-10-s1
2026-09-10 10:27:40+00:00,bench-05,1991,64.6,1,auto,-86.4,1549908,40,70,2026-09-10-s1
2026-09-10 10:27:50+00:00,bench-05,2010,64.3,1,auto,-85.8,1559907,40,70,2026-09-10-s1
2026-09-10 10:28:00+00:00,bench-05,1993,64.5,1,auto,-85.1,1569905,40,70,2026-09-10-s1
2026-09-10 10:28:10+00:00,bench-05,2014,64.8,1,auto,-83.3,1579907,40,70,2026-09-10-s1
2026-09-10 10:28:20+00:00,bench-05,2008,64.8,1,auto,-85.4,1589906,40,70,2026-09-10-s1
2026-09-10 10:28:30+00:00,bench-05,2012,64.7,1,auto,-83.3,1599902,40,70,2026-09-10-s1
2026-09-10 10:28:40+00:00,bench-05,1978,65.1,1,auto,-81.4,1609900,40,70,2026-09-10-s1
2026-09-10 10:28:50+00:00,bench-05,1999,65.1,1,auto,-79.7,1619897,40,70,2026-09-10-s1
2026-09-10 10:29:00+00:00,bench-05,1993,65.2,1,auto,-79.6,1629900,40,70,2026-09-10-s1
2026-09-10 10:29:10+00:00,bench-05,1993,65.5,1,auto,-79.7,1639899,40,70,2026-09-10-s1
2026-09-10 10:29:20+00:00,bench-05,2014,64.6,1,auto,-78.1,1649903,40,70,2026-09-10-s1
2026-09-10 10:29:30+00:00,bench-05,1963,65.5,1,auto,-77.7,1659906,40,70,2026-09-10-s1
2026-09-10 10:29:40+00:00,bench-05,1975,64.9,1,auto,-77.9,1669905,40,70,2026-09-10-s1
2026-09-10 10:29:50+00:00,bench-05,1986,65.4,1,auto,-74.9,1679907,40,70,2026-09-10-s1
2026-09-10 10:30:00+00:00,bench-05,1986,65.5,1,auto,-75.4,1689902,40,70,2026-09-10-s1
2026-09-10 10:30:10+00:00,bench-05,1983,65.5,1,auto,-75.3,1699903,40,70,2026-09-10-s1
2026-09-10 10:30:20+00:00,bench-05,1987,65.1,1,auto,-74.2,1709907,40,70,2026-09-10-s1
2026-09-10 10:30:30+00:00,bench-05,1990,65.5,1,auto,-75.3,1719907,40,70,2026-09-10-s1
2026-09-10 10:30:40+00:00,bench-05,2008,65.3,1,auto,-74.6,1729905,40,70,2026-09-10-s1
2026-09-10 10:30:50+00:00,bench-05,1962,65.8,1,auto,-74.1,1739901,40,70,2026-09-10-s1
2026-09-10 10:31:00+00:00,bench-05,1984,66.0,1,auto,-74.6,1749900,40,70,2026-09-10-s1
2026-09-10 10:31:10+00:00,bench-05,1970,66.5,1,auto,-75.7,1759903,40,70,2026-09-10-s1
2026-09-10 10:31:20+00:00,bench-05,1983,65.8,1,auto,-76.1,1769900,40,70,2026-09-10-s1
2026-09-10 10:31:30+00:00,bench-05,1984,65.9,1,auto,-77.5,1779904,40,70,2026-09-10-s1
2026-09-10 10:31:40+00:00,bench-05,1993,65.9,1,auto,-78.9,1789900,40,70,2026-09-10-s1
2026-09-10 10:31:50+00:00,bench-05,1947,66.4,1,auto,-78.2,1799898,40,70,2026-09-10-s1
2026-09-10 10:32:00+00:00,bench-05,1962,66.9,1,auto,-77.4,1809894,40,70,2026-09-10-s1
2026-09-10 10:32:10+00:00,bench-05,1961,66.4,1,auto,-77.8,1819893,40,70,2026-09-10-s1
2026-09-10 10:32:20+00:00,bench-05,1988,66.2,1,auto,-77.9,1829896,40,70,2026-09-10-s1
2026-09-10 10:32:30+00:00,bench-05,1952,66.9,1,auto,-80.4,1839897,40,70,2026-09-10-s1
2026-09-10 10:32:40+00:00,bench-05,1979,66.0,1,auto,-81.9,1849896,40,70,2026-09-10-s1
2026-09-10 10:32:50+00:00,bench-05,1943,66.8,1,auto,-81.5,1859897,40,70,2026-09-10-s1
2026-09-10 10:33:00+00:00,bench-05,1971,66.6,1,auto,-82.5,1869892,40,70,2026-09-10-s1
2026-09-10 10:33:10+00:00,bench-05,1950,67.1,1,auto,-82.3,1879896,40,70,2026-09-10-s1
2026-09-10 10:33:20+00:00,bench-05,1984,66.5,1,auto,-82.3,1889895,40,70,2026-09-10-s1
2026-09-10 10:33:30+00:00,bench-05,1968,66.6,1,auto,-84.5,1899898,40,70,2026-09-10-s1
2026-09-10 10:33:40+00:00,bench-05,1957,66.6,1,auto,-84.9,1909898,40,70,2026-09-10-s1
2026-09-10 10:33:50+00:00,bench-05,1966,67.1,1,auto,-85.2,1919900,40,70,2026-09-10-s1
2026-09-10 10:34:00+00:00,bench-05,1962,66.9,1,auto,-84.3,1929902,40,70,2026-09-10-s1
2026-09-10 10:34:10+00:00,bench-05,1932,67.4,1,auto,-86.3,1939898,40,70,2026-09-10-s1
2026-09-10 10:34:20+00:00,bench-05,1932,67.4,1,auto,-85.4,1949894,40,70,2026-09-10-s1
2026-09-10 10:34:30+00:00,bench-05,1950,67.7,1,auto,-85.4,1959889,40,70,2026-09-10-s1
2026-09-10 10:34:40+00:00,bench-05,1929,67.9,1,auto,-86.4,1969893,40,70,2026-09-10-s1
2026-09-10 10:34:50+00:00,bench-05,1923,67.5,1,auto,-84.8,1979892,40,70,2026-09-10-s1
2026-09-10 10:35:00+00:00,bench-05,1977,67.0,1,auto,-84.4,1989890,40,70,2026-09-10-s1
2026-09-10 10:35:10+00:00,bench-05,1975,67.3,1,auto,-84.4,1999888,40,70,2026-09-10-s1
2026-09-10 10:35:20+00:00,bench-05,1971,67.2,1,auto,-87.9,2009891,40,70,2026-09-10-s1
2026-09-10 10:35:30+00:00,bench-05,1943,67.9,1,auto,-86.1,2019892,40,70,2026-09-10-s1
2026-09-10 10:35:40+00:00,bench-05,1944,68.4,1,auto,-86.9,2029892,40,70,2026-09-10-s1
2026-09-10 10:35:50+00:00,bench-05,1935,67.9,1,auto,-87.8,2039896,40,70,2026-09-10-s1
2026-09-10 10:36:00+00:00,bench-05,1933,68.2,1,auto,-89.1,2049895,40,70,2026-09-10-s1
2026-09-10 10:36:10+00:00,bench-05,1939,68.3,1,auto,-88.8,2059892,40,70,2026-09-10-s1
2026-09-10 10:36:20+00:00,bench-05,1922,68.4,1,auto,-88.2,2069887,40,70,2026-09-10-s1
2026-09-10 10:36:30+00:00,bench-05,1929,68.1,1,auto,-85.8,2079883,40,70,2026-09-10-s1
2026-09-10 10:36:40+00:00,bench-05,1913,68.1,1,auto,-85.8,2089880,40,70,2026-09-10-s1
2026-09-10 10:36:50+00:00,bench-05,1970,66.9,1,auto,-86.4,2099878,40,70,2026-09-10-s1
2026-09-10 10:37:00+00:00,bench-05,1945,67.6,1,auto,-87.8,2109877,40,70,2026-09-10-s1
2026-09-10 10:37:10+00:00,bench-05,1933,68.2,1,auto,-86.5,2119876,40,70,2026-09-10-s1
2026-09-10 10:37:20+00:00,bench-05,1961,67.6,1,auto,-85.5,2129880,40,70,2026-09-10-s1
2026-09-10 10:37:30+00:00,bench-05,1930,69.0,1,auto,-86.2,2139883,40,70,2026-09-10-s1
2026-09-10 10:37:40+00:00,bench-05,1938,67.9,1,auto,-84.8,2149883,40,70,2026-09-10-s1
2026-09-10 10:37:50+00:00,bench-05,1931,68.7,1,auto,-83.7,2159880,40,70,2026-09-10-s1
2026-09-10 10:38:00+00:00,bench-05,1931,68.7,1,auto,-84.4,2169876,40,70,2026-09-10-s1
2026-09-10 10:38:10+00:00,bench-05,1940,68.2,1,auto,-83.4,2179876,40,70,2026-09-10-s1
2026-09-10 10:38:20+00:00,bench-05,1918,68.6,1,auto,-83.0,2189875,40,70,2026-09-10-s1
2026-09-10 10:38:30+00:00,bench-05,1922,68.7,1,auto,-82.1,2199875,40,70,2026-09-10-s1
2026-09-10 10:38:40+00:00,bench-05,1970,67.9,1,auto,-80.7,2209878,40,70,2026-09-10-s1
2026-09-10 10:38:50+00:00,bench-05,1943,68.1,1,auto,-79.6,2219879,40,70,2026-09-10-s1
2026-09-10 10:39:00+00:00,bench-05,1935,68.3,1,auto,-78.5,2229881,40,70,2026-09-10-s1
2026-09-10 10:39:10+00:00,bench-05,1939,68.3,1,auto,-80.0,2239880,40,70,2026-09-10-s1
2026-09-10 10:39:20+00:00,bench-05,1936,67.9,1,auto,-80.6,2249884,40,70,2026-09-10-s1
2026-09-10 10:39:30+00:00,bench-05,1944,68.4,1,auto,-81.3,2259881,40,70,2026-09-10-s1
2026-09-10 10:39:40+00:00,bench-05,1908,69.1,1,auto,-80.4,2269880,40,70,2026-09-10-s1
2026-09-10 10:39:50+00:00,bench-05,1915,69.1,1,auto,-80.9,2279883,40,70,2026-09-10-s1
2026-09-10 10:40:00+00:00,bench-05,1915,68.9,1,auto,-82.5,2289884,40,70,2026-09-10-s1
2026-09-10 10:40:10+00:00,bench-05,1934,68.8,1,auto,-82.6,2299887,40,70,2026-09-10-s1
2026-09-10 10:40:20+00:00,bench-05,1935,68.6,1,auto,-83.8,2309882,40,70,2026-09-10-s1
2026-09-10 10:40:30+00:00,bench-05,1920,68.6,1,auto,-84.0,2319879,40,70,2026-09-10-s1
2026-09-10 10:40:40+00:00,bench-05,1925,68.8,1,auto,-83.8,2329880,40,70,2026-09-10-s1
2026-09-10 10:40:50+00:00,bench-05,1954,68.3,1,auto,-84.6,2339883,40,70,2026-09-10-s1
2026-09-10 10:41:00+00:00,bench-05,1949,68.7,1,auto,-85.1,2349879,40,70,2026-09-10-s1
2026-09-10 10:41:10+00:00,bench-05,1932,68.1,1,auto,-84.4,2359875,40,70,2026-09-10-s1
2026-09-10 10:41:20+00:00,bench-05,1917,68.7,1,auto,-83.9,2369870,40,70,2026-09-10-s1
2026-09-10 10:41:30+00:00,bench-05,1926,69.1,1,auto,-83.1,2379866,40,70,2026-09-10-s1
2026-09-10 10:41:40+00:00,bench-05,1920,68.3,1,auto,-82.5,2389870,40,70,2026-09-10-s1
2026-09-10 10:41:50+00:00,bench-05,1934,68.3,1,auto,-83.2,2399868,40,70,2026-09-10-s1
2026-09-10 10:42:00+00:00,bench-05,1927,68.8,1,auto,-82.7,2409869,40,70,2026-09-10-s1
2026-09-10 10:42:10+00:00,bench-05,1922,68.4,1,auto,-82.1,2419869,40,70,2026-09-10-s1
2026-09-10 10:42:20+00:00,bench-05,1899,68.7,1,auto,-81.0,2429871,40,70,2026-09-10-s1
2026-09-10 10:42:30+00:00,bench-05,1920,69.1,1,auto,-80.9,2439873,40,70,2026-09-10-s1
2026-09-10 10:42:40+00:00,bench-05,1885,69.8,1,auto,-81.6,2449870,40,70,2026-09-10-s1
2026-09-10 10:42:50+00:00,bench-05,1910,68.8,1,auto,-80.2,2459867,40,70,2026-09-10-s1
2026-09-10 10:43:00+00:00,bench-05,1901,69.2,1,auto,-77.7,2469865,40,70,2026-09-10-s1
2026-09-10 10:43:10+00:00,bench-05,1922,68.9,1,auto,-79.8,2479868,40,70,2026-09-10-s1
2026-09-10 10:43:20+00:00,bench-05,1905,69.4,1,auto,-78.3,2489864,40,70,2026-09-10-s1
2026-09-10 10:43:30+00:00,bench-05,1919,68.9,1,auto,-76.8,2499861,40,70,2026-09-10-s1
2026-09-10 10:43:40+00:00,bench-05,1929,68.5,1,auto,-76.3,2509865,40,70,2026-09-10-s1
2026-09-10 10:43:50+00:00,bench-05,1922,68.7,1,auto,-76.0,2519861,40,70,2026-09-10-s1
2026-09-10 10:44:00+00:00,bench-05,1911,69.7,1,auto,-75.8,2529865,40,70,2026-09-10-s1
2026-09-10 10:44:10+00:00,bench-05,1908,69.4,1,auto,-74.7,2539869,40,70,2026-09-10-s1
2026-09-10 10:44:20+00:00,bench-05,1936,68.8,1,auto,-73.0,2549871,40,70,2026-09-10-s1
2026-09-10 10:44:30+00:00,bench-05,1922,69.4,1,auto,-71.9,2559874,40,70,2026-09-10-s1
2026-09-10 10:44:40+00:00,bench-05,1926,68.8,1,auto,-70.7,2569874,40,70,2026-09-10-s1
2026-09-10 10:44:50+00:00,bench-05,1887,69.8,1,auto,-71.2,2579876,40,70,2026-09-10-s1
2026-09-10 10:45:00+00:00,bench-05,1923,68.8,1,auto,-67.7,2589877,40,70,2026-09-10-s1
2026-09-10 10:45:10+00:00,bench-05,1897,69.6,1,auto,-69.4,2599872,40,70,2026-09-10-s1
2026-09-10 10:45:20+00:00,bench-05,1931,68.5,1,auto,-71.5,2609871,40,70,2026-09-10-s1
2026-09-10 10:45:30+00:00,bench-05,1891,68.8,1,auto,-72.6,2619869,40,70,2026-09-10-s1
2026-09-10 10:45:40+00:00,bench-05,1898,70.1,1,auto,-73.6,2629872,40,70,2026-09-10-s1
2026-09-10 10:45:50+00:00,bench-05,1926,69.0,1,auto,-72.3,2639868,40,70,2026-09-10-s1
2026-09-10 10:46:00+00:00,bench-05,1916,69.4,1,auto,-73.2,2649870,40,70,2026-09-10-s1
2026-09-10 10:46:10+00:00,bench-05,1902,70.0,1,auto,-74.4,2659870,40,70,2026-09-10-s1
2026-09-10 10:46:20+00:00,bench-05,1911,69.8,1,auto,-74.4,2669874,40,70,2026-09-10-s1
2026-09-10 10:46:30+00:00,bench-05,1902,69.2,1,auto,-74.7,2679877,40,70,2026-09-10-s1
2026-09-10 10:46:40+00:00,bench-05,1901,69.8,1,auto,-74.7,2689879,40,70,2026-09-10-s1
2026-09-10 10:46:50+00:00,bench-05,1914,69.4,1,auto,-75.6,2699875,40,70,2026-09-10-s1
2026-09-10 10:47:00+00:00,bench-05,1896,69.4,1,auto,-76.1,2709870,40,70,2026-09-10-s1
2026-09-10 10:47:10+00:00,bench-05,1894,70.7,1,auto,-78.4,2719872,40,70,2026-09-10-s1
2026-09-10 10:47:20+00:00,bench-05,1877,70.8,1,auto,-78.8,2729870,40,70,2026-09-10-s1
2026-09-10 10:47:30+00:00,bench-05,1900,69.8,1,auto,-80.1,2739865,40,70,2026-09-10-s1
2026-09-10 10:47:40+00:00,bench-05,1892,70.0,1,auto,-81.5,2749867,40,70,2026-09-10-s1
2026-09-10 10:47:50+00:00,bench-05,1904,69.8,1,auto,-82.6,2759862,40,70,2026-09-10-s1
2026-09-10 10:48:00+00:00,bench-05,1900,70.4,1,auto,-80.4,2769861,40,70,2026-09-10-s1
2026-09-10 10:48:10+00:00,bench-05,1905,69.7,1,auto,-82.4,2779863,40,70,2026-09-10-s1
2026-09-10 10:48:20+00:00,bench-05,1914,70.2,1,auto,-79.7,2789861,40,70,2026-09-10-s1
2026-09-10 10:48:30+00:00,bench-05,1911,69.5,1,auto,-79.5,2799862,40,70,2026-09-10-s1
2026-09-10 10:48:40+00:00,bench-05,4095,-20.0,1,auto,-79.6,2809863,40,70,2026-09-10-s1
2026-09-10 10:48:50+00:00,bench-05,1859,70.8,1,auto,-79.6,2819863,40,70,2026-09-10-s1
2026-09-10 10:49:00+00:00,bench-05,1874,70.8,1,auto,-78.1,2829859,40,70,2026-09-10-s1
2026-09-10 10:49:10+00:00,bench-05,1902,69.6,0,auto,-80.0,2839857,40,70,2026-09-10-s1
2026-09-10 10:49:20+00:00,bench-05,1944,68.1,0,auto,-80.2,2849855,40,70,2026-09-10-s1
2026-09-10 10:49:30+00:00,bench-05,1937,67.6,0,auto,-79.4,2859854,40,70,2026-09-10-s1
2026-09-10 10:49:40+00:00,bench-05,1967,66.7,0,auto,-76.5,2869851,40,70,2026-09-10-s1
2026-09-10 10:49:50+00:00,bench-05,1979,66.2,0,auto,-76.1,2879853,40,70,2026-09-10-s1
2026-09-10 10:50:00+00:00,bench-05,1992,65.9,0,auto,-77.9,2889849,40,70,2026-09-10-s1
2026-09-10 10:50:10+00:00,bench-05,1978,65.2,0,auto,-77.9,2899852,40,70,2026-09-10-s1
2026-09-10 10:50:20+00:00,bench-05,2019,65.0,0,auto,-77.2,2909853,40,70,2026-09-10-s1
2026-09-10 10:50:30+00:00,bench-05,2054,63.1,0,auto,-77.8,2919851,40,70,2026-09-10-s1
2026-09-10 10:50:40+00:00,bench-05,2025,62.5,0,auto,-78.1,2929855,40,70,2026-09-10-s1
2026-09-10 10:50:50+00:00,bench-05,2074,62.0,0,auto,-77.8,2939857,40,70,2026-09-10-s1
2026-09-10 10:51:00+00:00,bench-05,2044,62.2,0,auto,-77.2,2949857,40,70,2026-09-10-s1
2026-09-10 10:51:10+00:00,bench-05,2083,61.2,0,auto,-77.5,2959858,40,70,2026-09-10-s1
2026-09-10 10:51:20+00:00,bench-05,2111,60.1,0,auto,-78.3,2969861,40,70,2026-09-10-s1
2026-09-10 10:51:30+00:00,bench-05,2130,59.6,0,auto,-80.1,2979864,40,70,2026-09-10-s1
2026-09-10 10:51:40+00:00,bench-05,2116,59.2,0,auto,-81.1,2989860,40,70,2026-09-10-s1
2026-09-10 10:51:50+00:00,bench-05,2105,58.6,0,auto,-80.4,2999862,40,70,2026-09-10-s1
2026-09-10 10:52:00+00:00,bench-05,2146,58.4,0,auto,-78.8,3009857,40,70,2026-09-10-s1
2026-09-10 10:52:10+00:00,bench-05,2142,57.9,0,auto,-78.8,3019860,40,70,2026-09-10-s1
2026-09-10 10:52:20+00:00,bench-05,2189,56.4,0,auto,-78.4,3029855,40,70,2026-09-10-s1
2026-09-10 10:52:30+00:00,bench-05,2185,56.2,0,auto,-75.9,3039851,40,70,2026-09-10-s1
2026-09-10 10:52:40+00:00,bench-05,2215,54.6,0,auto,-76.4,3049852,40,70,2026-09-10-s1
2026-09-10 10:52:50+00:00,bench-05,2219,54.4,0,auto,-74.9,3059849,40,70,2026-09-10-s1
2026-09-10 10:53:00+00:00,bench-05,2218,54.3,0,auto,-74.4,3069850,40,70,2026-09-10-s1
2026-09-10 10:53:10+00:00,bench-05,2231,53.7,0,auto,-75.6,3079850,40,70,2026-09-10-s1
2026-09-10 10:53:20+00:00,bench-05,2241,53.7,0,auto,-76.0,3089845,40,70,2026-09-10-s1
2026-09-10 10:53:30+00:00,bench-05,2253,52.8,0,auto,-75.8,3099840,40,70,2026-09-10-s1
2026-09-10 10:53:40+00:00,bench-05,2264,52.6,0,auto,-78.0,3109840,40,70,2026-09-10-s1
2026-09-10 10:53:50+00:00,bench-05,2278,51.6,0,auto,-78.8,3119839,40,70,2026-09-10-s1
2026-09-10 10:54:00+00:00,bench-05,2280,50.8,0,auto,-79.2,3129835,40,70,2026-09-10-s1
2026-09-10 10:54:10+00:00,bench-05,2298,50.3,0,auto,-79.4,3139836,40,70,2026-09-10-s1
2026-09-10 10:54:20+00:00,bench-05,2329,49.5,0,auto,-80.3,3149834,40,70,2026-09-10-s1
2026-09-10 10:54:30+00:00,bench-05,2303,49.8,0,auto,-79.6,3159829,40,70,2026-09-10-s1
2026-09-10 10:54:40+00:00,bench-05,2326,49.4,0,auto,-80.3,3169828,40,70,2026-09-10-s1
2026-09-10 10:54:50+00:00,bench-05,2330,48.7,0,auto,-80.5,3179825,40,70,2026-09-10-s1
2026-09-10 10:55:00+00:00,bench-05,2313,48.8,0,auto,-81.7,3189821,40,70,2026-09-10-s1
2026-09-10 10:55:10+00:00,bench-05,2353,47.2,0,auto,-81.9,3199820,40,70,2026-09-10-s1
2026-09-10 10:55:20+00:00,bench-05,2350,47.5,0,auto,-81.5,3209815,40,70,2026-09-10-s1
2026-09-10 10:55:30+00:00,bench-05,2409,46.2,0,auto,-82.7,3219811,40,70,2026-09-10-s1
2026-09-10 10:55:40+00:00,bench-05,2425,46.0,0,auto,-84.4,3229812,40,70,2026-09-10-s1
2026-09-10 10:55:50+00:00,bench-05,2415,45.5,0,auto,-85.5,3239807,40,70,2026-09-10-s1
2026-09-10 10:56:00+00:00,bench-05,2395,45.5,0,auto,-86.9,3249808,40,70,2026-09-10-s1
2026-09-10 10:56:10+00:00,bench-05,2420,44.6,0,auto,-87.6,3259810,40,70,2026-09-10-s1
2026-09-10 10:56:20+00:00,bench-05,2431,44.6,0,auto,-87.5,3269812,40,70,2026-09-10-s1
2026-09-10 10:56:30+00:00,bench-05,2466,43.2,0,auto,-88.3,3279815,40,70,2026-09-10-s1
2026-09-10 10:56:40+00:00,bench-05,2434,43.9,0,auto,-86.6,3289810,40,70,2026-09-10-s1
2026-09-10 10:56:50+00:00,bench-05,2452,43.7,0,auto,-86.0,3299807,40,70,2026-09-10-s1
2026-09-10 10:57:00+00:00,bench-05,2480,42.4,0,auto,-87.0,3309806,40,70,2026-09-10-s1
2026-09-10 10:57:10+00:00,bench-05,2464,42.3,0,auto,-87.1,3319804,40,70,2026-09-10-s1
2026-09-10 10:57:20+00:00,bench-05,2508,41.3,0,auto,-87.2,3329808,40,70,2026-09-10-s1
2026-09-10 10:57:30+00:00,bench-05,2501,41.6,0,auto,-86.8,3339812,40,70,2026-09-10-s1
2026-09-10 10:57:40+00:00,bench-05,2489,41.3,0,auto,-85.3,3349815,40,70,2026-09-10-s1
2026-09-10 10:57:50+00:00,bench-05,2495,40.7,0,auto,-85.2,3359814,40,70,2026-09-10-s1
2026-09-10 10:58:00+00:00,bench-05,2503,40.7,0,auto,-84.6,3369818,40,70,2026-09-10-s1
2026-09-10 10:58:10+00:00,bench-05,2515,39.4,0,auto,-84.0,3379822,40,70,2026-09-10-s1
2026-09-10 10:58:20+00:00,bench-05,2509,40.4,1,auto,-82.5,3389817,40,70,2026-09-10-s1
2026-09-10 10:58:30+00:00,bench-05,2491,41.1,1,auto,-83.1,3399820,40,70,2026-09-10-s1
2026-09-10 10:58:40+00:00,bench-05,2523,40.6,1,auto,-81.7,3409815,40,70,2026-09-10-s1
2026-09-10 10:58:50+00:00,bench-05,2504,41.0,1,auto,-81.6,3419819,40,70,2026-09-10-s1
2026-09-10 10:59:00+00:00,bench-05,2478,41.9,1,auto,-82.9,3429818,40,70,2026-09-10-s1
2026-09-10 10:59:10+00:00,bench-05,2466,42.5,1,auto,-80.1,3439819,40,70,2026-09-10-s1
2026-09-10 10:59:20+00:00,bench-05,2455,43.1,1,auto,-80.7,3449818,40,70,2026-09-10-s1
2026-09-10 10:59:30+00:00,bench-05,2452,42.8,1,auto,-80.6,3459819,40,70,2026-09-10-s1
2026-09-10 10:59:40+00:00,bench-05,2426,43.5,1,auto,-80.1,3469820,40,70,2026-09-10-s1
2026-09-10 10:59:50+00:00,bench-05,2438,44.0,1,auto,-78.8,3479822,40,70,2026-09-10-s1
2026-09-10 11:00:00+00:00,bench-05,2423,43.8,1,auto,-78.5,3489820,40,70,2026-09-10-s1
2026-09-10 11:00:10+00:00,bench-05,2446,43.5,1,auto,-78.8,3499823,40,70,2026-09-10-s1
2026-09-10 11:00:20+00:00,bench-05,2435,44.5,1,auto,-76.3,3509821,40,70,2026-09-10-s1
2026-09-10 11:00:30+00:00,bench-05,2393,45.0,1,auto,-77.2,3519820,40,70,2026-09-10-s1
2026-09-10 11:00:40+00:00,bench-05,2433,45.0,1,auto,-77.9,3529815,40,70,2026-09-10-s1
2026-09-10 11:00:50+00:00,bench-05,2388,45.8,1,auto,-77.2,3539811,40,70,2026-09-10-s1
2026-09-10 11:01:00+00:00,bench-05,2391,46.1,1,auto,-76.6,3549806,40,70,2026-09-10-s1
2026-09-10 11:01:10+00:00,bench-05,2379,46.4,1,auto,-77.2,3559807,40,70,2026-09-10-s1
2026-09-10 11:01:20+00:00,bench-05,2383,46.3,1,auto,-77.9,3569811,40,70,2026-09-10-s1
2026-09-10 11:01:30+00:00,bench-05,2368,46.5,1,auto,-78.8,3579815,40,70,2026-09-10-s1
2026-09-10 11:01:40+00:00,bench-05,2378,46.4,1,auto,-76.3,3589812,40,70,2026-09-10-s1
2026-09-10 11:01:50+00:00,bench-05,2358,47.9,1,auto,-74.4,3599814,40,70,2026-09-10-s1
2026-09-10 11:02:00+00:00,bench-05,2351,47.1,1,auto,-75.5,3609813,40,70,2026-09-10-s1
2026-09-10 11:02:10+00:00,bench-05,2325,47.8,1,auto,-74.0,3619814,40,70,2026-09-10-s1
2026-09-10 11:02:20+00:00,bench-05,2363,47.4,1,auto,-72.7,3629810,40,70,2026-09-10-s1
2026-09-10 11:02:30+00:00,bench-05,2324,48.5,1,auto,-72.2,3639807,40,70,2026-09-10-s1
2026-09-10 11:02:40+00:00,bench-05,2335,48.1,1,auto,-72.7,3649811,40,70,2026-09-10-s1
2026-09-10 11:02:50+00:00,bench-05,2334,48.7,1,auto,-71.9,3659809,40,70,2026-09-10-s1
2026-09-10 11:03:00+00:00,bench-05,2326,49.0,1,auto,-71.5,3669812,40,70,2026-09-10-s1
2026-09-10 11:03:10+00:00,bench-05,2341,48.6,1,auto,-70.7,3679815,40,70,2026-09-10-s1
2026-09-10 11:03:20+00:00,bench-05,2333,49.3,1,auto,-70.4,3689812,40,70,2026-09-10-s1
2026-09-10 11:03:30+00:00,bench-05,2319,49.5,1,auto,-72.0,3699811,40,70,2026-09-10-s1
2026-09-10 11:03:40+00:00,bench-05,2320,49.4,1,auto,-73.0,3709809,40,70,2026-09-10-s1
2026-09-10 11:03:50+00:00,bench-05,2307,50.3,1,auto,-72.1,3719805,40,70,2026-09-10-s1
2026-09-10 11:04:00+00:00,bench-05,2292,51.5,1,auto,-72.7,3729805,40,70,2026-09-10-s1
2026-09-10 11:04:10+00:00,bench-05,2303,50.9,1,auto,-69.0,3739802,40,70,2026-09-10-s1
2026-09-10 11:04:20+00:00,bench-05,2239,51.8,1,auto,-70.1,3749802,40,70,2026-09-10-s1
2026-09-10 11:04:30+00:00,bench-05,2266,51.5,1,auto,-69.0,3759800,40,70,2026-09-10-s1
2026-09-10 11:04:40+00:00,bench-05,2301,51.1,1,auto,-69.1,3769795,40,70,2026-09-10-s1
2026-09-10 11:04:50+00:00,bench-05,2263,52.4,1,auto,-68.4,3779795,40,70,2026-09-10-s1
2026-09-10 11:05:00+00:00,bench-05,2279,51.8,1,auto,-67.7,3789793,40,70,2026-09-10-s1
2026-09-10 11:05:10+00:00,bench-05,2263,52.1,1,auto,-68.4,3799797,40,70,2026-09-10-s1
2026-09-10 11:05:20+00:00,bench-05,2263,52.7,1,auto,-69.4,3809799,40,70,2026-09-10-s1
2026-09-10 11:05:30+00:00,bench-05,2246,53.5,1,auto,-69.0,3819796,40,70,2026-09-10-s1
2026-09-10 11:05:40+00:00,bench-05,2245,53.1,1,auto,-69.0,3829795,40,70,2026-09-10-s1
2026-09-10 11:05:50+00:00,bench-05,2258,52.4,1,auto,-69.7,3839794,40,70,2026-09-10-s1
2026-09-10 11:06:00+00:00,bench-05,2234,52.8,1,auto,-69.6,3849792,40,70,2026-09-10-s1
2026-09-10 11:06:10+00:00,bench-05,2220,53.4,1,auto,-69.3,3859787,40,70,2026-09-10-s1
2026-09-10 11:06:20+00:00,bench-05,2245,53.5,1,auto,-67.8,3869788,40,70,2026-09-10-s1
2026-09-10 11:06:30+00:00,bench-05,2213,54.5,1,auto,-67.8,3879786,40,70,2026-09-10-s1
2026-09-10 11:06:40+00:00,bench-05,2224,54.0,1,auto,-66.3,3889786,40,70,2026-09-10-s1
2026-09-10 11:06:50+00:00,bench-05,2224,53.7,1,auto,-66.2,3899782,40,70,2026-09-10-s1
2026-09-10 11:07:00+00:00,bench-05,2215,54.2,1,auto,-66.5,3909780,40,70,2026-09-10-s1
2026-09-10 11:07:10+00:00,bench-05,2230,54.3,1,auto,-67.1,3919782,40,70,2026-09-10-s1
2026-09-10 11:07:20+00:00,bench-05,2218,54.3,1,auto,-64.1,3929780,40,70,2026-09-10-s1
2026-09-10 11:07:30+00:00,bench-05,2209,54.8,1,auto,-64.6,3939782,40,70,2026-09-10-s1
2026-09-10 11:07:40+00:00,bench-05,2210,55.2,1,auto,-64.9,3949778,40,70,2026-09-10-s1
2026-09-10 11:07:50+00:00,bench-05,2212,55.3,1,auto,-63.4,3959780,40,70,2026-09-10-s1
2026-09-10 11:08:00+00:00,bench-05,2181,55.4,1,auto,-65.1,3969780,40,70,2026-09-10-s1
2026-09-10 11:08:10+00:00,bench-05,2176,55.7,1,auto,-64.1,3979784,40,70,2026-09-10-s1
2026-09-10 11:08:20+00:00,bench-05,2189,55.8,1,auto,-64.4,3989781,40,70,2026-09-10-s1
2026-09-10 11:08:30+00:00,bench-05,2202,55.9,1,auto,-63.3,3999781,40,70,2026-09-10-s1
2026-09-10 11:08:40+00:00,bench-05,2160,56.1,1,auto,-61.9,4009781,40,70,2026-09-10-s1
2026-09-10 11:08:50+00:00,bench-05,2215,55.6,1,auto,-61.5,4019780,40,70,2026-09-10-s1
2026-09-10 11:09:00+00:00,bench-05,2195,55.5,1,auto,-59.5,4029779,40,70,2026-09-10-s1
2026-09-10 11:09:10+00:00,bench-05,2171,56.9,1,auto,-61.8,4039776,40,70,2026-09-10-s1
2026-09-10 11:09:20+00:00,bench-05,2150,57.0,1,auto,-63.0,4049771,40,70,2026-09-10-s1
2026-09-10 11:09:30+00:00,bench-05,2167,57.5,1,auto,-62.4,4059775,40,70,2026-09-10-s1
2026-09-10 11:09:40+00:00,bench-05,2145,57.6,1,auto,-63.6,4069772,40,70,2026-09-10-s1
2026-09-10 11:09:50+00:00,bench-05,2136,57.5,1,auto,-63.8,4079767,40,70,2026-09-10-s1
2026-09-10 11:10:00+00:00,bench-05,2162,57.3,1,auto,-63.2,4089771,40,70,2026-09-10-s1
2026-09-10 11:10:10+00:00,bench-05,2145,57.9,1,auto,-64.8,4099774,40,70,2026-09-10-s1
2026-09-10 11:10:20+00:00,bench-05,2159,57.2,1,auto,-66.1,4109772,40,70,2026-09-10-s1
2026-09-10 11:10:30+00:00,bench-05,2130,58.4,1,auto,-66.0,4119769,40,70,2026-09-10-s1
2026-09-10 11:10:40+00:00,bench-05,2133,58.9,1,auto,-66.7,4129765,40,70,2026-09-10-s1
2026-09-10 11:10:50+00:00,bench-05,2132,57.8,1,auto,-67.9,4139764,40,70,2026-09-10-s1
2026-09-10 11:11:00+00:00,bench-05,2159,57.7,1,auto,-65.1,4149766,40,70,2026-09-10-s1
2026-09-10 11:11:10+00:00,bench-05,2140,58.4,1,auto,-65.3,4159761,40,70,2026-09-10-s1
2026-09-10 11:11:20+00:00,bench-05,2136,58.7,1,auto,-65.6,4169761,40,70,2026-09-10-s1
2026-09-10 11:11:30+00:00,bench-05,2121,58.1,1,auto,-66.6,4179759,40,70,2026-09-10-s1
2026-09-10 11:11:40+00:00,bench-05,2114,58.7,1,auto,-66.6,4189760,40,70,2026-09-10-s1
2026-09-10 11:11:50+00:00,bench-05,2127,58.9,1,auto,-65.1,4199758,40,70,2026-09-10-s1
2026-09-10 11:12:00+00:00,bench-05,2124,59.8,1,auto,-65.7,4209757,40,70,2026-09-10-s1
2026-09-10 11:12:10+00:00,bench-05,2120,59.2,1,auto,-65.5,4219755,40,70,2026-09-10-s1
2026-09-10 11:12:20+00:00,bench-05,2099,59.8,1,auto,-69.0,4229758,40,70,2026-09-10-s1
2026-09-10 11:12:30+00:00,bench-05,2126,59.8,1,auto,-68.5,4239760,40,70,2026-09-10-s1
2026-09-10 11:12:40+00:00,bench-05,2075,59.8,1,auto,-66.4,4249764,40,70,2026-09-10-s1
2026-09-10 11:12:50+00:00,bench-05,2098,60.1,1,auto,-66.7,4259763,40,70,2026-09-10-s1
2026-09-10 11:13:00+00:00,bench-05,2121,59.9,1,auto,-69.4,4269759,40,70,2026-09-10-s1
2026-09-10 11:13:10+00:00,bench-05,2095,60.5,1,auto,-68.6,4279759,40,70,2026-09-10-s1
2026-09-10 11:13:20+00:00,bench-05,2090,60.4,1,auto,-67.9,4289756,40,70,2026-09-10-s1
2026-09-10 11:13:30+00:00,bench-05,2076,60.7,1,auto,-69.6,4299757,40,70,2026-09-10-s1
2026-09-10 11:13:40+00:00,bench-05,2109,60.6,1,auto,-68.4,4309757,40,70,2026-09-10-s1
2026-09-10 11:13:50+00:00,bench-05,2082,61.1,1,auto,-67.8,4319756,40,70,2026-09-10-s1
2026-09-10 11:14:00+00:00,bench-05,2082,60.7,1,auto,-68.4,4329753,40,70,2026-09-10-s1
2026-09-10 11:14:10+00:00,bench-05,2094,60.8,1,auto,-70.4,4339755,40,70,2026-09-10-s1
2026-09-10 11:14:20+00:00,bench-05,2087,60.8,1,auto,-68.5,4349759,40,70,2026-09-10-s1
2026-09-10 11:14:30+00:00,bench-05,2080,60.9,1,auto,-67.3,4359762,40,70,2026-09-10-s1
2026-09-10 11:14:40+00:00,bench-05,2065,61.1,1,auto,-67.3,4369761,40,70,2026-09-10-s1
2026-09-10 11:14:50+00:00,bench-05,2071,61.4,1,auto,-67.5,4379760,40,70,2026-09-10-s1
2026-09-10 11:15:00+00:00,bench-05,2064,61.1,1,auto,-66.7,4389759,40,70,2026-09-10-s1
2026-09-10 11:15:10+00:00,bench-05,2068,61.7,1,auto,-66.9,4399760,40,70,2026-09-10-s1
2026-09-10 11:15:20+00:00,bench-05,2071,61.7,1,auto,-67.1,4409760,40,70,2026-09-10-s1
2026-09-10 11:15:30+00:00,bench-05,2039,62.3,1,auto,-65.9,4419764,40,70,2026-09-10-s1
2026-09-10 11:15:40+00:00,bench-05,2056,62.0,1,auto,-64.8,4429762,40,70,2026-09-10-s1
2026-09-10 11:15:50+00:00,bench-05,2051,62.1,1,auto,-63.5,4439760,40,70,2026-09-10-s1
2026-09-10 11:16:00+00:00,bench-05,2051,62.6,1,auto,-63.5,4449762,40,70,2026-09-10-s1
2026-09-10 11:16:10+00:00,bench-05,2058,62.3,1,auto,-65.1,4459757,40,70,2026-09-10-s1
2026-09-10 11:16:20+00:00,bench-05,2052,62.9,1,auto,-66.3,4469755,40,70,2026-09-10-s1
2026-09-10 11:16:30+00:00,bench-05,2052,62.2,1,auto,-66.5,4479755,40,70,2026-09-10-s1
2026-09-10 11:16:40+00:00,bench-05,2057,62.8,1,auto,-67.0,4489755,40,70,2026-09-10-s1
2026-09-10 11:16:50+00:00,bench-05,2052,62.5,1,auto,-66.8,4499756,40,70,2026-09-10-s1
2026-09-10 11:17:00+00:00,bench-05,2039,63.2,1,auto,-69.5,4509755,40,70,2026-09-10-s1
2026-09-10 11:17:10+00:00,bench-05,2033,62.8,1,auto,-67.3,4519757,40,70,2026-09-10-s1
2026-09-10 11:17:20+00:00,bench-05,2037,63.3,1,auto,-69.6,4529756,40,70,2026-09-10-s1
2026-09-10 11:17:30+00:00,bench-05,2042,62.9,1,auto,-69.7,4539753,40,70,2026-09-10-s1
2026-09-10 11:17:40+00:00,bench-05,2050,62.8,1,auto,-70.1,4549751,40,70,2026-09-10-s1
2026-09-10 11:17:50+00:00,bench-05,2040,63.4,1,auto,-70.9,4559746,40,70,2026-09-10-s1
2026-09-10 11:18:00+00:00,bench-05,2024,63.6,1,auto,-68.3,4569749,40,70,2026-09-10-s1
2026-09-10 11:18:10+00:00,bench-05,2038,63.7,1,auto,-67.4,4579748,40,70,2026-09-10-s1
2026-09-10 11:18:20+00:00,bench-05,2022,63.4,1,auto,-67.9,4589751,40,70,2026-09-10-s1
2026-09-10 11:18:30+00:00,bench-05,2039,62.9,1,auto,-69.5,4599752,40,70,2026-09-10-s1
2026-09-10 11:18:40+00:00,bench-05,2031,63.1,1,auto,-68.0,4609754,40,70,2026-09-10-s1
2026-09-10 11:18:50+00:00,bench-05,2016,63.5,1,auto,-66.4,4619755,40,70,2026-09-10-s1
2026-09-10 11:19:00+00:00,bench-05,2016,63.7,1,auto,-66.5,4629755,40,70,2026-09-10-s1
2026-09-10 11:19:10+00:00,bench-05,2001,64.4,1,auto,-68.5,4639759,40,70,2026-09-10-s1
2026-09-10 11:19:20+00:00,bench-05,2015,64.5,1,auto,-67.5,4649762,40,70,2026-09-10-s1
2026-09-10 11:19:30+00:00,bench-05,2022,64.0,1,auto,-68.1,4659758,40,70,2026-09-10-s1
2026-09-10 11:19:40+00:00,bench-05,2026,63.5,1,auto,-68.4,4669759,40,70,2026-09-10-s1
2026-09-10 11:19:50+00:00,bench-05,1978,65.5,1,auto,-69.3,4679763,40,70,2026-09-10-s1
2026-09-10 11:20:00+00:00,bench-05,2015,64.9,1,auto,-70.7,4689763,40,70,2026-09-10-s1
2026-09-10 11:20:10+00:00,bench-05,2002,64.2,1,auto,-69.8,4699766,40,70,2026-09-10-s1
2026-09-10 11:20:20+00:00,bench-05,2024,64.4,1,auto,-69.4,4709768,40,70,2026-09-10-s1
2026-09-10 11:20:30+00:00,bench-05,2006,65.3,1,auto,-68.0,4719768,40,70,2026-09-10-s1
2026-09-10 11:20:40+00:00,bench-05,2002,64.8,1,auto,-68.7,4729772,40,70,2026-09-10-s1
2026-09-10 11:20:50+00:00,bench-05,1984,64.8,1,auto,-68.4,4739771,40,70,2026-09-10-s1
2026-09-10 11:21:00+00:00,bench-05,2010,64.3,1,auto,-68.1,4749771,40,70,2026-09-10-s1
2026-09-10 11:21:10+00:00,bench-05,1993,65.3,1,auto,-65.9,4759770,40,70,2026-09-10-s1
2026-09-10 11:21:20+00:00,bench-05,1984,65.2,1,auto,-64.9,4769771,40,70,2026-09-10-s1
2026-09-10 11:21:30+00:00,bench-05,1993,65.4,1,auto,-64.1,4779774,40,70,2026-09-10-s1
2026-09-10 11:21:40+00:00,bench-05,2014,65.6,1,auto,-65.1,4789774,40,70,2026-09-10-s1
2026-09-10 11:21:50+00:00,bench-05,1981,65.3,1,auto,-64.2,4799776,40,70,2026-09-10-s1
2026-09-10 11:22:00+00:00,bench-05,1998,65.0,1,auto,-63.8,4809776,40,70,2026-09-10-s1
2026-09-10 11:22:10+00:00,bench-05,1995,65.5,1,auto,-63.9,4819774,40,70,2026-09-10-s1
2026-09-10 11:22:20+00:00,bench-05,2003,65.2,1,auto,-62.6,4829773,40,70,2026-09-10-s1
2026-09-10 11:22:30+00:00,bench-05,1974,65.9,1,auto,-61.9,4839768,40,70,2026-09-10-s1
2026-09-10 11:22:40+00:00,bench-05,1985,66.0,1,auto,-63.1,4849772,40,70,2026-09-10-s1
2026-09-10 11:22:50+00:00,bench-05,1949,66.6,1,auto,-63.1,4859776,40,70,2026-09-10-s1
2026-09-10 11:23:00+00:00,bench-05,1986,65.8,1,auto,-64.3,4869773,40,70,2026-09-10-s1
2026-09-10 11:23:10+00:00,bench-05,1991,66.0,1,auto,-62.9,4879775,40,70,2026-09-10-s1
2026-09-10 11:23:20+00:00,bench-05,1967,66.5,1,auto,-64.6,4889772,40,70,2026-09-10-s1
2026-09-10 11:23:30+00:00,bench-05,1982,65.9,1,auto,-64.5,4899772,40,70,2026-09-10-s1
2026-09-10 11:23:40+00:00,bench-05,1960,66.9,1,auto,-66.1,4909771,40,70,2026-09-10-s1
2026-09-10 11:23:50+00:00,bench-05,1981,66.0,1,auto,-66.1,4919769,40,70,2026-09-10-s1
2026-09-10 11:24:00+00:00,bench-05,1944,67.0,1,auto,-67.0,4929765,40,70,2026-09-10-s1
2026-09-10 11:24:10+00:00,bench-05,1979,65.7,1,auto,-68.9,4939763,40,70,2026-09-10-s1
2026-09-10 11:24:20+00:00,bench-05,1966,66.1,1,auto,-70.2,4949760,40,70,2026-09-10-s1
2026-09-10 11:24:30+00:00,bench-05,1973,66.4,1,auto,-70.3,4959763,40,70,2026-09-10-s1
2026-09-10 11:24:40+00:00,bench-05,1967,66.2,1,auto,-70.5,4969762,40,70,2026-09-10-s1
2026-09-10 11:24:50+00:00,bench-05,1983,65.6,1,auto,-68.6,4979762,40,70,2026-09-10-s1
2026-09-10 11:25:00+00:00,bench-05,1977,66.2,1,auto,-70.3,4989765,40,70,2026-09-10-s1
2026-09-10 11:25:10+00:00,bench-05,1991,66.0,1,auto,-71.8,4999763,40,70,2026-09-10-s1
2026-09-10 11:25:20+00:00,bench-05,1971,66.8,1,auto,-70.9,5009767,40,70,2026-09-10-s1
2026-09-10 11:25:30+00:00,bench-05,1966,66.5,1,auto,-69.3,5019767,40,70,2026-09-10-s1
2026-09-10 11:25:40+00:00,bench-05,1964,67.1,1,auto,-71.0,5029762,40,70,2026-09-10-s1
2026-09-10 11:25:50+00:00,bench-05,1970,66.6,1,auto,-72.3,5039758,40,70,2026-09-10-s1
2026-09-10 11:26:00+00:00,bench-05,1976,66.3,1,auto,-73.8,5049759,40,70,2026-09-10-s1
2026-09-10 11:26:10+00:00,bench-05,1974,66.1,1,auto,-73.0,5059758,40,70,2026-09-10-s1
2026-09-10 11:26:20+00:00,bench-05,1961,66.9,1,auto,-75.5,5069753,40,70,2026-09-10-s1
2026-09-10 11:26:30+00:00,bench-05,1978,66.2,1,auto,-74.0,5079755,40,70,2026-09-10-s1
2026-09-10 11:26:40+00:00,bench-05,1976,66.5,1,auto,-72.9,5089750,40,70,2026-09-10-s1
2026-09-10 11:26:50+00:00,bench-05,1951,67.2,1,auto,-72.9,5099749,40,70,2026-09-10-s1
2026-09-10 11:27:00+00:00,bench-05,1943,67.1,1,auto,-73.2,5109750,40,70,2026-09-10-s1
2026-09-10 11:27:10+00:00,bench-05,1958,66.5,1,auto,-72.6,5119754,40,70,2026-09-10-s1
2026-09-10 11:27:20+00:00,bench-05,1944,67.3,1,auto,-72.1,5129755,40,70,2026-09-10-s1
2026-09-10 11:27:30+00:00,bench-05,1969,67.4,1,auto,-72.0,5139750,40,70,2026-09-10-s1
2026-09-10 11:27:40+00:00,bench-05,1956,66.9,1,auto,-72.1,5149749,40,70,2026-09-10-s1
2026-09-10 11:27:50+00:00,bench-05,4095,-20.0,1,auto,-71.8,5159747,40,70,2026-09-10-s1
2026-09-10 11:28:00+00:00,bench-05,1974,67.1,1,auto,-72.4,5169749,40,70,2026-09-10-s1
2026-09-10 11:28:10+00:00,bench-05,1957,67.4,1,auto,-71.3,5179746,40,70,2026-09-10-s1
2026-09-10 11:28:20+00:00,bench-05,1937,67.7,1,auto,-72.2,5189749,40,70,2026-09-10-s1
2026-09-10 11:28:30+00:00,bench-05,1950,67.6,1,auto,-70.2,5199746,40,70,2026-09-10-s1
2026-09-10 11:28:40+00:00,bench-05,1943,67.3,1,auto,-70.9,5209745,40,70,2026-09-10-s1
2026-09-10 11:28:50+00:00,bench-05,1925,68.4,1,auto,-71.0,5219741,40,70,2026-09-10-s1
2026-09-10 11:29:00+00:00,bench-05,1938,67.3,1,auto,-71.3,5229740,40,70,2026-09-10-s1
2026-09-10 11:29:10+00:00,bench-05,1950,67.2,1,auto,-68.3,5239737,40,70,2026-09-10-s1
2026-09-10 11:29:20+00:00,bench-05,1976,67.0,1,auto,-68.9,5249732,40,70,2026-09-10-s1
2026-09-10 11:29:30+00:00,bench-05,1919,68.5,1,auto,-67.2,5259732,40,70,2026-09-10-s1
2026-09-10 11:29:40+00:00,bench-05,1926,67.9,1,auto,-66.8,5269729,40,70,2026-09-10-s1
2026-09-10 11:29:50+00:00,bench-05,1954,67.9,1,auto,-67.0,5279726,40,70,2026-09-10-s1
2026-09-10 11:30:00+00:00,bench-05,1928,67.5,1,auto,-66.0,5289724,40,70,2026-09-10-s1
2026-09-10 11:30:10+00:00,bench-05,1904,68.4,1,auto,-67.1,5299728,40,70,2026-09-10-s1
2026-09-10 11:30:20+00:00,bench-05,1947,67.7,1,auto,-66.1,5309726,40,70,2026-09-10-s1
2026-09-10 11:30:30+00:00,bench-05,1940,67.8,1,auto,-65.6,5319730,40,70,2026-09-10-s1
2026-09-10 11:30:40+00:00,bench-05,1951,68.0,1,auto,-67.6,5329734,40,70,2026-09-10-s1
2026-09-10 11:30:50+00:00,bench-05,1949,67.9,1,auto,-65.9,5339737,40,70,2026-09-10-s1
2026-09-10 11:31:00+00:00,bench-05,1955,67.1,1,auto,-65.1,5349734,40,70,2026-09-10-s1
2026-09-10 11:31:10+00:00,bench-05,1941,67.9,1,auto,-67.5,5359733,40,70,2026-09-10-s1
2026-09-10 11:31:20+00:00,bench-05,1951,67.9,1,auto,-67.4,5369737,40,70,2026-09-10-s1
2026-09-10 11:31:30+00:00,bench-05,1940,68.1,1,auto,-67.4,5379738,40,70,2026-09-10-s1
2026-09-10 11:31:40+00:00,bench-05,1976,67.4,1,auto,-67.1,5389738,40,70,2026-09-10-s1
2026-09-10 11:31:50+00:00,bench-05,1905,68.2,1,auto,-64.6,5399734,40,70,2026-09-10-s1
2026-09-10 11:32:00+00:00,bench-05,1940,68.1,1,auto,-66.7,5409729,40,70,2026-09-10-s1
2026-09-10 11:32:10+00:00,bench-05,1933,68.0,1,auto,-64.9,5419728,40,70,2026-09-10-s1
2026-09-10 11:32:20+00:00,bench-05,1939,68.3,1,auto,-66.3,5429731,40,70,2026-09-10-s1
2026-09-10 11:32:30+00:00,bench-05,1933,68.1,1,auto,-63.5,5439727,40,70,2026-09-10-s1
2026-09-10 11:32:40+00:00,bench-05,1945,67.7,1,auto,-63.7,5449730,40,70,2026-09-10-s1
2026-09-10 11:32:50+00:00,bench-05,1949,67.5,1,auto,-63.4,5459731,40,70,2026-09-10-s1
2026-09-10 11:33:00+00:00,bench-05,1947,67.7,1,auto,-64.6,5469734,40,70,2026-09-10-s1
2026-09-10 11:33:10+00:00,bench-05,1916,67.9,1,auto,-64.5,5479735,40,70,2026-09-10-s1
2026-09-10 11:33:20+00:00,bench-05,1929,68.0,1,auto,-64.8,5489734,40,70,2026-09-10-s1
2026-09-10 11:33:30+00:00,bench-05,1917,68.6,1,auto,-63.0,5499731,40,70,2026-09-10-s1
2026-09-10 11:33:40+00:00,bench-05,1956,68.0,1,auto,-62.0,5509729,40,70,2026-09-10-s1
2026-09-10 11:33:50+00:00,bench-05,1931,68.1,1,auto,-63.0,5519729,40,70,2026-09-10-s1
2026-09-10 11:34:00+00:00,bench-05,1961,67.8,1,auto,-63.8,5529727,40,70,2026-09-10-s1
2026-09-10 11:34:10+00:00,bench-05,1918,68.1,1,auto,-63.2,5539729,40,70,2026-09-10-s1
2026-09-10 11:34:20+00:00,bench-05,1911,68.0,1,auto,-63.5,5549728,40,70,2026-09-10-s1
2026-09-10 11:34:30+00:00,bench-05,1978,67.5,1,auto,-63.2,5559732,40,70,2026-09-10-s1
2026-09-10 11:34:40+00:00,bench-05,1937,68.1,1,auto,-62.9,5569734,40,70,2026-09-10-s1
2026-09-10 11:34:50+00:00,bench-05,1934,68.5,1,auto,-60.8,5579734,40,70,2026-09-10-s1
2026-09-10 11:35:00+00:00,bench-05,1910,68.5,1,auto,-61.1,5589737,40,70,2026-09-10-s1
2026-09-10 11:35:10+00:00,bench-05,1919,68.2,1,auto,-59.5,5599737,40,70,2026-09-10-s1
2026-09-10 11:35:20+00:00,bench-05,1921,68.2,1,auto,-59.4,5609737,40,70,2026-09-10-s1
2026-09-10 11:35:30+00:00,bench-05,1914,69.2,1,auto,-61.7,5619737,40,70,2026-09-10-s1
2026-09-10 11:35:40+00:00,bench-05,1915,69.5,1,auto,-60.7,5629732,40,70,2026-09-10-s1
2026-09-10 11:35:50+00:00,bench-05,1916,68.6,1,auto,-60.4,5639732,40,70,2026-09-10-s1
2026-09-10 11:36:00+00:00,bench-05,1922,68.6,1,auto,-60.3,5649728,40,70,2026-09-10-s1
2026-09-10 11:36:10+00:00,bench-05,1916,69.0,1,auto,-60.1,5659728,40,70,2026-09-10-s1
2026-09-10 11:36:20+00:00,bench-05,1938,68.4,1,auto,-60.1,5669728,40,70,2026-09-10-s1
2026-09-10 11:36:30+00:00,bench-05,1895,68.7,1,auto,-61.1,5679731,40,70,2026-09-10-s1
2026-09-10 11:36:40+00:00,bench-05,1890,69.1,1,auto,-60.1,5689732,40,70,2026-09-10-s1
2026-09-10 11:36:50+00:00,bench-05,1925,68.9,1,auto,-58.5,5699727,40,70,2026-09-10-s1
2026-09-10 11:37:00+00:00,bench-05,1940,68.9,1,auto,-59.4,5709728,40,70,2026-09-10-s1
2026-09-10 11:37:10+00:00,bench-05,1927,68.9,1,auto,-59.3,5719729,40,70,2026-09-10-s1
2026-09-10 11:37:20+00:00,bench-05,1947,69.1,1,auto,-59.3,5729727,40,70,2026-09-10-s1
2026-09-10 11:37:30+00:00,bench-05,1907,68.9,1,auto,-59.2,5739722,40,70,2026-09-10-s1
2026-09-10 11:37:40+00:00,bench-05,1952,68.0,1,auto,-58.3,5749722,40,70,2026-09-10-s1
2026-09-10 11:37:50+00:00,bench-05,1927,68.9,1,auto,-60.2,5759725,40,70,2026-09-10-s1
2026-09-10 11:38:00+00:00,bench-05,1912,68.5,1,auto,-59.5,5769729,40,70,2026-09-10-s1
2026-09-10 11:38:10+00:00,bench-05,1929,68.6,1,auto,-58.9,5779732,40,70,2026-09-10-s1
2026-09-10 11:38:20+00:00,bench-05,1907,68.8,1,auto,-56.7,5789736,40,70,2026-09-10-s1
2026-09-10 11:38:30+00:00,bench-05,1912,69.4,1,auto,-55.4,5799739,40,70,2026-09-10-s1
2026-09-10 11:38:40+00:00,bench-05,1925,68.7,1,auto,-52.7,5809742,40,70,2026-09-10-s1
2026-09-10 11:38:50+00:00,bench-05,1928,68.9,1,auto,-51.3,5819745,40,70,2026-09-10-s1
2026-09-10 11:39:00+00:00,bench-05,1898,68.6,1,auto,-50.5,5829748,40,70,2026-09-10-s1
2026-09-10 11:39:10+00:00,bench-05,1922,69.1,1,auto,-51.0,5839750,40,70,2026-09-10-s1
2026-09-10 11:39:20+00:00,bench-05,1900,69.2,1,auto,-51.4,5849748,40,70,2026-09-10-s1
2026-09-10 11:39:30+00:00,bench-05,1939,68.4,1,auto,-51.4,5859752,40,70,2026-09-10-s1
2026-09-10 11:39:40+00:00,bench-05,1902,69.5,1,auto,-52.2,5869756,40,70,2026-09-10-s1
2026-09-10 11:39:50+00:00,bench-05,1902,69.0,1,auto,-50.5,5879759,40,70,2026-09-10-s1
2026-09-10 11:40:00+00:00,bench-05,1898,69.4,1,auto,-51.5,5889756,40,70,2026-09-10-s1
2026-09-10 11:40:10+00:00,bench-05,1905,69.1,1,auto,-50.7,5899751,40,70,2026-09-10-s1
2026-09-10 11:40:20+00:00,bench-05,1905,68.5,1,auto,-50.9,5909749,40,70,2026-09-10-s1
2026-09-10 11:40:30+00:00,bench-05,1926,68.9,1,auto,-50.8,5919745,40,70,2026-09-10-s1
2026-09-10 11:40:40+00:00,bench-05,1913,68.9,1,auto,-51.0,5929747,40,70,2026-09-10-s1
2026-09-10 11:40:50+00:00,bench-05,1910,68.7,1,auto,-51.2,5939751,40,70,2026-09-10-s1
2026-09-10 11:41:00+00:00,bench-05,1907,69.5,1,auto,-50.5,5949747,40,70,2026-09-10-s1
2026-09-10 11:41:10+00:00,bench-05,1908,69.3,1,auto,-50.0,5959751,40,70,2026-09-10-s1
2026-09-10 11:41:20+00:00,bench-05,1911,68.6,1,auto,-51.4,5969749,40,70,2026-09-10-s1
2026-09-10 11:41:30+00:00,bench-05,1877,69.9,1,auto,-51.4,5979753,40,70,2026-09-10-s1
2026-09-10 11:41:40+00:00,bench-05,1912,68.5,1,auto,-52.1,5989757,40,70,2026-09-10-s1
2026-09-10 11:41:50+00:00,bench-05,1921,69.0,1,auto,-52.4,5999760,40,70,2026-09-10-s1
2026-09-10 11:42:00+00:00,bench-05,1917,68.9,1,auto,-51.0,6009755,40,70,2026-09-10-s1
2026-09-10 11:42:10+00:00,bench-05,4095,-20.0,1,auto,-51.1,6019758,40,70,2026-09-10-s1
2026-09-10 11:42:20+00:00,bench-05,1950,68.1,1,auto,-49.8,6029756,40,70,2026-09-10-s1
2026-09-10 11:42:30+00:00,bench-05,1900,69.0,1,auto,-50.0,6039756,40,70,2026-09-10-s1
2026-09-10 11:42:40+00:00,bench-05,1901,69.4,1,manual,-50.1,6049754,40,70,2026-09-10-s1
2026-09-10 11:42:50+00:00,bench-05,1926,68.9,1,manual,-49.6,6059750,40,70,2026-09-10-s1
2026-09-10 11:43:00+00:00,bench-05,1899,69.7,1,manual,-46.6,6069745,40,70,2026-09-10-s1
2026-09-10 11:43:10+00:00,bench-05,1906,69.0,1,manual,-47.5,6079743,40,70,2026-09-10-s1
2026-09-10 11:43:20+00:00,bench-05,1897,69.5,1,manual,-47.1,6089743,40,70,2026-09-10-s1
2026-09-10 11:43:30+00:00,bench-05,1915,68.9,1,manual,-46.8,6099739,40,70,2026-09-10-s1
2026-09-10 11:43:40+00:00,bench-05,1941,68.3,1,manual,-45.5,6109739,40,70,2026-09-10-s1
2026-09-10 11:43:50+00:00,bench-05,1925,68.3,1,manual,-46.1,6119738,40,70,2026-09-10-s1
2026-09-10 11:44:00+00:00,bench-05,1936,68.7,1,manual,-44.8,6129733,40,70,2026-09-10-s1
2026-09-10 11:44:10+00:00,bench-05,1917,68.7,1,manual,-44.6,6139736,40,70,2026-09-10-s1
2026-09-10 11:44:20+00:00,bench-05,1900,69.7,1,manual,-43.6,6149736,40,70,2026-09-10-s1
2026-09-10 11:44:30+00:00,bench-05,1923,68.7,1,manual,-44.4,6159736,40,70,2026-09-10-s1
2026-09-10 11:44:40+00:00,bench-05,1905,69.3,1,manual,-45.1,6169731,40,70,2026-09-10-s1
2026-09-10 11:44:50+00:00,bench-05,1888,69.5,1,manual,-46.6,6179730,40,70,2026-09-10-s1
2026-09-10 11:45:00+00:00,bench-05,1926,69.2,1,manual,-45.2,6189733,40,70,2026-09-10-s1
2026-09-10 11:45:10+00:00,bench-05,1925,68.8,1,manual,-44.7,6199732,40,70,2026-09-10-s1
2026-09-10 11:45:20+00:00,bench-05,1897,69.0,1,manual,-45.1,6209732,40,70,2026-09-10-s1
2026-09-10 11:45:30+00:00,bench-05,1907,69.3,1,manual,-45.3,6219735,40,70,2026-09-10-s1
2026-09-10 11:45:40+00:00,bench-05,1918,69.5,1,manual,-46.9,6229731,40,70,2026-09-10-s1
2026-09-10 11:45:50+00:00,bench-05,1919,68.5,1,manual,-46.4,6239735,40,70,2026-09-10-s1
2026-09-10 11:46:00+00:00,bench-05,1948,68.1,0,manual,-46.7,6249736,40,70,2026-09-10-s1
2026-09-10 11:46:10+00:00,bench-05,1947,67.2,0,manual,-46.6,6259737,40,70,2026-09-10-s1
2026-09-10 11:46:20+00:00,bench-05,1944,66.4,0,manual,-47.4,6269737,40,70,2026-09-10-s1
2026-09-10 11:46:30+00:00,bench-05,1972,66.4,0,manual,-48.1,6279732,40,70,2026-09-10-s1
2026-09-10 11:46:40+00:00,bench-05,2006,64.6,0,manual,-48.9,6289736,40,70,2026-09-10-s1
2026-09-10 11:46:50+00:00,bench-05,2008,64.6,0,manual,-50.3,6299734,40,70,2026-09-10-s1
2026-09-10 11:47:00+00:00,bench-05,2013,64.5,0,manual,-49.1,6309730,40,70,2026-09-10-s1
2026-09-10 11:47:10+00:00,bench-05,2011,62.8,0,manual,-46.5,6319727,40,70,2026-09-10-s1
2026-09-10 11:47:20+00:00,bench-05,2053,62.1,0,manual,-48.5,6329725,40,70,2026-09-10-s1
2026-09-10 11:47:30+00:00,bench-05,2074,61.4,0,manual,-50.0,6339720,40,70,2026-09-10-s1
2026-09-10 11:47:40+00:00,bench-05,2067,61.1,0,manual,-50.4,6349721,40,70,2026-09-10-s1
2026-09-10 11:47:50+00:00,bench-05,2105,61.5,0,manual,-50.4,6359723,40,70,2026-09-10-s1
2026-09-10 11:48:00+00:00,bench-05,2070,61.3,1,manual,-51.5,6369727,40,70,2026-09-10-s1
2026-09-10 11:48:10+00:00,bench-05,2081,60.8,1,manual,-50.7,6379729,40,70,2026-09-10-s1
2026-09-10 11:48:20+00:00,bench-05,2102,60.8,1,manual,-50.3,6389724,40,70,2026-09-10-s1
2026-09-10 11:48:30+00:00,bench-05,2116,60.1,0,manual,-52.8,6399719,40,70,2026-09-10-s1
2026-09-10 11:48:40+00:00,bench-05,2105,59.4,0,auto,-51.7,6409722,40,70,2026-09-10-s1
2026-09-10 11:48:50+00:00,bench-05,2131,58.8,0,auto,-49.9,6419723,40,70,2026-09-10-s1
2026-09-10 11:49:00+00:00,bench-05,2154,58.0,0,auto,-49.9,6429719,40,70,2026-09-10-s1
2026-09-10 11:49:10+00:00,bench-05,2146,57.7,0,auto,-50.9,6439720,40,70,2026-09-10-s1
2026-09-10 11:49:20+00:00,bench-05,2173,57.2,0,auto,-52.3,6449723,40,70,2026-09-10-s1
2026-09-10 11:49:30+00:00,bench-05,2171,56.8,0,auto,-52.0,6459722,40,70,2026-09-10-s1
2026-09-10 11:49:40+00:00,bench-05,2224,55.6,0,auto,-51.3,6469722,40,70,2026-09-10-s1
2026-09-10 11:49:50+00:00,bench-05,2197,55.4,0,auto,-51.6,6479721,40,70,2026-09-10-s1
2026-09-10 11:50:00+00:00,bench-05,2187,55.0,0,auto,-52.8,6489721,40,70,2026-09-10-s1
2026-09-10 11:50:10+00:00,bench-05,2208,54.3,0,auto,-54.4,6499722,40,70,2026-09-10-s1
2026-09-10 11:50:20+00:00,bench-05,2233,53.7,0,auto,-55.6,6509717,40,70,2026-09-10-s1
2026-09-10 11:50:30+00:00,bench-05,2257,52.9,0,auto,-55.7,6519718,40,70,2026-09-10-s1
2026-09-10 11:50:40+00:00,bench-05,2270,52.6,0,auto,-56.0,6529721,40,70,2026-09-10-s1
2026-09-10 11:50:50+00:00,bench-05,2235,52.1,0,auto,-56.1,6539725,40,70,2026-09-10-s1
2026-09-10 11:51:00+00:00,bench-05,2286,51.8,0,auto,-55.9,6549724,40,70,2026-09-10-s1
2026-09-10 11:51:10+00:00,bench-05,2299,51.3,0,auto,-56.7,6559719,40,70,2026-09-10-s1
2026-09-10 11:51:20+00:00,bench-05,2303,51.0,0,auto,-56.6,6569714,40,70,2026-09-10-s1
2026-09-10 11:51:30+00:00,bench-05,2332,49.8,0,auto,-55.3,6579717,40,70,2026-09-10-s1
2026-09-10 11:51:40+00:00,bench-05,2309,49.3,0,auto,-54.7,6589717,40,70,2026-09-10-s1
2026-09-10 11:51:50+00:00,bench-05,2307,49.4,0,auto,-54.2,6599714,40,70,2026-09-10-s1
2026-09-10 11:52:00+00:00,bench-05,2341,48.3,0,auto,-54.5,6609709,40,70,2026-09-10-s1
2026-09-10 11:52:10+00:00,bench-05,2337,48.6,0,auto,-54.5,6619704,40,70,2026-09-10-s1
2026-09-10 11:52:20+00:00,bench-05,2355,47.2,0,auto,-53.7,6629700,40,70,2026-09-10-s1
2026-09-10 11:52:30+00:00,bench-05,2377,46.8,0,auto,-54.2,6639698,40,70,2026-09-10-s1
2026-09-10 11:52:40+00:00,bench-05,2392,46.0,0,auto,-55.4,6649696,40,70,2026-09-10-s1
2026-09-10 11:52:50+00:00,bench-05,2423,45.4,0,auto,-53.5,6659695,40,70,2026-09-10-s1
2026-09-10 11:53:00+00:00,bench-05,2426,45.2,0,auto,-52.4,6669693,40,70,2026-09-10-s1
2026-09-10 11:53:10+00:00,bench-05,2414,44.6,0,auto,-55.0,6679691,40,70,2026-09-10-s1
2026-09-10 11:53:20+00:00,bench-05,2404,45.0,0,auto,-53.7,6689690,40,70,2026-09-10-s1
2026-09-10 11:53:30+00:00,bench-05,2448,44.1,0,auto,-54.6,6699691,40,70,2026-09-10-s1
2026-09-10 11:53:40+00:00,bench-05,2445,43.4,0,auto,-54.1,6709694,40,70,2026-09-10-s1
2026-09-10 11:53:50+00:00,bench-05,2457,42.8,0,auto,-54.8,6719691,40,70,2026-09-10-s1
2026-09-10 11:54:00+00:00,bench-05,2461,42.9,0,auto,-55.4,6729686,40,70,2026-09-10-s1
2026-09-10 11:54:10+00:00,bench-05,2463,42.2,0,auto,-57.2,6739690,40,70,2026-09-10-s1
2026-09-10 11:54:20+00:00,bench-05,2470,42.2,0,auto,-59.0,6749694,40,70,2026-09-10-s1
2026-09-10 11:54:30+00:00,bench-05,2497,41.1,0,auto,-59.4,6759697,40,70,2026-09-10-s1
2026-09-10 11:54:40+00:00,bench-05,2507,41.1,0,auto,-58.7,6769697,40,70,2026-09-10-s1
2026-09-10 11:54:50+00:00,bench-05,2526,40.6,0,auto,-58.9,6779692,40,70,2026-09-10-s1
2026-09-10 11:55:00+00:00,bench-05,2483,40.1,0,auto,-57.9,6789687,40,70,2026-09-10-s1
2026-09-10 11:55:10+00:00,bench-05,2515,40.1,0,auto,-59.3,6799688,40,70,2026-09-10-s1
2026-09-10 11:55:20+00:00,bench-05,2504,40.1,1,auto,-60.5,6809686,40,70,2026-09-10-s1
2026-09-10 11:55:30+00:00,bench-05,2524,40.5,1,auto,-59.2,6819687,40,70,2026-09-10-s1
2026-09-10 11:55:40+00:00,bench-05,2509,40.8,1,auto,-60.1,6829685,40,70,2026-09-10-s1
2026-09-10 11:55:50+00:00,bench-05,2447,41.9,1,auto,-61.6,6839680,40,70,2026-09-10-s1
2026-09-10 11:56:00+00:00,bench-05,2480,41.3,1,auto,-62.3,6849676,40,70,2026-09-10-s1
2026-09-10 11:56:10+00:00,bench-05,2458,42.0,1,auto,-60.8,6859678,40,70,2026-09-10-s1
2026-09-10 11:56:20+00:00,bench-05,2479,42.4,1,auto,-61.4,6869679,40,70,2026-09-10-s1
2026-09-10 11:56:30+00:00,bench-05,2471,42.4,1,auto,-61.4,6879681,40,70,2026-09-10-s1
2026-09-10 11:56:40+00:00,bench-05,2455,42.8,1,auto,-60.9,6889685,40,70,2026-09-10-s1
2026-09-10 11:56:50+00:00,bench-05,2472,43.0,1,auto,-61.4,6899681,40,70,2026-09-10-s1
2026-09-10 11:57:00+00:00,bench-05,2473,43.6,1,auto,-62.2,6909680,40,70,2026-09-10-s1
2026-09-10 11:57:10+00:00,bench-05,2452,43.5,1,auto,-64.0,6919684,40,70,2026-09-10-s1
2026-09-10 11:57:20+00:00,bench-05,2417,44.4,1,auto,-62.9,6929687,40,70,2026-09-10-s1
2026-09-10 11:57:30+00:00,bench-05,2427,44.1,1,auto,-64.6,6939688,40,70,2026-09-10-s1
2026-09-10 11:57:40+00:00,bench-05,2419,45.2,1,auto,-65.1,6949687,40,70,2026-09-10-s1
2026-09-10 11:57:50+00:00,bench-05,2416,44.5,1,auto,-64.6,6959688,40,70,2026-09-10-s1
2026-09-10 11:58:00+00:00,bench-05,2428,45.1,1,auto,-66.3,6969688,40,70,2026-09-10-s1
2026-09-10 11:58:10+00:00,bench-05,2368,45.6,1,auto,-67.7,6979683,40,70,2026-09-10-s1
2026-09-10 11:58:20+00:00,bench-05,2353,47.0,1,auto,-66.8,6989686,40,70,2026-09-10-s1
2026-09-10 11:58:30+00:00,bench-05,2366,47.4,1,auto,-66.0,6999689,40,70,2026-09-10-s1
2026-09-10 11:58:40+00:00,bench-05,2380,47.0,1,auto,-66.2,7009686,40,70,2026-09-10-s1
2026-09-10 11:58:50+00:00,bench-05,2390,46.1,1,auto,-69.3,7019689,40,70,2026-09-10-s1
2026-09-10 11:59:00+00:00,bench-05,2352,46.6,1,auto,-71.5,7029684,40,70,2026-09-10-s1
2026-09-10 11:59:10+00:00,bench-05,2356,47.6,1,auto,-72.1,7039681,40,70,2026-09-10-s1
2026-09-10 11:59:20+00:00,bench-05,2386,46.7,1,auto,-73.6,7049682,40,70,2026-09-10-s1
2026-09-10 11:59:30+00:00,bench-05,2357,48.0,1,auto,-74.6,7059682,40,70,2026-09-10-s1
2026-09-10 11:59:40+00:00,bench-05,2364,47.3,1,auto,-74.2,7069680,40,70,2026-09-10-s1
2026-09-10 11:59:50+00:00,bench-05,2367,47.7,1,auto,-73.4,7079680,40,70,2026-09-10-s1
2026-09-10 12:00:00+00:00,bench-05,2339,48.4,1,auto,-70.1,7089677,40,70,2026-09-10-s1
2026-09-10 12:00:10+00:00,bench-05,2324,48.9,1,auto,-69.4,7099679,40,70,2026-09-10-s1
2026-09-10 12:00:20+00:00,bench-05,2326,49.5,1,auto,-68.1,7109679,40,70,2026-09-10-s1
2026-09-10 12:00:30+00:00,bench-05,2304,49.6,1,auto,-69.1,7119674,40,70,2026-09-10-s1
2026-09-10 12:00:40+00:00,bench-05,2325,50.0,1,auto,-68.1,7129670,40,70,2026-09-10-s1
2026-09-10 12:00:50+00:00,bench-05,2320,49.7,1,auto,-69.6,7139673,40,70,2026-09-10-s1
2026-09-10 12:01:00+00:00,bench-05,2328,49.7,1,auto,-69.1,7149677,40,70,2026-09-10-s1
2026-09-10 12:01:10+00:00,bench-05,2296,50.2,1,auto,-67.1,7159675,40,70,2026-09-10-s1
2026-09-10 12:01:20+00:00,bench-05,2298,50.3,1,auto,-67.0,7169677,40,70,2026-09-10-s1
2026-09-10 12:01:30+00:00,bench-05,2290,50.9,1,auto,-66.8,7179680,40,70,2026-09-10-s1
2026-09-10 12:01:40+00:00,bench-05,2290,51.2,1,auto,-66.0,7189679,40,70,2026-09-10-s1
2026-09-10 12:01:50+00:00,bench-05,2269,51.5,1,auto,-66.0,7199679,40,70,2026-09-10-s1
2026-09-10 12:02:00+00:00,bench-05,2273,51.5,1,auto,-66.8,7209680,40,70,2026-09-10-s1
2026-09-10 12:02:10+00:00,bench-05,2269,51.6,1,auto,-66.5,7219684,40,70,2026-09-10-s1
2026-09-10 12:02:20+00:00,bench-05,2251,52.3,1,auto,-66.1,7229685,40,70,2026-09-10-s1
2026-09-10 12:02:30+00:00,bench-05,2271,52.2,1,auto,-65.4,7239683,40,70,2026-09-10-s1
2026-09-10 12:02:40+00:00,bench-05,2219,52.6,1,auto,-65.4,7249681,40,70,2026-09-10-s1
2026-09-10 12:02:50+00:00,bench-05,2235,53.6,1,auto,-66.4,7259681,40,70,2026-09-10-s1
2026-09-10 12:03:00+00:00,bench-05,2262,52.9,1,auto,-64.8,7269679,40,70,2026-09-10-s1
2026-09-10 12:03:10+00:00,bench-05,2243,52.7,1,auto,-65.3,7279681,40,70,2026-09-10-s1
2026-09-10 12:03:20+00:00,bench-05,2233,53.4,1,auto,-66.9,7289679,40,70,2026-09-10-s1
2026-09-10 12:03:30+00:00,bench-05,2255,53.3,1,auto,-68.1,7299679,40,70,2026-09-10-s1
2026-09-10 12:03:40+00:00,bench-05,2210,54.2,1,auto,-67.9,7309679,40,70,2026-09-10-s1
2026-09-10 12:03:50+00:00,bench-05,2246,52.5,1,auto,-69.1,7319676,40,70,2026-09-10-s1
2026-09-10 12:04:00+00:00,bench-05,2236,54.2,1,auto,-68.2,7329680,40,70,2026-09-10-s1
2026-09-10 12:04:10+00:00,bench-05,2193,54.2,1,auto,-65.9,7339676,40,70,2026-09-10-s1
2026-09-10 12:04:20+00:00,bench-05,2223,54.7,1,auto,-66.9,7349680,40,70,2026-09-10-s1
2026-09-10 12:04:30+00:00,bench-05,2217,54.7,1,auto,-67.0,7359677,40,70,2026-09-10-s1
2026-09-10 12:04:40+00:00,bench-05,2176,54.9,1,auto,-65.5,7369672,40,70,2026-09-10-s1
2026-09-10 12:04:50+00:00,bench-05,2194,54.7,1,auto,-65.2,7379670,40,70,2026-09-10-s1
2026-09-10 12:05:00+00:00,bench-05,2206,55.1,1,auto,-65.4,7389666,40,70,2026-09-10-s1
2026-09-10 12:05:10+00:00,bench-05,2216,54.8,1,auto,-65.4,7399670,40,70,2026-09-10-s1
2026-09-10 12:05:20+00:00,bench-05,2188,55.6,1,auto,-66.4,7409666,40,70,2026-09-10-s1
2026-09-10 12:05:30+00:00,bench-05,2204,55.1,1,auto,-68.5,7419664,40,70,2026-09-10-s1
2026-09-10 12:05:40+00:00,bench-05,2174,56.0,1,auto,-65.5,7429663,40,70,2026-09-10-s1
2026-09-10 12:05:50+00:00,bench-05,2186,56.0,1,auto,-67.0,7439667,40,70,2026-09-10-s1
2026-09-10 12:06:00+00:00,bench-05,2153,56.4,1,auto,-64.7,7449670,40,70,2026-09-10-s1
2026-09-10 12:06:10+00:00,bench-05,2186,56.6,1,auto,-63.7,7459666,40,70,2026-09-10-s1
2026-09-10 12:06:20+00:00,bench-05,2174,56.6,1,auto,-63.4,7469664,40,70,2026-09-10-s1
2026-09-10 12:06:30+00:00,bench-05,2175,56.5,1,auto,-62.4,7479662,40,70,2026-09-10-s1
2026-09-10 12:06:40+00:00,bench-05,2163,57.2,1,auto,-63.3,7489666,40,70,2026-09-10-s1
2026-09-10 12:06:50+00:00,bench-05,2183,56.7,1,auto,-64.0,7499664,40,70,2026-09-10-s1
2026-09-10 12:07:00+00:00,bench-05,2180,56.9,1,auto,-63.1,7509663,40,70,2026-09-10-s1
2026-09-10 12:07:10+00:00,bench-05,2149,57.1,1,auto,-63.7,7519661,40,70,2026-09-10-s1
2026-09-10 12:07:20+00:00,bench-05,2134,57.9,1,auto,-64.8,7529665,40,70,2026-09-10-s1
2026-09-10 12:07:30+00:00,bench-05,2165,57.2,1,auto,-67.1,7539667,40,70,2026-09-10-s1
2026-09-10 12:07:40+00:00,bench-05,2160,57.9,1,auto,-67.5,7549667,40,70,2026-09-10-s1
2026-09-10 12:07:50+00:00,bench-05,2142,58.0,1,auto,-65.4,7559667,40,70,2026-09-10-s1
2026-09-10 12:08:00+00:00,bench-05,2102,58.4,1,auto,-66.3,7569665,40,70,2026-09-10-s1
2026-09-10 12:08:10+00:00,bench-05,2143,59.0,1,auto,-68.8,7579669,40,70,2026-09-10-s1
2026-09-10 12:08:20+00:00,bench-05,2125,59.2,1,auto,-69.5,7589667,40,70,2026-09-10-s1
2026-09-10 12:08:30+00:00,bench-05,2113,58.6,1,auto,-69.1,7599668,40,70,2026-09-10-s1
2026-09-10 12:08:40+00:00,bench-05,2134,58.6,1,auto,-68.4,7609663,40,70,2026-09-10-s1
2026-09-10 12:08:50+00:00,bench-05,2126,58.7,1,auto,-69.0,7619663,40,70,2026-09-10-s1
2026-09-10 12:09:00+00:00,bench-05,2092,59.7,1,auto,-69.4,7629658,40,70,2026-09-10-s1
2026-09-10 12:09:10+00:00,bench-05,2129,59.4,1,auto,-70.0,7639661,40,70,2026-09-10-s1
2026-09-10 12:09:20+00:00,bench-05,2140,58.6,1,auto,-69.3,7649658,40,70,2026-09-10-s1
2026-09-10 12:09:30+00:00,bench-05,2116,59.2,1,auto,-69.8,7659660,40,70,2026-09-10-s1
2026-09-10 12:09:40+00:00,bench-05,2072,60.5,1,auto,-68.3,7669656,40,70,2026-09-10-s1
2026-09-10 12:09:50+00:00,bench-05,2100,59.9,1,auto,-65.7,7679660,40,70,2026-09-10-s1
2026-09-10 12:10:00+00:00,bench-05,2113,60.2,1,auto,-64.8,7689655,40,70,2026-09-10-s1
2026-09-10 12:10:10+00:00,bench-05,2068,60.1,1,auto,-65.4,7699659,40,70,2026-09-10-s1
2026-09-10 12:10:20+00:00,bench-05,2088,60.7,1,auto,-64.7,7709660,40,70,2026-09-10-s1
2026-09-10 12:10:30+00:00,bench-05,2087,60.9,1,auto,-64.8,7719657,40,70,2026-09-10-s1
2026-09-10 12:10:40+00:00,bench-05,2083,60.9,1,auto,-65.2,7729653,40,70,2026-09-10-s1
2026-09-10 12:10:50+00:00,bench-05,2109,60.6,1,auto,-64.5,7739654,40,70,2026-09-10-s1
2026-09-10 12:11:00+00:00,bench-05,2063,61.9,1,auto,-64.6,7749656,40,70,2026-09-10-s1
2026-09-10 12:11:10+00:00,bench-05,2082,60.6,1,auto,-64.0,7759652,40,70,2026-09-10-s1
2026-09-10 12:11:20+00:00,bench-05,2076,60.7,1,auto,-64.6,7769653,40,70,2026-09-10-s1
2026-09-10 12:11:30+00:00,bench-05,2064,61.2,1,auto,-62.6,7779657,40,70,2026-09-10-s1
2026-09-10 12:11:40+00:00,bench-05,2105,60.9,1,auto,-63.3,7789659,40,70,2026-09-10-s1
2026-09-10 12:11:50+00:00,bench-05,2080,61.2,1,auto,-63.5,7799659,40,70,2026-09-10-s1
2026-09-10 12:12:00+00:00,bench-05,2067,61.5,1,auto,-65.0,7809660,40,70,2026-09-10-s1
2026-09-10 12:12:10+00:00,bench-05,2050,62.0,1,auto,-64.9,7819655,40,70,2026-09-10-s1
2026-09-10 12:12:20+00:00,bench-05,2057,62.2,1,auto,-64.8,7829655,40,70,2026-09-10-s1
2026-09-10 12:12:30+00:00,bench-05,2052,62.2,1,auto,-66.0,7839655,40,70,2026-09-10-s1
2026-09-10 12:12:40+00:00,bench-05,2058,62.1,1,auto,-66.3,7849659,40,70,2026-09-10-s1
2026-09-10 12:12:50+00:00,bench-05,2065,61.3,1,auto,-64.1,7859658,40,70,2026-09-10-s1
2026-09-10 12:13:00+00:00,bench-05,2054,62.2,1,auto,-62.6,7869653,40,70,2026-09-10-s1
2026-09-10 12:13:10+00:00,bench-05,2051,62.7,1,auto,-62.8,7879648,40,70,2026-09-10-s1
2026-09-10 12:13:20+00:00,bench-05,2044,62.8,1,auto,-62.0,7889648,40,70,2026-09-10-s1
2026-09-10 12:13:30+00:00,bench-05,2082,61.7,1,auto,-60.8,7899648,40,70,2026-09-10-s1
2026-09-10 12:13:40+00:00,bench-05,2037,62.6,1,auto,-60.5,7909644,40,70,2026-09-10-s1
2026-09-10 12:13:50+00:00,bench-05,2043,63.0,1,auto,-59.1,7919644,40,70,2026-09-10-s1
2026-09-10 12:14:00+00:00,bench-05,2043,62.3,1,auto,-58.3,7929641,40,70,2026-09-10-s1
2026-09-10 12:14:10+00:00,bench-05,2054,63.1,1,auto,-58.1,7939636,40,70,2026-09-10-s1
2026-09-10 12:14:20+00:00,bench-05,2044,62.8,1,auto,-57.3,7949635,40,70,2026-09-10-s1
2026-09-10 12:14:30+00:00,bench-05,2079,62.6,1,auto,-58.8,7959630,40,70,2026-09-10-s1
2026-09-10 12:14:40+00:00,bench-05,2040,62.9,1,auto,-58.3,7969634,40,70,2026-09-10-s1
2026-09-10 12:14:50+00:00,bench-05,2036,63.0,1,auto,-59.2,7979630,40,70,2026-09-10-s1
2026-09-10 12:15:00+00:00,bench-05,2051,62.6,1,auto,-60.9,7989629,40,70,2026-09-10-s1
2026-09-10 12:15:10+00:00,bench-05,2005,63.9,1,auto,-63.5,7999627,40,70,2026-09-10-s1
2026-09-10 12:15:20+00:00,bench-05,2044,62.6,1,auto,-64.9,8009631,40,70,2026-09-10-s1
2026-09-10 12:15:30+00:00,bench-05,2043,62.9,1,auto,-66.2,8019626,40,70,2026-09-10-s1
2026-09-10 12:15:40+00:00,bench-05,2034,63.1,1,auto,-65.3,8029627,40,70,2026-09-10-s1
2026-09-10 12:15:50+00:00,bench-05,1992,64.0,1,auto,-64.1,8039631,40,70,2026-09-10-s1
2026-09-10 12:16:00+00:00,bench-05,2038,63.8,1,auto,-63.8,8049629,40,70,2026-09-10-s1
2026-09-10 12:16:10+00:00,bench-05,2023,63.9,1,auto,-64.7,8059625,40,70,2026-09-10-s1
2026-09-10 12:16:20+00:00,bench-05,2025,63.8,1,auto,-63.8,8069621,40,70,2026-09-10-s1
2026-09-10 12:16:30+00:00,bench-05,2028,63.1,1,auto,-66.3,8079620,40,70,2026-09-10-s1
2026-09-10 12:16:40+00:00,bench-05,2036,63.5,1,auto,-65.7,8089621,40,70,2026-09-10-s1
2026-09-10 12:16:50+00:00,bench-05,2017,64.4,1,auto,-66.5,8099617,40,70,2026-09-10-s1
2026-09-11 14:20:00+00:00,bench-05,2544,39.3,1,auto,-50.8,9997,40,70,2026-09-11-s1
2026-09-11 14:20:10+00:00,bench-05,2528,39.3,1,auto,-50.3,19993,40,70,2026-09-11-s1
2026-09-11 14:20:20+00:00,bench-05,2500,39.9,1,auto,-50.3,29992,40,70,2026-09-11-s1
2026-09-11 14:20:30+00:00,bench-05,2491,40.6,1,auto,-48.7,39992,40,70,2026-09-11-s1
2026-09-11 14:20:40+00:00,bench-05,2499,40.8,1,auto,-49.2,49989,40,70,2026-09-11-s1
2026-09-11 14:20:50+00:00,bench-05,2485,41.1,1,auto,-50.5,59984,40,70,2026-09-11-s1
2026-09-11 14:21:00+00:00,bench-05,2513,40.7,1,auto,-50.6,69987,40,70,2026-09-11-s1
2026-09-11 14:21:10+00:00,bench-05,2472,41.3,1,auto,-50.3,79985,40,70,2026-09-11-s1
2026-09-11 14:21:20+00:00,bench-05,2485,41.9,1,auto,-49.0,89987,40,70,2026-09-11-s1
2026-09-11 14:21:30+00:00,bench-05,2460,42.8,1,auto,-47.3,99988,40,70,2026-09-11-s1
2026-09-11 14:21:40+00:00,bench-05,2441,42.5,1,auto,-47.5,109986,40,70,2026-09-11-s1
2026-09-11 14:21:50+00:00,bench-05,2433,43.9,1,auto,-47.5,119984,40,70,2026-09-11-s1
2026-09-11 14:22:00+00:00,bench-05,2452,43.7,1,auto,-47.3,129984,40,70,2026-09-11-s1
2026-09-11 14:22:10+00:00,bench-05,2413,44.2,1,auto,-48.7,139984,40,70,2026-09-11-s1
2026-09-11 14:22:20+00:00,bench-05,2437,44.0,1,auto,-48.9,149983,40,70,2026-09-11-s1
2026-09-11 14:22:30+00:00,bench-05,2418,44.4,1,auto,-47.4,159979,40,70,2026-09-11-s1
2026-09-11 14:22:40+00:00,bench-05,2399,45.1,1,auto,-46.3,169980,40,70,2026-09-11-s1
2026-09-11 14:22:50+00:00,bench-05,2397,45.5,1,auto,-45.6,179981,40,70,2026-09-11-s1
2026-09-11 14:23:00+00:00,bench-05,2386,45.9,1,auto,-45.2,189981,40,70,2026-09-11-s1
2026-09-11 14:23:10+00:00,bench-05,2383,46.3,1,auto,-45.4,199977,40,70,2026-09-11-s1
2026-09-11 14:23:20+00:00,bench-05,2365,46.8,1,auto,-47.2,209975,40,70,2026-09-11-s1
2026-09-11 14:23:30+00:00,bench-05,2393,46.2,1,auto,-47.0,219979,40,70,2026-09-11-s1
2026-09-11 14:23:40+00:00,bench-05,2399,46.1,1,auto,-48.1,229983,40,70,2026-09-11-s1
2026-09-11 14:23:50+00:00,bench-05,2361,47.2,1,auto,-49.0,239984,40,70,2026-09-11-s1
2026-09-11 14:24:00+00:00,bench-05,2352,48.0,1,auto,-48.6,249979,40,70,2026-09-11-s1
2026-09-11 14:24:10+00:00,bench-05,2353,48.3,1,auto,-48.5,259981,40,70,2026-09-11-s1
2026-09-11 14:24:20+00:00,bench-05,2331,48.6,1,auto,-47.0,269979,40,70,2026-09-11-s1
2026-09-11 14:24:30+00:00,bench-05,2338,49.2,1,auto,-47.7,279977,40,70,2026-09-11-s1
2026-09-11 14:24:40+00:00,bench-05,2333,49.0,1,auto,-46.8,289973,40,70,2026-09-11-s1
2026-09-11 14:24:50+00:00,bench-05,2334,49.5,1,auto,-45.2,299969,40,70,2026-09-11-s1
2026-09-11 14:25:00+00:00,bench-05,2324,49.3,1,auto,-45.6,309970,40,70,2026-09-11-s1
2026-09-11 14:25:10+00:00,bench-05,2323,49.2,1,auto,-43.9,319972,40,70,2026-09-11-s1
2026-09-11 14:25:20+00:00,bench-05,2304,50.2,1,auto,-41.7,329968,40,70,2026-09-11-s1
2026-09-11 14:25:30+00:00,bench-05,2320,49.6,1,auto,-41.0,339964,40,70,2026-09-11-s1
2026-09-11 14:25:40+00:00,bench-05,2291,50.3,1,auto,-40.5,349961,40,70,2026-09-11-s1
2026-09-11 14:25:50+00:00,bench-05,2280,51.3,1,auto,-39.4,359965,40,70,2026-09-11-s1
2026-09-11 14:26:00+00:00,bench-05,2289,51.2,1,auto,-39.1,369961,40,70,2026-09-11-s1
2026-09-11 14:26:10+00:00,bench-05,2264,51.6,1,auto,-39.1,379962,40,70,2026-09-11-s1
2026-09-11 14:26:20+00:00,bench-05,2261,51.7,1,auto,-39.4,389961,40,70,2026-09-11-s1
2026-09-11 14:26:30+00:00,bench-05,2265,51.5,1,auto,-40.2,399961,40,70,2026-09-11-s1
2026-09-11 14:26:40+00:00,bench-05,2269,52.0,1,auto,-40.4,409960,40,70,2026-09-11-s1
2026-09-11 14:26:50+00:00,bench-05,2270,52.0,1,auto,-40.8,419964,40,70,2026-09-11-s1
2026-09-11 14:27:00+00:00,bench-05,2252,52.5,1,auto,-41.1,429967,40,70,2026-09-11-s1
2026-09-11 14:27:10+00:00,bench-05,2260,52.5,1,auto,-40.4,439967,40,70,2026-09-11-s1
2026-09-11 14:27:20+00:00,bench-05,2243,53.8,1,auto,-41.9,449971,40,70,2026-09-11-s1
2026-09-11 14:27:30+00:00,bench-05,2261,52.2,1,auto,-43.7,459973,40,70,2026-09-11-s1
2026-09-11 14:27:40+00:00,bench-05,2230,54.1,1,auto,-45.3,469975,40,70,2026-09-11-s1
2026-09-11 14:27:50+00:00,bench-05,2236,53.1,1,auto,-47.7,479972,40,70,2026-09-11-s1
2026-09-11 14:28:00+00:00,bench-05,2233,54.0,1,auto,-48.1,489967,40,70,2026-09-11-s1
2026-09-11 14:28:10+00:00,bench-05,2187,54.4,1,auto,-50.0,499970,40,70,2026-09-11-s1
2026-09-11 14:28:20+00:00,bench-05,2234,54.2,1,auto,-48.2,509971,40,70,2026-09-11-s1
2026-09-11 14:28:30+00:00,bench-05,2195,54.8,1,auto,-47.8,519969,40,70,2026-09-11-s1
2026-09-11 14:28:40+00:00,bench-05,2183,55.1,1,auto,-50.4,529972,40,70,2026-09-11-s1
2026-09-11 14:28:50+00:00,bench-05,2205,55.0,1,auto,-51.3,539970,40,70,2026-09-11-s1
2026-09-11 14:29:00+00:00,bench-05,2207,55.0,1,auto,-52.3,549971,40,70,2026-09-11-s1
2026-09-11 14:29:10+00:00,bench-05,2210,55.0,1,auto,-53.5,559974,40,70,2026-09-11-s1
2026-09-11 14:29:20+00:00,bench-05,2194,55.9,1,auto,-51.4,569972,40,70,2026-09-11-s1
2026-09-11 14:29:30+00:00,bench-05,2189,55.8,1,auto,-51.9,579970,40,70,2026-09-11-s1
2026-09-11 14:29:40+00:00,bench-05,2166,56.6,1,auto,-52.4,589967,40,70,2026-09-11-s1
2026-09-11 14:29:50+00:00,bench-05,2199,55.6,1,auto,-53.6,599970,40,70,2026-09-11-s1
2026-09-11 14:30:00+00:00,bench-05,2184,56.0,1,auto,-54.4,609972,40,70,2026-09-11-s1
2026-09-11 14:30:10+00:00,bench-05,2150,56.9,1,auto,-54.6,619976,40,70,2026-09-11-s1
2026-09-11 14:30:20+00:00,bench-05,2154,57.8,1,auto,-53.3,629971,40,70,2026-09-11-s1
2026-09-11 14:30:30+00:00,bench-05,2180,57.4,1,auto,-52.5,639968,40,70,2026-09-11-s1
2026-09-11 14:30:40+00:00,bench-05,2152,57.3,1,auto,-51.7,649966,40,70,2026-09-11-s1
2026-09-11 14:30:50+00:00,bench-05,2135,57.7,1,auto,-53.0,659963,40,70,2026-09-11-s1
2026-09-11 14:31:00+00:00,bench-05,2145,57.2,1,auto,-52.2,669964,40,70,2026-09-11-s1
2026-09-11 14:31:10+00:00,bench-05,2135,58.4,1,auto,-52.9,679967,40,70,2026-09-11-s1
2026-09-11 14:31:20+00:00,bench-05,2132,58.5,1,auto,-52.8,689970,40,70,2026-09-11-s1
2026-09-11 14:31:30+00:00,bench-05,2157,58.0,1,auto,-49.9,699966,40,70,2026-09-11-s1
2026-09-11 14:31:40+00:00,bench-05,2142,58.8,1,auto,-50.3,709963,40,70,2026-09-11-s1
2026-09-11 14:31:50+00:00,bench-05,2114,59.3,1,auto,-51.4,719962,40,70,2026-09-11-s1
2026-09-11 14:32:00+00:00,bench-05,2122,59.2,1,auto,-52.5,729961,40,70,2026-09-11-s1
2026-09-11 14:32:10+00:00,bench-05,2136,58.5,1,auto,-53.5,739963,40,70,2026-09-11-s1
2026-09-11 14:32:20+00:00,bench-05,2112,59.4,1,auto,-51.6,749961,40,70,2026-09-11-s1
2026-09-11 14:32:30+00:00,bench-05,2114,59.3,1,manual,-52.6,759965,40,70,2026-09-11-s1
2026-09-11 14:32:40+00:00,bench-05,2101,60.1,1,manual,-51.8,769964,40,70,2026-09-11-s1
2026-09-11 14:32:50+00:00,bench-05,2124,59.1,1,manual,-50.2,779966,40,70,2026-09-11-s1
2026-09-11 14:33:00+00:00,bench-05,2143,59.4,1,manual,-50.8,789963,40,70,2026-09-11-s1
2026-09-11 14:33:10+00:00,bench-05,2100,59.8,1,manual,-49.9,799958,40,70,2026-09-11-s1
2026-09-11 14:33:20+00:00,bench-05,2090,60.0,1,manual,-48.1,809954,40,70,2026-09-11-s1
2026-09-11 14:33:30+00:00,bench-05,2080,60.4,1,manual,-47.2,819955,40,70,2026-09-11-s1
2026-09-11 14:33:40+00:00,bench-05,2095,60.8,1,manual,-47.8,829953,40,70,2026-09-11-s1
2026-09-11 14:33:50+00:00,bench-05,2083,60.8,1,manual,-48.7,839951,40,70,2026-09-11-s1
2026-09-11 14:34:00+00:00,bench-05,2092,60.8,1,manual,-48.0,849952,40,70,2026-09-11-s1
2026-09-11 14:34:10+00:00,bench-05,2078,61.5,1,manual,-49.8,859949,40,70,2026-09-11-s1
2026-09-11 14:34:20+00:00,bench-05,2054,61.8,1,manual,-48.0,869947,40,70,2026-09-11-s1
2026-09-11 14:34:30+00:00,bench-05,2072,61.1,1,manual,-46.6,879943,40,70,2026-09-11-s1
2026-09-11 14:34:40+00:00,bench-05,2048,62.0,1,manual,-45.9,889945,40,70,2026-09-11-s1
2026-09-11 14:34:50+00:00,bench-05,2055,61.8,1,manual,-46.2,899947,40,70,2026-09-11-s1
2026-09-11 14:35:00+00:00,bench-05,2056,61.9,1,manual,-45.9,909946,40,70,2026-09-11-s1
2026-09-11 14:35:10+00:00,bench-05,2084,61.5,1,manual,-45.7,919949,40,70,2026-09-11-s1
2026-09-11 14:35:20+00:00,bench-05,2065,61.2,0,manual,-45.2,929951,40,70,2026-09-11-s1
2026-09-11 14:35:30+00:00,bench-05,2103,60.6,0,manual,-45.6,939953,40,70,2026-09-11-s1
2026-09-11 14:35:40+00:00,bench-05,2101,60.4,0,manual,-45.4,949950,40,70,2026-09-11-s1
2026-09-11 14:35:50+00:00,bench-05,2101,59.5,0,manual,-42.9,959946,40,70,2026-09-11-s1
2026-09-11 14:36:00+00:00,bench-05,2123,58.3,0,manual,-42.2,969948,40,70,2026-09-11-s1
2026-09-11 14:36:10+00:00,bench-05,2124,59.2,1,manual,-41.4,979952,40,70,2026-09-11-s1
2026-09-11 14:36:20+00:00,bench-05,2119,59.1,1,manual,-41.1,989952,40,70,2026-09-11-s1
2026-09-11 14:36:30+00:00,bench-05,2105,59.5,1,manual,-39.9,999949,40,70,2026-09-11-s1
2026-09-11 14:36:40+00:00,bench-05,2100,59.1,0,manual,-37.7,1009948,40,70,2026-09-11-s1
2026-09-11 14:36:50+00:00,bench-05,2128,58.9,1,manual,-39.2,1019946,40,70,2026-09-11-s1
2026-09-11 14:37:00+00:00,bench-05,2111,59.2,1,manual,-40.1,1029946,40,70,2026-09-11-s1
2026-09-11 14:37:10+00:00,bench-05,2089,59.9,1,manual,-40.3,1039949,40,70,2026-09-11-s1
2026-09-11 14:37:20+00:00,bench-05,2103,60.5,1,manual,-41.4,1049945,40,70,2026-09-11-s1
2026-09-11 14:37:30+00:00,bench-05,2130,59.6,1,manual,-40.9,1059946,40,70,2026-09-11-s1
2026-09-11 14:37:40+00:00,bench-05,2090,61.0,1,manual,-39.4,1069946,40,70,2026-09-11-s1
2026-09-11 14:37:50+00:00,bench-05,2114,59.5,1,manual,-40.1,1079942,40,70,2026-09-11-s1
2026-09-11 14:38:00+00:00,bench-05,2090,60.4,1,manual,-42.4,1089945,40,70,2026-09-11-s1
2026-09-11 14:38:10+00:00,bench-05,2070,61.2,1,manual,-44.0,1099945,40,70,2026-09-11-s1
2026-09-11 14:38:20+00:00,bench-05,2088,60.9,1,manual,-42.4,1109942,40,70,2026-09-11-s1
2026-09-11 14:38:30+00:00,bench-05,2077,60.7,1,manual,-43.8,1119945,40,70,2026-09-11-s1
2026-09-11 14:38:40+00:00,bench-05,2081,61.6,1,manual,-43.1,1129944,40,70,2026-09-11-s1
2026-09-11 14:38:50+00:00,bench-05,2085,61.5,1,manual,-40.4,1139939,40,70,2026-09-11-s1
2026-09-11 14:39:00+00:00,bench-05,2084,61.3,1,manual,-42.5,1149943,40,70,2026-09-11-s1
2026-09-11 14:39:10+00:00,bench-05,2071,61.1,1,manual,-42.0,1159945,40,70,2026-09-11-s1
2026-09-11 14:39:20+00:00,bench-05,2094,61.1,1,auto,-44.3,1169944,40,70,2026-09-11-s1
2026-09-11 14:39:30+00:00,bench-05,2074,61.2,1,auto,-45.5,1179947,40,70,2026-09-11-s1
2026-09-11 14:39:40+00:00,bench-05,2077,61.9,1,auto,-44.5,1189947,40,70,2026-09-11-s1
2026-09-11 14:39:50+00:00,bench-05,2059,61.7,1,auto,-44.5,1199942,40,70,2026-09-11-s1
2026-09-11 14:40:00+00:00,bench-05,2069,62.1,1,auto,-44.4,1209942,40,70,2026-09-11-s1
2026-09-11 14:40:10+00:00,bench-05,2073,62.3,1,auto,-48.0,1219945,40,70,2026-09-11-s1
2026-09-11 14:40:20+00:00,bench-05,2071,61.9,1,auto,-48.9,1229941,40,70,2026-09-11-s1
2026-09-11 14:40:30+00:00,bench-05,2048,62.9,1,auto,-48.1,1239936,40,70,2026-09-11-s1
2026-09-11 14:40:40+00:00,bench-05,2076,61.9,1,auto,-47.7,1249932,40,70,2026-09-11-s1
2026-09-11 14:40:50+00:00,bench-05,2019,63.7,1,auto,-49.3,1259927,40,70,2026-09-11-s1
2026-09-11 14:41:00+00:00,bench-05,2040,63.2,1,auto,-50.5,1269926,40,70,2026-09-11-s1
2026-09-11 14:41:10+00:00,bench-05,0,120.0,1,auto,-48.0,1279921,40,70,2026-09-11-s1
2026-09-11 14:41:20+00:00,bench-05,2030,63.3,1,auto,-47.0,1289921,40,70,2026-09-11-s1
2026-09-11 14:41:30+00:00,bench-05,2029,63.1,1,auto,-45.6,1299916,40,70,2026-09-11-s1
2026-09-11 14:41:40+00:00,bench-05,2013,63.3,1,auto,-45.9,1309919,40,70,2026-09-11-s1
2026-09-11 14:41:50+00:00,bench-05,1994,64.5,1,auto,-46.2,1319921,40,70,2026-09-11-s1
2026-09-11 14:42:00+00:00,bench-05,2017,64.7,1,auto,-46.0,1329924,40,70,2026-09-11-s1
2026-09-11 14:42:10+00:00,bench-05,2018,63.9,1,auto,-44.2,1339928,40,70,2026-09-11-s1
2026-09-11 14:42:20+00:00,bench-05,1992,64.2,1,auto,-45.7,1349931,40,70,2026-09-11-s1
2026-09-11 14:42:30+00:00,bench-05,1987,65.2,1,auto,-45.9,1359933,40,70,2026-09-11-s1
2026-09-11 14:42:40+00:00,bench-05,2000,63.9,1,auto,-48.4,1369937,40,70,2026-09-11-s1
2026-09-11 14:42:50+00:00,bench-05,1994,64.7,1,auto,-48.6,1379941,40,70,2026-09-11-s1
2026-09-11 14:43:00+00:00,bench-05,1992,65.1,1,auto,-47.5,1389940,40,70,2026-09-11-s1
2026-09-11 14:43:10+00:00,bench-05,1997,65.1,1,auto,-46.7,1399940,40,70,2026-09-11-s1
2026-09-11 14:43:20+00:00,bench-05,1986,65.6,1,auto,-47.6,1409937,40,70,2026-09-11-s1
2026-09-11 14:43:30+00:00,bench-05,2004,64.2,1,auto,-51.0,1419933,40,70,2026-09-11-s1
2026-09-11 14:43:40+00:00,bench-05,1983,65.1,1,auto,-50.6,1429929,40,70,2026-09-11-s1
2026-09-11 14:43:50+00:00,bench-05,1982,65.9,1,auto,-50.9,1439929,40,70,2026-09-11-s1
2026-09-11 14:44:00+00:00,bench-05,1990,65.7,1,auto,-52.6,1449927,40,70,2026-09-11-s1
2026-09-11 14:44:10+00:00,bench-05,1961,66.7,1,auto,-52.3,1459922,40,70,2026-09-11-s1
2026-09-11 14:44:20+00:00,bench-05,1981,65.6,1,auto,-53.2,1469925,40,70,2026-09-11-s1
2026-09-11 14:44:30+00:00,bench-05,1944,66.2,1,auto,-51.4,1479926,40,70,2026-09-11-s1
2026-09-11 14:44:40+00:00,bench-05,1971,66.7,1,auto,-51.0,1489924,40,70,2026-09-11-s1
2026-09-11 14:44:50+00:00,bench-05,1980,66.3,1,auto,-51.2,1499923,40,70,2026-09-11-s1
2026-09-11 14:45:00+00:00,bench-05,1972,66.2,1,auto,-49.6,1509923,40,70,2026-09-11-s1
2026-09-11 14:45:10+00:00,bench-05,1954,66.0,1,auto,-49.3,1519920,40,70,2026-09-11-s1
2026-09-11 14:45:20+00:00,bench-05,1949,66.4,1,auto,-49.5,1529915,40,70,2026-09-11-s1
2026-09-11 14:45:30+00:00,bench-05,1969,66.4,1,auto,-50.2,1539912,40,70,2026-09-11-s1
2026-09-11 14:45:40+00:00,bench-05,1934,67.6,1,auto,-51.5,1549909,40,70,2026-09-11-s1
2026-09-11 14:45:50+00:00,bench-05,1961,66.7,1,auto,-50.1,1559911,40,70,2026-09-11-s1
2026-09-11 14:46:00+00:00,bench-05,1940,67.3,1,auto,-50.7,1569907,40,70,2026-09-11-s1
2026-09-11 14:46:10+00:00,bench-05,1981,67.1,1,auto,-52.1,1579910,40,70,2026-09-11-s1
2026-09-11 14:46:20+00:00,bench-05,1928,68.0,1,auto,-54.0,1589905,40,70,2026-09-11-s1
2026-09-11 14:46:30+00:00,bench-05,1949,67.3,1,auto,-56.9,1599903,40,70,2026-09-11-s1
2026-09-11 14:46:40+00:00,bench-05,1957,67.7,1,auto,-56.8,1609898,40,70,2026-09-11-s1
2026-09-11 14:46:50+00:00,bench-05,1923,67.8,1,auto,-57.4,1619902,40,70,2026-09-11-s1
2026-09-11 14:47:00+00:00,bench-05,1932,68.0,1,auto,-58.9,1629902,40,70,2026-09-11-s1
2026-09-11 14:47:10+00:00,bench-05,1946,67.6,1,auto,-58.6,1639903,40,70,2026-09-11-s1
2026-09-11 14:47:20+00:00,bench-05,1922,67.7,1,auto,-58.5,1649898,40,70,2026-09-11-s1
2026-09-11 14:47:30+00:00,bench-05,1930,68.0,1,auto,-58.7,1659900,40,70,2026-09-11-s1
2026-09-11 14:47:40+00:00,bench-05,1944,67.4,1,auto,-57.5,1669897,40,70,2026-09-11-s1
2026-09-11 14:47:50+00:00,bench-05,1941,68.5,1,auto,-58.8,1679892,40,70,2026-09-11-s1
2026-09-11 14:48:00+00:00,bench-05,1916,68.0,1,auto,-60.2,1689887,40,70,2026-09-11-s1
2026-09-11 14:48:10+00:00,bench-05,1957,67.8,1,auto,-58.9,1699883,40,70,2026-09-11-s1
2026-09-11 14:48:20+00:00,bench-05,1944,68.5,1,auto,-58.5,1709879,40,70,2026-09-11-s1
2026-09-11 14:48:30+00:00,bench-05,1936,68.7,1,auto,-57.6,1719877,40,70,2026-09-11-s1
2026-09-11 14:48:40+00:00,bench-05,1923,68.5,1,auto,-55.8,1729878,40,70,2026-09-11-s1
2026-09-11 14:48:50+00:00,bench-05,1905,68.9,1,auto,-56.2,1739879,40,70,2026-09-11-s1
2026-09-11 14:49:00+00:00,bench-05,1914,68.0,1,auto,-56.0,1749881,40,70,2026-09-11-s1
2026-09-11 14:49:10+00:00,bench-05,1917,69.2,1,auto,-56.4,1759882,40,70,2026-09-11-s1
2026-09-11 14:49:20+00:00,bench-05,1916,68.8,1,auto,-56.2,1769884,40,70,2026-09-11-s1
2026-09-11 14:49:30+00:00,bench-05,1926,68.6,1,auto,-56.4,1779879,40,70,2026-09-11-s1
2026-09-11 14:49:40+00:00,bench-05,1908,69.1,1,auto,-56.0,1789875,40,70,2026-09-11-s1
2026-09-11 14:49:50+00:00,bench-05,1898,69.0,1,auto,-53.9,1799873,40,70,2026-09-11-s1
2026-09-11 14:50:00+00:00,bench-05,1929,69.2,1,auto,-54.3,1809876,40,70,2026-09-11-s1
2026-09-11 14:50:10+00:00,bench-05,1922,68.5,1,auto,-52.3,1819875,40,70,2026-09-11-s1
2026-09-11 14:50:20+00:00,bench-05,1896,69.0,1,auto,-51.9,1829870,40,70,2026-09-11-s1
2026-09-11 14:50:30+00:00,bench-05,1894,69.1,1,auto,-51.8,1839872,40,70,2026-09-11-s1
2026-09-11 14:50:40+00:00,bench-05,1920,69.0,1,auto,-51.9,1849876,40,70,2026-09-11-s1
2026-09-11 14:50:50+00:00,bench-05,1895,69.4,1,auto,-52.1,1859877,40,70,2026-09-11-s1
2026-09-11 14:51:00+00:00,bench-05,1901,69.7,1,auto,-51.5,1869873,40,70,2026-09-11-s1
2026-09-11 14:51:10+00:00,bench-05,1899,69.9,1,auto,-51.1,1879875,40,70,2026-09-11-s1
2026-09-11 14:51:20+00:00,bench-05,1905,69.6,1,auto,-53.4,1889877,40,70,2026-09-11-s1
2026-09-11 14:51:30+00:00,bench-05,1908,69.7,1,auto,-54.2,1899879,40,70,2026-09-11-s1
2026-09-11 14:51:40+00:00,bench-05,1892,69.8,1,auto,-54.2,1909878,40,70,2026-09-11-s1
2026-09-11 14:51:50+00:00,bench-05,1886,69.5,1,auto,-54.7,1919877,40,70,2026-09-11-s1
2026-09-11 14:52:00+00:00,bench-05,1892,70.1,1,auto,-53.3,1929876,40,70,2026-09-11-s1
2026-09-11 14:52:10+00:00,bench-05,1896,69.5,1,auto,-51.5,1939877,40,70,2026-09-11-s1
2026-09-11 14:52:20+00:00,bench-05,1897,70.1,1,auto,-52.3,1949874,40,70,2026-09-11-s1
2026-09-11 14:52:30+00:00,bench-05,1878,70.4,1,auto,-52.8,1959877,40,70,2026-09-11-s1
2026-09-11 14:52:40+00:00,bench-05,1906,70.0,0,auto,-54.3,1969881,40,70,2026-09-11-s1
2026-09-11 14:52:50+00:00,bench-05,1930,68.1,0,auto,-53.2,1979876,40,70,2026-09-11-s1
2026-09-11 14:53:00+00:00,bench-05,1923,67.9,0,auto,-52.3,1989879,40,70,2026-09-11-s1
2026-09-11 14:53:10+00:00,bench-05,1934,67.9,0,auto,-50.8,1999880,40,70,2026-09-11-s1
2026-09-11 14:53:20+00:00,bench-05,1947,67.3,0,auto,-49.1,2009877,40,70,2026-09-11-s1
2026-09-11 14:53:30+00:00,bench-05,2002,65.2,0,auto,-47.0,2019876,40,70,2026-09-11-s1
2026-09-11 14:53:40+00:00,bench-05,1997,65.2,0,auto,-48.5,2029880,40,70,2026-09-11-s1
2026-09-11 14:53:50+00:00,bench-05,2021,64.7,0,auto,-49.7,2039876,40,70,2026-09-11-s1
2026-09-11 14:54:00+00:00,bench-05,2010,64.2,0,auto,-46.8,2049880,40,70,2026-09-11-s1
2026-09-11 14:54:10+00:00,bench-05,2032,63.2,0,auto,-47.5,2059877,40,70,2026-09-11-s1
2026-09-11 14:54:20+00:00,bench-05,2046,62.8,0,auto,-46.5,2069876,40,70,2026-09-11-s1
2026-09-11 14:54:30+00:00,bench-05,2029,62.5,0,auto,-46.9,2079873,40,70,2026-09-11-s1
2026-09-11 14:54:40+00:00,bench-05,2072,62.5,0,auto,-45.9,2089871,40,70,2026-09-11-s1
2026-09-11 14:54:50+00:00,bench-05,2059,61.1,0,auto,-47.0,2099870,40,70,2026-09-11-s1
2026-09-11 14:55:00+00:00,bench-05,2120,60.1,0,auto,-46.9,2109866,40,70,2026-09-11-s1
2026-09-11 14:55:10+00:00,bench-05,2105,59.9,0,auto,-46.1,2119869,40,70,2026-09-11-s1
2026-09-11 14:55:20+00:00,bench-05,2130,59.4,0,auto,-47.6,2129867,40,70,2026-09-11-s1
2026-09-11 14:55:30+00:00,bench-05,2139,58.7,0,auto,-48.8,2139865,40,70,2026-09-11-s1
2026-09-11 14:55:40+00:00,bench-05,2138,57.9,0,auto,-48.5,2149861,40,70,2026-09-11-s1
2026-09-11 14:55:50+00:00,bench-05,2157,57.5,0,auto,-50.1,2159856,40,70,2026-09-11-s1
2026-09-11 14:56:00+00:00,bench-05,2149,56.9,0,auto,-51.0,2169852,40,70,2026-09-11-s1
2026-09-11 14:56:10+00:00,bench-05,2187,56.5,0,auto,-51.5,2179854,40,70,2026-09-11-s1
2026-09-11 14:56:20+00:00,bench-05,2160,55.9,0,auto,-52.0,2189856,40,70,2026-09-11-s1
2026-09-11 14:56:30+00:00,bench-05,2211,55.1,0,auto,-51.9,2199856,40,70,2026-09-11-s1
2026-09-11 14:56:40+00:00,bench-05,2206,54.7,0,auto,-51.7,2209858,40,70,2026-09-11-s1
2026-09-11 14:56:50+00:00,bench-05,2195,54.3,0,auto,-53.0,2219855,40,70,2026-09-11-s1
2026-09-11 14:57:00+00:00,bench-05,2234,53.9,0,auto,-52.9,2229858,40,70,2026-09-11-s1
2026-09-11 14:57:10+00:00,bench-05,2226,53.9,0,auto,-52.9,2239862,40,70,2026-09-11-s1
2026-09-11 14:57:20+00:00,bench-05,2235,53.4,0,auto,-52.0,2249861,40,70,2026-09-11-s1
2026-09-11 14:57:30+00:00,bench-05,2257,52.4,0,auto,-51.4,2259856,40,70,2026-09-11-s1
2026-09-11 14:57:40+00:00,bench-05,2256,52.4,0,auto,-52.3,2269859,40,70,2026-09-11-s1
2026-09-11 14:57:50+00:00,bench-05,2269,51.6,0,auto,-52.5,2279855,40,70,2026-09-11-s1
2026-09-11 14:58:00+00:00,bench-05,2291,50.9,0,auto,-52.3,2289852,40,70,2026-09-11-s1
2026-09-11 14:58:10+00:00,bench-05,2325,50.0,0,auto,-53.1,2299855,40,70,2026-09-11-s1
2026-09-11 14:58:20+00:00,bench-05,2325,49.3,0,auto,-53.2,2309858,40,70,2026-09-11-s1
2026-09-11 14:58:30+00:00,bench-05,2325,49.6,0,auto,-53.7,2319853,40,70,2026-09-11-s1
2026-09-11 14:58:40+00:00,bench-05,2314,49.2,0,auto,-52.8,2329848,40,70,2026-09-11-s1
2026-09-11 14:58:50+00:00,bench-05,2336,48.8,0,auto,-55.4,2339846,40,70,2026-09-11-s1
2026-09-11 14:59:00+00:00,bench-05,2347,48.4,0,auto,-54.0,2349844,40,70,2026-09-11-s1
2026-09-11 14:59:10+00:00,bench-05,2343,47.8,0,auto,-54.3,2359841,40,70,2026-09-11-s1
2026-09-11 14:59:20+00:00,bench-05,2355,47.6,0,auto,-53.5,2369836,40,70,2026-09-11-s1
2026-09-11 14:59:30+00:00,bench-05,2370,46.6,0,auto,-54.5,2379832,40,70,2026-09-11-s1
2026-09-11 14:59:40+00:00,bench-05,2396,45.9,0,auto,-54.9,2389834,40,70,2026-09-11-s1
2026-09-11 14:59:50+00:00,bench-05,2373,45.8,0,auto,-56.4,2399838,40,70,2026-09-11-s1
2026-09-11 15:00:00+00:00,bench-05,2413,44.7,0,auto,-55.3,2409839,40,70,2026-09-11-s1
2026-09-11 15:00:10+00:00,bench-05,2412,44.9,0,auto,-54.0,2419839,40,70,2026-09-11-s1
2026-09-11 15:00:20+00:00,bench-05,2434,44.3,0,auto,-53.5,2429838,40,70,2026-09-11-s1
2026-09-11 15:00:30+00:00,bench-05,2440,43.9,0,auto,-54.6,2439836,40,70,2026-09-11-s1
2026-09-11 15:00:40+00:00,bench-05,2449,43.1,0,auto,-56.7,2449833,40,70,2026-09-11-s1
2026-09-11 15:00:50+00:00,bench-05,2440,43.1,0,auto,-56.8,2459832,40,70,2026-09-11-s1
2026-09-11 15:01:00+00:00,bench-05,2434,43.6,0,auto,-58.2,2469836,40,70,2026-09-11-s1
2026-09-11 15:01:10+00:00,bench-05,2480,42.3,0,auto,-59.4,2479832,40,70,2026-09-11-s1
2026-09-11 15:01:20+00:00,bench-05,2468,42.4,0,auto,-56.7,2489830,40,70,2026-09-11-s1
2026-09-11 15:01:30+00:00,bench-05,2469,42.7,0,auto,-55.4,2499829,40,70,2026-09-11-s1
2026-09-11 15:01:40+00:00,bench-05,2493,41.6,0,auto,-54.7,2509831,40,70,2026-09-11-s1
2026-09-11 15:01:50+00:00,bench-05,2492,41.4,0,auto,-53.8,2519827,40,70,2026-09-11-s1
2026-09-11 15:02:00+00:00,bench-05,2510,40.6,0,auto,-52.5,2529831,40,70,2026-09-11-s1
2026-09-11 15:02:10+00:00,bench-05,2522,40.2,0,auto,-53.3,2539828,40,70,2026-09-11-s1
2026-09-11 15:02:20+00:00,bench-05,2503,40.6,0,auto,-51.8,2549823,40,70,2026-09-11-s1
2026-09-11 15:02:30+00:00,bench-05,2528,39.8,0,auto,-52.7,2559827,40,70,2026-09-11-s1
2026-09-11 15:02:40+00:00,bench-05,2545,40.2,1,auto,-53.2,2569830,40,70,2026-09-11-s1
2026-09-11 15:02:50+00:00,bench-05,2528,40.0,1,auto,-51.5,2579832,40,70,2026-09-11-s1
2026-09-11 15:03:00+00:00,bench-05,2506,40.5,1,auto,-50.9,2589834,40,70,2026-09-11-s1
2026-09-11 15:03:10+00:00,bench-05,2508,41.8,1,auto,-51.0,2599834,40,70,2026-09-11-s1
2026-09-11 15:03:20+00:00,bench-05,2468,41.8,1,auto,-52.3,2609829,40,70,2026-09-11-s1
2026-09-11 15:03:30+00:00,bench-05,2456,42.7,1,auto,-53.3,2619825,40,70,2026-09-11-s1
2026-09-11 15:03:40+00:00,bench-05,2487,42.1,1,auto,-53.6,2629823,40,70,2026-09-11-s1
2026-09-11 15:03:50+00:00,bench-05,2457,42.9,1,auto,-52.1,2639823,40,70,2026-09-11-s1
2026-09-11 15:04:00+00:00,bench-05,2424,43.6,1,auto,-53.1,2649822,40,70,2026-09-11-s1
2026-09-11 15:04:10+00:00,bench-05,2413,44.5,1,auto,-51.3,2659826,40,70,2026-09-11-s1
2026-09-11 15:04:20+00:00,bench-05,2438,43.6,1,auto,-52.2,2669827,40,70,2026-09-11-s1
2026-09-11 15:04:30+00:00,bench-05,2428,44.5,1,auto,-51.4,2679827,40,70,2026-09-11-s1
2026-09-11 15:04:40+00:00,bench-05,2466,43.8,1,auto,-49.4,2689824,40,70,2026-09-11-s1
2026-09-11 15:04:50+00:00,bench-05,2417,45.0,1,auto,-50.9,2699824,40,70,2026-09-11-s1
2026-09-11 15:05:00+00:00,bench-05,2417,44.9,1,auto,-50.6,2709821,40,70,2026-09-11-s1
2026-09-11 15:05:10+00:00,bench-05,2379,45.8,1,auto,-52.6,2719823,40,70,2026-09-11-s1
2026-09-11 15:05:20+00:00,bench-05,2371,46.6,1,auto,-51.5,2729818,40,70,2026-09-11-s1
2026-09-11 15:05:30+00:00,bench-05,2374,46.5,1,auto,-52.0,2739818,40,70,2026-09-11-s1
2026-09-11 15:05:40+00:00,bench-05,2339,47.1,1,auto,-50.1,2749813,40,70,2026-09-11-s1
2026-09-11 15:05:50+00:00,bench-05,2376,47.2,1,auto,-48.9,2759809,40,70,2026-09-11-s1
2026-09-11 15:06:00+00:00,bench-05,2345,47.8,1,auto,-47.7,2769806,40,70,2026-09-11-s1
2026-09-11 15:06:10+00:00,bench-05,2350,47.3,1,auto,-47.6,2779801,40,70,2026-09-11-s1
2026-09-11 15:06:20+00:00,bench-05,2350,47.9,1,auto,-46.6,2789798,40,70,2026-09-11-s1
2026-09-11 15:06:30+00:00,bench-05,2335,48.4,1,auto,-47.9,2799797,40,70,2026-09-11-s1
2026-09-11 15:06:40+00:00,bench-05,2335,48.2,1,auto,-45.5,2809795,40,70,2026-09-11-s1
2026-09-11 15:06:50+00:00,bench-05,2341,48.7,1,auto,-44.6,2819793,40,70,2026-09-11-s1
2026-09-11 15:07:00+00:00,bench-05,2335,48.5,1,auto,-44.9,2829789,40,70,2026-09-11-s1
2026-09-11 15:07:10+00:00,bench-05,2318,49.4,1,auto,-43.2,2839790,40,70,2026-09-11-s1
2026-09-11 15:07:20+00:00,bench-05,2303,49.8,1,auto,-41.1,2849787,40,70,2026-09-11-s1
2026-09-11 15:07:30+00:00,bench-05,2328,49.1,1,auto,-41.3,2859785,40,70,2026-09-11-s1
2026-09-11 15:07:40+00:00,bench-05,2304,50.8,1,auto,-40.2,2869788,40,70,2026-09-11-s1
2026-09-11 15:07:50+00:00,bench-05,2296,50.8,1,auto,-37.9,2879792,40,70,2026-09-11-s1
2026-09-11 15:08:00+00:00,bench-05,2289,51.0,1,auto,-37.6,2889787,40,70,2026-09-11-s1
2026-09-11 15:08:10+00:00,bench-05,2279,51.4,1,auto,-39.2,2899791,40,70,2026-09-11-s1
2026-09-11 15:08:20+00:00,bench-05,2310,50.9,1,auto,-38.0,2909787,40,70,2026-09-11-s1
2026-09-11 15:08:30+00:00,bench-05,2263,51.9,1,auto,-36.3,2919783,40,70,2026-09-11-s1
2026-09-11 15:08:40+00:00,bench-05,2281,51.3,1,auto,-38.0,2929784,40,70,2026-09-11-s1
2026-09-11 15:08:50+00:00,bench-05,2286,51.6,1,auto,-36.0,2939780,40,70,2026-09-11-s1
2026-09-11 15:09:00+00:00,bench-05,2266,52.4,1,auto,-37.0,2949784,40,70,2026-09-11-s1
2026-09-11 15:09:10+00:00,bench-05,2245,53.0,1,auto,-36.1,2959780,40,70,2026-09-11-s1
2026-09-11 15:09:20+00:00,bench-05,2251,53.0,1,auto,-36.2,2969775,40,70,2026-09-11-s1
2026-09-11 15:09:30+00:00,bench-05,2251,53.4,1,auto,-35.0,2979772,40,70,2026-09-11-s1
2026-09-11 15:09:40+00:00,bench-05,2247,54.1,1,auto,-35.3,2989768,40,70,2026-09-11-s1
2026-09-11 15:09:50+00:00,bench-05,2204,54.5,1,auto,-36.5,2999771,40,70,2026-09-11-s1
2026-09-11 15:10:00+00:00,bench-05,2214,54.0,1,auto,-35.0,3009769,40,70,2026-09-11-s1
2026-09-11 15:10:10+00:00,bench-05,0,120.0,1,auto,-35.8,3019768,40,70,2026-09-11-s1
2026-09-11 15:10:20+00:00,bench-05,2189,55.2,1,auto,-36.0,3029765,40,70,2026-09-11-s1
2026-09-11 15:10:30+00:00,bench-05,2180,55.2,1,auto,-35.0,3039768,40,70,2026-09-11-s1
2026-09-11 15:10:40+00:00,bench-05,2196,55.1,1,auto,-35.0,3049764,40,70,2026-09-11-s1
2026-09-11 15:10:50+00:00,bench-05,2188,55.8,1,auto,-35.0,3059768,40,70,2026-09-11-s1
2026-09-11 15:11:00+00:00,bench-05,2207,55.2,1,auto,-35.0,3069763,40,70,2026-09-11-s1
2026-09-11 15:11:10+00:00,bench-05,2164,56.3,1,auto,-36.2,3079764,40,70,2026-09-11-s1
2026-09-11 15:11:20+00:00,bench-05,2186,56.2,1,auto,-38.6,3089768,40,70,2026-09-11-s1
2026-09-11 15:11:30+00:00,bench-05,2187,56.5,1,auto,-39.0,3099763,40,70,2026-09-11-s1
2026-09-11 15:11:40+00:00,bench-05,2165,57.1,1,auto,-39.0,3109760,40,70,2026-09-11-s1
2026-09-11 15:11:50+00:00,bench-05,2157,56.6,1,auto,-37.1,3119758,40,70,2026-09-11-s1
2026-09-11 15:12:00+00:00,bench-05,2177,56.7,1,auto,-37.7,3129760,40,70,2026-09-11-s1
2026-09-11 15:12:10+00:00,bench-05,2116,57.4,1,auto,-38.9,3139764,40,70,2026-09-11-s1
2026-09-11 15:12:20+00:00,bench-05,2150,57.5,1,auto,-40.2,3149759,40,70,2026-09-11-s1
2026-09-11 15:12:30+00:00,bench-05,2169,58.0,1,auto,-39.0,3159758,40,70,2026-09-11-s1
2026-09-11 15:12:40+00:00,bench-05,2135,58.2,1,auto,-39.6,3169754,40,70,2026-09-11-s1
2026-09-11 15:12:50+00:00,bench-05,2121,58.8,1,auto,-39.7,3179749,40,70,2026-09-11-s1
2026-09-11 15:13:00+00:00,bench-05,2132,58.4,1,auto,-39.6,3189753,40,70,2026-09-11-s1
2026-09-11 15:13:10+00:00,bench-05,2116,58.9,1,auto,-38.7,3199754,40,70,2026-09-11-s1
2026-09-11 15:13:20+00:00,bench-05,2101,59.8,1,auto,-38.6,3209751,40,70,2026-09-11-s1
2026-09-11 15:13:30+00:00,bench-05,2123,59.0,1,auto,-38.3,3219751,40,70,2026-09-11-s1
2026-09-11 15:13:40+00:00,bench-05,2129,59.6,1,auto,-37.0,3229755,40,70,2026-09-11-s1
2026-09-11 15:13:50+00:00,bench-05,2086,60.0,1,auto,-36.0,3239755,40,70,2026-09-11-s1
2026-09-11 15:14:00+00:00,bench-05,2115,59.1,1,auto,-36.1,3249756,40,70,2026-09-11-s1
2026-09-11 15:14:10+00:00,bench-05,2092,60.5,1,auto,-35.2,3259759,40,70,2026-09-11-s1
2026-09-11 15:14:20+00:00,bench-05,2089,60.4,1,auto,-36.3,3269758,40,70,2026-09-11-s1
2026-09-11 15:14:30+00:00,bench-05,2106,60.4,1,auto,-36.3,3279756,40,70,2026-09-11-s1
2026-09-11 15:14:40+00:00,bench-05,2087,60.5,1,auto,-37.4,3289757,40,70,2026-09-11-s1
2026-09-11 15:14:50+00:00,bench-05,2090,60.5,1,auto,-38.3,3299757,40,70,2026-09-11-s1
2026-09-11 15:15:00+00:00,bench-05,2097,60.4,1,auto,-36.7,3309758,40,70,2026-09-11-s1
2026-09-11 15:15:10+00:00,bench-05,2091,61.5,1,auto,-36.9,3319756,40,70,2026-09-11-s1
2026-09-11 15:15:20+00:00,bench-05,2095,60.8,1,auto,-36.7,3329751,40,70,2026-09-11-s1
2026-09-11 15:15:30+00:00,bench-05,2075,61.6,1,auto,-37.7,3339754,40,70,2026-09-11-s1
2026-09-11 15:15:40+00:00,bench-05,2099,60.6,1,auto,-36.8,3349758,40,70,2026-09-11-s1
2026-09-11 15:15:50+00:00,bench-05,2068,60.7,1,auto,-35.0,3359755,40,70,2026-09-11-s1
2026-09-11 15:16:00+00:00,bench-05,2061,62.1,1,auto,-35.0,3369755,40,70,2026-09-11-s1
2026-09-11 15:16:10+00:00,bench-05,2055,62.5,1,auto,-35.0,3379751,40,70,2026-09-11-s1
2026-09-11 15:16:20+00:00,bench-05,2050,62.6,1,auto,-35.0,3389755,40,70,2026-09-11-s1
2026-09-11 15:16:30+00:00,bench-05,2042,62.8,1,auto,-35.0,3399758,40,70,2026-09-11-s1
2026-09-11 15:16:40+00:00,bench-05,2022,62.9,1,auto,-35.1,3409754,40,70,2026-09-11-s1
2026-09-11 15:16:50+00:00,bench-05,2066,61.9,1,auto,-35.4,3419757,40,70,2026-09-11-s1
2026-09-11 15:17:00+00:00,bench-05,2056,62.6,1,auto,-36.0,3429758,40,70,2026-09-11-s1
2026-09-11 15:17:10+00:00,bench-05,2040,63.1,1,auto,-37.0,3439760,40,70,2026-09-11-s1
2026-09-11 15:17:20+00:00,bench-05,2071,62.8,1,auto,-38.6,3449759,40,70,2026-09-11-s1
2026-09-11 15:17:30+00:00,bench-05,2004,64.1,1,auto,-37.4,3459762,40,70,2026-09-11-s1
2026-09-11 15:17:40+00:00,bench-05,2049,62.8,1,auto,-37.0,3469765,40,70,2026-09-11-s1
2026-09-11 15:17:50+00:00,bench-05,1979,64.2,1,auto,-37.7,3479760,40,70,2026-09-11-s1
2026-09-11 15:18:00+00:00,bench-05,2010,63.2,1,auto,-38.7,3489756,40,70,2026-09-11-s1
2026-09-11 15:18:10+00:00,bench-05,2029,63.7,1,auto,-38.9,3499751,40,70,2026-09-11-s1
2026-09-11 15:18:20+00:00,bench-05,2008,64.2,1,auto,-38.5,3509750,40,70,2026-09-11-s1
2026-09-11 15:18:30+00:00,bench-05,1991,64.7,1,auto,-40.9,3519745,40,70,2026-09-11-s1
2026-09-11 15:18:40+00:00,bench-05,1979,64.5,1,auto,-42.1,3529741,40,70,2026-09-11-s1
2026-09-11 15:18:50+00:00,bench-05,2025,64.1,1,auto,-44.0,3539739,40,70,2026-09-11-s1
2026-09-11 15:19:00+00:00,bench-05,2020,64.6,1,auto,-46.1,3549735,40,70,2026-09-11-s1
2026-09-11 15:19:10+00:00,bench-05,1983,64.9,1,auto,-46.8,3559738,40,70,2026-09-11-s1
2026-09-11 15:19:20+00:00,bench-05,2021,64.2,1,auto,-49.4,3569741,40,70,2026-09-11-s1
2026-09-11 15:19:30+00:00,bench-05,2034,64.7,1,auto,-46.7,3579741,40,70,2026-09-11-s1
2026-09-11 15:19:40+00:00,bench-05,2014,64.5,1,auto,-47.9,3589742,40,70,2026-09-11-s1
2026-09-11 15:19:50+00:00,bench-05,2012,65.2,1,auto,-45.7,3599739,40,70,2026-09-11-s1
2026-09-11 15:20:00+00:00,bench-05,1960,65.9,1,manual,-46.4,3609743,40,70,2026-09-11-s1
2026-09-11 15:20:10+00:00,bench-05,2006,65.6,1,manual,-47.5,3619741,40,70,2026-09-11-s1
2026-09-11 15:20:20+00:00,bench-05,1982,65.5,1,manual,-46.6,3629737,40,70,2026-09-11-s1
2026-09-11 15:20:30+00:00,bench-05,2002,65.3,1,manual,-47.6,3639738,40,70,2026-09-11-s1
2026-09-11 15:20:40+00:00,bench-05,1971,65.6,1,manual,-47.7,3649740,40,70,2026-09-11-s1
2026-09-11 15:20:50+00:00,bench-05,1969,66.0,1,manual,-46.9,3659741,40,70,2026-09-11-s1
2026-09-11 15:21:00+00:00,bench-05,1963,66.2,1,manual,-44.7,3669742,40,70,2026-09-11-s1
2026-09-11 15:21:10+00:00,bench-05,1965,66.4,1,manual,-43.1,3679742,40,70,2026-09-11-s1
2026-09-11 15:21:20+00:00,bench-05,1959,66.3,1,manual,-43.5,3689746,40,70,2026-09-11-s1
2026-09-11 15:21:30+00:00,bench-05,1973,67.1,1,manual,-42.7,3699747,40,70,2026-09-11-s1
2026-09-11 15:21:40+00:00,bench-05,1933,67.4,1,manual,-41.6,3709747,40,70,2026-09-11-s1
2026-09-11 15:21:50+00:00,bench-05,1950,66.5,1,manual,-40.3,3719751,40,70,2026-09-11-s1
2026-09-11 15:22:00+00:00,bench-05,1978,67.1,1,manual,-40.5,3729750,40,70,2026-09-11-s1
2026-09-11 15:22:10+00:00,bench-05,1959,67.1,1,manual,-42.6,3739749,40,70,2026-09-11-s1
2026-09-11 15:22:20+00:00,bench-05,1950,67.4,1,manual,-44.6,3749746,40,70,2026-09-11-s1
2026-09-11 15:22:30+00:00,bench-05,1928,68.1,1,manual,-47.1,3759750,40,70,2026-09-11-s1
2026-09-11 15:22:40+00:00,bench-05,1952,66.7,1,manual,-45.4,3769749,40,70,2026-09-11-s1
2026-09-11 15:22:50+00:00,bench-05,1962,67.3,0,manual,-46.2,3779748,40,70,2026-09-11-s1
2026-09-11 15:23:00+00:00,bench-05,1970,66.5,0,manual,-46.4,3789743,40,70,2026-09-11-s1
2026-09-11 15:23:10+00:00,bench-05,1973,65.6,0,manual,-46.5,3799742,40,70,2026-09-11-s1
2026-09-11 15:23:20+00:00,bench-05,1974,65.4,0,manual,-49.0,3809744,40,70,2026-09-11-s1
2026-09-11 15:23:30+00:00,bench-05,2002,64.4,0,manual,-48.4,3819739,40,70,2026-09-11-s1
2026-09-11 15:23:40+00:00,bench-05,2013,63.7,0,manual,-49.2,3829736,40,70,2026-09-11-s1
2026-09-11 15:23:50+00:00,bench-05,2024,63.9,0,manual,-46.5,3839736,40,70,2026-09-11-s1
2026-09-11 15:24:00+00:00,bench-05,2068,63.1,0,manual,-45.2,3849740,40,70,2026-09-11-s1
2026-09-11 15:24:10+00:00,bench-05,2047,62.9,0,manual,-47.2,3859740,40,70,2026-09-11-s1
2026-09-11 15:24:20+00:00,bench-05,2069,61.8,0,manual,-45.4,3869744,40,70,2026-09-11-s1
2026-09-11 15:24:30+00:00,bench-05,2087,61.4,0,manual,-43.7,3879741,40,70,2026-09-11-s1
2026-09-11 15:24:40+00:00,bench-05,2091,60.7,0,manual,-44.5,3889737,40,70,2026-09-11-s1
2026-09-11 15:24:50+00:00,bench-05,2082,60.1,0,manual,-46.5,3899735,40,70,2026-09-11-s1
2026-09-11 15:25:00+00:00,bench-05,2114,58.9,0,manual,-47.5,3909731,40,70,2026-09-11-s1
2026-09-11 15:25:10+00:00,bench-05,2118,59.6,0,manual,-48.1,3919730,40,70,2026-09-11-s1
2026-09-11 15:25:20+00:00,bench-05,2121,58.9,0,auto,-49.8,3929733,40,70,2026-09-11-s1
2026-09-11 15:25:30+00:00,bench-05,2134,57.8,0,auto,-48.9,3939731,40,70,2026-09-11-s1
2026-09-11 15:25:40+00:00,bench-05,2147,57.4,0,auto,-47.5,3949735,40,70,2026-09-11-s1
2026-09-11 15:25:50+00:00,bench-05,2172,56.2,0,auto,-49.1,3959731,40,70,2026-09-11-s1
2026-09-11 15:26:00+00:00,bench-05,2176,55.9,0,auto,-49.1,3969727,40,70,2026-09-11-s1
2026-09-11 15:26:10+00:00,bench-05,2197,55.6,0,auto,-49.9,3979726,40,70,2026-09-11-s1
2026-09-11 15:26:20+00:00,bench-05,2217,55.9,0,auto,-50.9,3989730,40,70,2026-09-11-s1
2026-09-11 15:26:30+00:00,bench-05,2208,54.8,0,auto,-50.1,3999733,40,70,2026-09-11-s1
2026-09-11 15:26:40+00:00,bench-05,2241,54.4,0,auto,-49.8,4009737,40,70,2026-09-11-s1
2026-09-11 15:26:50+00:00,bench-05,2248,53.5,0,auto,-49.3,4019734,40,70,2026-09-11-s1
2026-09-11 15:27:00+00:00,bench-05,2255,53.3,0,auto,-45.7,4029731,40,70,2026-09-11-s1
2026-09-11 15:27:10+00:00,bench-05,2226,53.8,0,auto,-46.2,4039732,40,70,2026-09-11-s1
2026-09-11 15:27:20+00:00,bench-05,2250,52.7,0,auto,-45.2,4049730,40,70,2026-09-11-s1
2026-09-11 15:27:30+00:00,bench-05,2270,52.2,0,auto,-44.1,4059728,40,70,2026-09-11-s1
2026-09-11 15:27:40+00:00,bench-05,2297,51.5,0,auto,-43.5,4069728,40,70,2026-09-11-s1
2026-09-11 15:27:50+00:00,bench-05,2309,51.1,0,auto,-41.8,4079725,40,70,2026-09-11-s1
2026-09-11 15:28:00+00:00,bench-05,2310,50.6,0,auto,-41.1,4089720,40,70,2026-09-11-s1
2026-09-11 15:28:10+00:00,bench-05,2293,50.6,0,auto,-41.7,4099721,40,70,2026-09-11-s1
2026-09-11 15:28:20+00:00,bench-05,2323,49.9,0,auto,-39.0,4109720,40,70,2026-09-11-s1
2026-09-11 15:28:30+00:00,bench-05,2317,49.8,0,auto,-37.2,4119723,40,70,2026-09-11-s1
2026-09-11 15:28:40+00:00,bench-05,2331,49.1,0,auto,-37.3,4129718,40,70,2026-09-11-s1
2026-09-11 15:28:50+00:00,bench-05,2329,48.7,0,auto,-37.5,4139718,40,70,2026-09-11-s1
2026-09-11 15:29:00+00:00,bench-05,2361,47.5,0,auto,-37.5,4149722,40,70,2026-09-11-s1
2026-09-11 15:29:10+00:00,bench-05,2372,47.2,0,auto,-37.8,4159718,40,70,2026-09-11-s1
2026-09-11 15:29:20+00:00,bench-05,2367,47.5,0,auto,-37.0,4169713,40,70,2026-09-11-s1
2026-09-11 15:29:30+00:00,bench-05,2389,46.2,0,auto,-38.3,4179715,40,70,2026-09-11-s1
2026-09-11 15:29:40+00:00,bench-05,2386,46.2,0,auto,-38.6,4189717,40,70,2026-09-11-s1
2026-09-11 15:29:50+00:00,bench-05,2391,46.1,0,auto,-37.6,4199719,40,70,2026-09-11-s1
2026-09-11 15:30:00+00:00,bench-05,2390,45.3,0,auto,-38.4,4209721,40,70,2026-09-11-s1
2026-09-11 15:30:10+00:00,bench-05,2422,44.9,0,auto,-38.5,4219717,40,70,2026-09-11-s1
2026-09-11 15:30:20+00:00,bench-05,2442,44.0,0,auto,-37.9,4229719,40,70,2026-09-11-s1
2026-09-11 15:30:30+00:00,bench-05,2426,44.7,0,auto,-37.8,4239723,40,70,2026-09-11-s1
2026-09-11 15:30:40+00:00,bench-05,2398,43.8,0,auto,-40.0,4249726,40,70,2026-09-11-s1
2026-09-11 15:30:50+00:00,bench-05,2424,43.5,0,auto,-40.0,4259721,40,70,2026-09-11-s1
2026-09-11 15:31:00+00:00,bench-05,2461,43.0,0,auto,-38.9,4269722,40,70,2026-09-11-s1
2026-09-11 15:31:10+00:00,bench-05,2425,43.7,0,auto,-41.9,4279725,40,70,2026-09-11-s1
2026-09-11 15:31:20+00:00,bench-05,2467,42.4,0,auto,-43.2,4289722,40,70,2026-09-11-s1
2026-09-11 15:31:30+00:00,bench-05,2462,42.2,0,auto,-43.0,4299721,40,70,2026-09-11-s1
2026-09-11 15:31:40+00:00,bench-05,2475,41.6,0,auto,-43.5,4309721,40,70,2026-09-11-s1
2026-09-11 15:31:50+00:00,bench-05,2478,41.7,0,auto,-42.5,4319721,40,70,2026-09-11-s1
2026-09-11 15:32:00+00:00,bench-05,2497,41.2,0,auto,-43.4,4329720,40,70,2026-09-11-s1
2026-09-11 15:32:10+00:00,bench-05,2513,40.7,0,auto,-43.9,4339716,40,70,2026-09-11-s1
2026-09-11 15:32:20+00:00,bench-05,2515,40.1,0,auto,-45.0,4349720,40,70,2026-09-11-s1
2026-09-11 15:32:30+00:00,bench-05,2526,40.1,0,auto,-45.7,4359715,40,70,2026-09-11-s1
2026-09-11 15:32:40+00:00,bench-05,2520,40.6,1,auto,-46.3,4369716,40,70,2026-09-11-s1
2026-09-11 15:32:50+00:00,bench-05,2494,40.5,1,auto,-47.1,4379712,40,70,2026-09-11-s1
2026-09-11 15:33:00+00:00,bench-05,2503,41.2,1,auto,-45.7,4389710,40,70,2026-09-11-s1
2026-09-11 15:33:10+00:00,bench-05,2471,41.9,1,auto,-45.9,4399710,40,70,2026-09-11-s1
2026-09-11 15:33:20+00:00,bench-05,2479,42.5,1,auto,-43.5,4409710,40,70,2026-09-11-s1
2026-09-11 15:33:30+00:00,bench-05,2464,42.8,1,auto,-45.3,4419711,40,70,2026-09-11-s1
2026-09-11 15:33:40+00:00,bench-05,2456,43.1,1,auto,-44.8,4429709,40,70,2026-09-11-s1
2026-09-11 15:33:50+00:00,bench-05,2423,43.2,1,auto,-43.5,4439709,40,70,2026-09-11-s1
2026-09-11 15:34:00+00:00,bench-05,2438,43.1,1,auto,-43.2,4449713,40,70,2026-09-11-s1
2026-09-11 15:34:10+00:00,bench-05,2418,43.9,1,auto,-41.3,4459710,40,70,2026-09-11-s1
2026-09-11 15:34:20+00:00,bench-05,2436,44.2,1,auto,-43.3,4469710,40,70,2026-09-11-s1
2026-09-11 15:34:30+00:00,bench-05,2406,44.9,1,auto,-44.1,4479711,40,70,2026-09-11-s1
2026-09-11 15:34:40+00:00,bench-05,2409,45.5,1,auto,-44.3,4489708,40,70,2026-09-11-s1
2026-09-11 15:34:50+00:00,bench-05,2406,45.0,1,auto,-43.6,4499710,40,70,2026-09-11-s1
2026-09-11 15:35:00+00:00,bench-05,2390,45.7,1,auto,-42.1,4509708,40,70,2026-09-11-s1
2026-09-11 15:35:10+00:00,bench-05,2400,45.7,1,auto,-43.5,4519709,40,70,2026-09-11-s1
2026-09-11 15:35:20+00:00,bench-05,2386,46.7,1,auto,-44.1,4529711,40,70,2026-09-11-s1
2026-09-11 15:35:30+00:00,bench-05,2385,46.4,1,auto,-43.5,4539714,40,70,2026-09-11-s1
2026-09-11 15:35:40+00:00,bench-05,2382,47.2,1,auto,-43.0,4549713,40,70,2026-09-11-s1
2026-09-11 15:35:50+00:00,bench-05,2364,47.6,1,auto,-44.0,4559713,40,70,2026-09-11-s1
2026-09-11 15:36:00+00:00,bench-05,2361,46.7,1,auto,-41.9,4569717,40,70,2026-09-11-s1
2026-09-11 15:36:10+00:00,bench-05,2343,47.7,1,auto,-40.4,4579715,40,70,2026-09-11-s1
2026-09-11 15:36:20+00:00,bench-05,2336,48.9,1,auto,-41.2,4589717,40,70,2026-09-11-s1
2026-09-11 15:36:30+00:00,bench-05,2307,48.8,1,auto,-41.4,4599719,40,70,2026-09-11-s1
2026-09-11 15:36:40+00:00,bench-05,2322,49.1,1,auto,-40.0,4609718,40,70,2026-09-11-s1
2026-09-11 15:36:50+00:00,bench-05,2317,49.5,1,auto,-40.5,4619721,40,70,2026-09-11-s1
2026-09-11 15:37:00+00:00,bench-05,2309,50.0,1,auto,-40.0,4629718,40,70,2026-09-11-s1
2026-09-11 15:37:10+00:00,bench-05,2310,49.8,1,auto,-39.4,4639716,40,70,2026-09-11-s1
2026-09-11 15:37:20+00:00,bench-05,2302,50.0,1,auto,-38.6,4649720,40,70,2026-09-11-s1
2026-09-11 15:37:30+00:00,bench-05,2305,50.1,1,auto,-39.0,4659721,40,70,2026-09-11-s1
2026-09-11 15:37:40+00:00,bench-05,2306,50.6,1,auto,-39.8,4669719,40,70,2026-09-11-s1
2026-09-11 15:37:50+00:00,bench-05,2285,50.8,1,auto,-39.9,4679721,40,70,2026-09-11-s1
2026-09-11 15:38:00+00:00,bench-05,2248,51.9,1,auto,-40.1,4689724,40,70,2026-09-11-s1
2026-09-11 15:38:10+00:00,bench-05,2281,51.2,1,auto,-37.8,4699723,40,70,2026-09-11-s1
2026-09-11 15:38:20+00:00,bench-05,2278,52.2,1,auto,-37.9,4709718,40,70,2026-09-11-s1
2026-09-11 15:38:30+00:00,bench-05,2245,52.3,1,auto,-37.1,4719720,40,70,2026-09-11-s1
2026-09-11 15:38:40+00:00,bench-05,2267,52.7,1,auto,-37.8,4729719,40,70,2026-09-11-s1
2026-09-11 15:38:50+00:00,bench-05,2237,54.1,1,auto,-38.9,4739723,40,70,2026-09-11-s1
2026-09-11 15:39:00+00:00,bench-05,2256,52.9,1,auto,-38.8,4749721,40,70,2026-09-11-s1
2026-09-11 15:39:10+00:00,bench-05,2228,53.6,1,auto,-38.2,4759721,40,70,2026-09-11-s1
2026-09-11 15:39:20+00:00,bench-05,2223,54.1,1,auto,-38.3,4769719,40,70,2026-09-11-s1
2026-09-11 15:39:30+00:00,bench-05,2248,54.2,1,auto,-38.9,4779721,40,70,2026-09-11-s1
2026-09-11 15:39:40+00:00,bench-05,2226,53.9,1,auto,-40.9,4789724,40,70,2026-09-11-s1
2026-09-11 15:39:50+00:00,bench-05,2231,54.9,1,auto,-42.2,4799728,40,70,2026-09-11-s1
2026-09-11 15:40:00+00:00,bench-05,2207,54.9,1,auto,-41.7,4809727,40,70,2026-09-11-s1
2026-09-11 15:40:10+00:00,bench-05,2187,56.2,1,auto,-40.0,4819728,40,70,2026-09-11-s1
2026-09-11 15:40:20+00:00,bench-05,2190,55.7,1,auto,-40.7,4829726,40,70,2026-09-11-s1
2026-09-11 15:40:30+00:00,bench-05,2177,55.9,1,auto,-40.3,4839724,40,70,2026-09-11-s1
2026-09-11 15:40:40+00:00,bench-05,2192,56.1,1,auto,-36.7,4849725,40,70,2026-09-11-s1
2026-09-11 15:40:50+00:00,bench-05,2202,55.6,1,auto,-37.7,4859725,40,70,2026-09-11-s1
2026-09-11 15:41:00+00:00,bench-05,2175,56.5,1,auto,-36.6,4869726,40,70,2026-09-11-s1
2026-09-11 15:41:10+00:00,bench-05,2191,56.2,1,auto,-35.1,4879730,40,70,2026-09-11-s1
2026-09-11 15:41:20+00:00,bench-05,2153,57.6,1,auto,-35.0,4889726,40,70,2026-09-11-s1
2026-09-11 15:41:30+00:00,bench-05,2163,57.2,1,auto,-35.5,4899726,40,70,2026-09-11-s1
2026-09-11 15:41:40+00:00,bench-05,2151,57.5,1,auto,-35.0,4909723,40,70,2026-09-11-s1
2026-09-11 15:41:50+00:00,bench-05,2166,57.5,1,auto,-35.0,4919718,40,70,2026-09-11-s1
2026-09-11 15:42:00+00:00,bench-05,2129,58.5,1,auto,-35.9,4929717,40,70,2026-09-11-s1
2026-09-11 15:42:10+00:00,bench-05,2124,58.4,1,auto,-36.1,4939721,40,70,2026-09-11-s1
2026-09-11 15:42:20+00:00,bench-05,2146,58.4,1,auto,-36.0,4949719,40,70,2026-09-11-s1
2026-09-11 15:42:30+00:00,bench-05,2135,58.7,1,auto,-36.3,4959714,40,70,2026-09-11-s1
2026-09-11 15:42:40+00:00,bench-05,2115,58.8,1,auto,-36.4,4969713,40,70,2026-09-11-s1
2026-09-11 15:42:50+00:00,bench-05,2123,59.1,1,auto,-37.0,4979709,40,70,2026-09-11-s1
2026-09-11 15:43:00+00:00,bench-05,2121,59.2,1,auto,-35.8,4989706,40,70,2026-09-11-s1
2026-09-11 15:43:10+00:00,bench-05,2101,60.0,1,auto,-35.0,4999704,40,70,2026-09-11-s1
2026-09-11 15:43:20+00:00,bench-05,2103,59.7,1,auto,-35.3,5009705,40,70,2026-09-11-s1
2026-09-11 15:43:30+00:00,bench-05,2118,59.9,1,auto,-35.5,5019708,40,70,2026-09-11-s1
2026-09-11 15:43:40+00:00,bench-05,2081,60.9,1,auto,-35.0,5029711,40,70,2026-09-11-s1
2026-09-11 15:43:50+00:00,bench-05,2094,60.2,1,auto,-35.3,5039709,40,70,2026-09-11-s1
2026-09-11 15:44:00+00:00,bench-05,2079,60.8,1,auto,-35.0,5049711,40,70,2026-09-11-s1
2026-09-11 15:44:10+00:00,bench-05,2069,60.5,1,auto,-35.0,5059713,40,70,2026-09-11-s1
2026-09-11 15:44:20+00:00,bench-05,2088,61.0,1,auto,-35.0,5069712,40,70,2026-09-11-s1
2026-09-11 15:44:30+00:00,bench-05,2087,61.0,1,auto,-36.6,5079711,40,70,2026-09-11-s1
2026-09-11 15:44:40+00:00,bench-05,2053,61.5,1,auto,-35.3,5089713,40,70,2026-09-11-s1
2026-09-11 15:44:50+00:00,bench-05,2037,62.1,1,auto,-36.4,5099708,40,70,2026-09-11-s1
2026-09-11 15:45:00+00:00,bench-05,2074,61.4,1,auto,-35.0,5109704,40,70,2026-09-11-s1
2026-09-11 15:45:10+00:00,bench-05,2051,62.3,1,auto,-35.9,5119704,40,70,2026-09-11-s1
2026-09-11 15:45:20+00:00,bench-05,2043,62.9,1,auto,-39.0,5129705,40,70,2026-09-11-s1
2026-09-11 15:45:30+00:00,bench-05,2034,63.0,1,auto,-39.7,5139708,40,70,2026-09-11-s1
2026-09-11 15:45:40+00:00,bench-05,2062,62.4,1,auto,-39.5,5149704,40,70,2026-09-11-s1
2026-09-11 15:45:50+00:00,bench-05,2021,64.0,1,auto,-38.5,5159701,40,70,2026-09-11-s1
2026-09-11 15:46:00+00:00,bench-05,2026,63.0,1,auto,-37.1,5169703,40,70,2026-09-11-s1
2026-09-11 15:46:10+00:00,bench-05,2018,63.4,1,auto,-38.2,5179698,40,70,2026-09-11-s1
2026-09-11 15:46:20+00:00,bench-05,2021,63.9,1,auto,-37.5,5189695,40,70,2026-09-11-s1
2026-09-11 15:46:30+00:00,bench-05,2016,64.2,1,auto,-36.8,5199698,40,70,2026-09-11-s1
2026-09-11 15:46:40+00:00,bench-05,2015,64.2,1,auto,-39.0,5209698,40,70,2026-09-11-s1
2026-09-11 15:46:50+00:00,bench-05,1998,64.6,1,auto,-40.6,5219695,40,70,2026-09-11-s1
2026-09-11 15:47:00+00:00,bench-05,2007,64.9,1,auto,-40.3,5229694,40,70,2026-09-11-s1
2026-09-11 15:47:10+00:00,bench-05,2025,63.7,1,auto,-40.6,5239696,40,70,2026-09-11-s1
2026-09-11 15:47:20+00:00,bench-05,2005,65.6,1,auto,-38.6,5249693,40,70,2026-09-11-s1
2026-09-11 15:47:30+00:00,bench-05,1993,65.1,1,auto,-38.9,5259695,40,70,2026-09-11-s1
2026-09-11 15:47:40+00:00,bench-05,2013,64.8,1,auto,-40.8,5269692,40,70,2026-09-11-s1
2026-09-11 15:47:50+00:00,bench-05,1994,65.4,1,auto,-39.8,5279688,40,70,2026-09-11-s1
2026-09-11 15:48:00+00:00,bench-05,1997,65.1,1,auto,-39.0,5289692,40,70,2026-09-11-s1
2026-09-11 15:48:10+00:00,bench-05,1992,65.2,1,auto,-39.5,5299690,40,70,2026-09-11-s1
2026-09-11 15:48:20+00:00,bench-05,1984,66.1,1,auto,-37.8,5309692,40,70,2026-09-11-s1
2026-09-11 15:48:30+00:00,bench-05,1962,65.7,1,auto,-36.8,5319690,40,70,2026-09-11-s1
2026-09-11 15:48:40+00:00,bench-05,1981,66.2,1,auto,-37.2,5329687,40,70,2026-09-11-s1
2026-09-11 15:48:50+00:00,bench-05,2008,65.8,1,auto,-38.2,5339682,40,70,2026-09-11-s1
2026-09-11 15:49:00+00:00,bench-05,1984,65.7,1,auto,-39.2,5349683,40,70,2026-09-11-s1
2026-09-11 15:49:10+00:00,bench-05,1936,66.7,1,auto,-41.6,5359685,40,70,2026-09-11-s1
2026-09-11 15:49:20+00:00,bench-05,1951,66.7,1,auto,-40.2,5369684,40,70,2026-09-11-s1
2026-09-11 15:49:30+00:00,bench-05,1979,66.3,1,auto,-40.3,5379686,40,70,2026-09-11-s1
2026-09-11 15:49:40+00:00,bench-05,1958,67.6,1,auto,-41.5,5389687,40,70,2026-09-11-s1
2026-09-11 15:49:50+00:00,bench-05,1939,67.2,1,auto,-41.5,5399683,40,70,2026-09-11-s1
2026-09-11 15:50:00+00:00,bench-05,1952,67.4,1,auto,-42.5,5409681,40,70,2026-09-11-s1
2026-09-11 15:50:10+00:00,bench-05,1950,67.2,1,auto,-44.2,5419683,40,70,2026-09-11-s1
2026-09-11 15:50:20+00:00,bench-05,1948,68.0,1,auto,-44.2,5429678,40,70,2026-09-11-s1
2026-09-11 15:50:30+00:00,bench-05,1929,67.7,1,auto,-42.4,5439677,40,70,2026-09-11-s1
2026-09-11 15:50:40+00:00,bench-05,1920,67.5,1,auto,-42.6,5449676,40,70,2026-09-11-s1
2026-09-11 15:50:50+00:00,bench-05,1932,67.7,1,auto,-42.8,5459679,40,70,2026-09-11-s1
2026-09-11 15:51:00+00:00,bench-05,1932,68.1,1,auto,-43.3,5469675,40,70,2026-09-11-s1
2026-09-11 15:51:10+00:00,bench-05,1928,68.4,1,auto,-42.2,5479670,40,70,2026-09-11-s1
2026-09-11 15:51:20+00:00,bench-05,1942,68.0,1,auto,-41.2,5489667,40,70,2026-09-11-s1
2026-09-11 15:51:30+00:00,bench-05,1919,68.9,1,auto,-39.5,5499666,40,70,2026-09-11-s1
2026-09-11 15:51:40+00:00,bench-05,1936,68.6,1,auto,-42.0,5509665,40,70,2026-09-11-s1
2026-09-11 15:51:50+00:00,bench-05,1904,68.8,1,auto,-40.8,5519666,40,70,2026-09-11-s1
2026-09-11 15:52:00+00:00,bench-05,1898,69.9,1,auto,-41.5,5529663,40,70,2026-09-11-s1
2026-09-11 15:52:10+00:00,bench-05,1940,69.0,1,auto,-39.7,5539666,40,70,2026-09-11-s1
2026-09-11 15:52:20+00:00,bench-05,1911,69.6,1,auto,-38.8,5549666,40,70,2026-09-11-s1
2026-09-11 15:52:30+00:00,bench-05,1883,69.8,1,auto,-37.9,5559668,40,70,2026-09-11-s1
2026-09-11 15:52:40+00:00,bench-05,1914,68.9,1,auto,-37.7,5569669,40,70,2026-09-11-s1
2026-09-11 15:52:50+00:00,bench-05,1886,70.1,1,auto,-37.4,5579668,40,70,2026-09-11-s1
2026-09-11 15:53:00+00:00,bench-05,1897,70.1,1,auto,-38.1,5589666,40,70,2026-09-11-s1
2026-09-11 15:53:10+00:00,bench-05,1894,70.2,1,auto,-37.0,5599661,40,70,2026-09-11-s1
2026-09-11 15:53:20+00:00,bench-05,1924,69.9,0,auto,-38.8,5609662,40,70,2026-09-11-s1
2026-09-11 15:53:30+00:00,bench-05,1954,68.7,0,auto,-39.6,5619666,40,70,2026-09-11-s1
2026-09-11 15:53:40+00:00,bench-05,1930,67.9,0,auto,-39.6,5629666,40,70,2026-09-11-s1
2026-09-11 15:53:50+00:00,bench-05,1938,68.0,0,auto,-41.7,5639668,40,70,2026-09-11-s1
2026-09-11 15:54:00+00:00,bench-05,1968,66.7,0,auto,-40.0,5649671,40,70,2026-09-11-s1
2026-09-11 15:54:10+00:00,bench-05,1992,66.0,0,auto,-40.9,5659667,40,70,2026-09-11-s1
2026-09-11 15:54:20+00:00,bench-05,1973,65.7,0,auto,-41.3,5669666,40,70,2026-09-11-s1
2026-09-11 15:54:30+00:00,bench-05,1975,65.5,0,auto,-40.5,5679663,40,70,2026-09-11-s1
2026-09-11 15:54:40+00:00,bench-05,1997,64.4,0,auto,-41.6,5689665,40,70,2026-09-11-s1
2026-09-11 15:54:50+00:00,bench-05,2006,64.5,0,auto,-42.6,5699665,40,70,2026-09-11-s1
